solid OpenSCAD_Model
  facet normal 0.427587 -0.903974 0
    outer loop
      vertex 41.6813 -26.7661 2
      vertex 42.187 -26.5269 9.99
      vertex 41.6813 -26.7661 9.99
    endloop
  endfacet
  facet normal 0.427587 -0.903974 0
    outer loop
      vertex 42.187 -26.5269 9.99
      vertex 41.6813 -26.7661 2
      vertex 42.187 -26.5269 2
    endloop
  endfacet
  facet normal 0.671578 -0.740934 0
    outer loop
      vertex 43.116 -25.9062 2
      vertex 43.5305 -25.5305 9.99
      vertex 43.116 -25.9062 9.99
    endloop
  endfacet
  facet normal 0.671578 -0.740934 0
    outer loop
      vertex 43.5305 -25.5305 9.99
      vertex 43.116 -25.9062 2
      vertex 43.5305 -25.5305 2
    endloop
  endfacet
  facet normal 0.595672 -0.803228 0
    outer loop
      vertex 42.6667 -26.2394 2
      vertex 43.116 -25.9062 9.99
      vertex 42.6667 -26.2394 9.99
    endloop
  endfacet
  facet normal 0.595672 -0.803228 0
    outer loop
      vertex 43.116 -25.9062 9.99
      vertex 42.6667 -26.2394 2
      vertex 43.116 -25.9062 2
    endloop
  endfacet
  facet normal 0.514075 -0.857745 0
    outer loop
      vertex 42.187 -26.5269 2
      vertex 42.6667 -26.2394 9.99
      vertex 42.187 -26.5269 9.99
    endloop
  endfacet
  facet normal 0.514075 -0.857745 0
    outer loop
      vertex 42.6667 -26.2394 9.99
      vertex 42.187 -26.5269 2
      vertex 42.6667 -26.2394 2
    endloop
  endfacet
  facet normal -0.0491619 -0.998791 0
    outer loop
      vertex -40.0587 -27.1725 2
      vertex -39.5 -27.2 9.99
      vertex -40.0587 -27.1725 9.99
    endloop
  endfacet
  facet normal -0.0491619 -0.998791 -0
    outer loop
      vertex -39.5 -27.2 9.99
      vertex -40.0587 -27.1725 2
      vertex -39.5 -27.2 2
    endloop
  endfacet
  facet normal -0.514075 0.857745 0
    outer loop
      vertex -42.187 26.5269 2
      vertex -42.6667 26.2394 9.99
      vertex -42.187 26.5269 9.99
    endloop
  endfacet
  facet normal -0.514075 0.857745 0
    outer loop
      vertex -42.6667 26.2394 9.99
      vertex -42.187 26.5269 2
      vertex -42.6667 26.2394 2
    endloop
  endfacet
  facet normal -0.998791 0.0491619 0
    outer loop
      vertex -45.2 21.5 2
      vertex -45.1725 22.0587 9.99
      vertex -45.1725 22.0587 2
    endloop
  endfacet
  facet normal -0.998791 0.0491619 0
    outer loop
      vertex -45.1725 22.0587 9.99
      vertex -45.2 21.5 2
      vertex -45.2 21.5 9.99
    endloop
  endfacet
  facet normal 0 -1 0
    outer loop
      vertex -39.5 -27.2 2
      vertex -29.5 -27.2 9.99
      vertex -39.5 -27.2 9.99
    endloop
  endfacet
  facet normal 0 -1 -0
    outer loop
      vertex -29.5 -27.2 9.99
      vertex -39.5 -27.2 2
      vertex -29.5 -27.2 2
    endloop
  endfacet
  facet normal 0 -1 0
    outer loop
      vertex 29.5 -27.2 2
      vertex 39.5 -27.2 9.99
      vertex 29.5 -27.2 9.99
    endloop
  endfacet
  facet normal 0 -1 -0
    outer loop
      vertex 39.5 -27.2 9.99
      vertex 29.5 -27.2 2
      vertex 39.5 -27.2 2
    endloop
  endfacet
  facet normal 0 -1 0
    outer loop
      vertex -28 -27.2 2
      vertex -16 -27.2 9.99
      vertex -28 -27.2 9.99
    endloop
  endfacet
  facet normal 0 -1 -0
    outer loop
      vertex -16 -27.2 9.99
      vertex -28 -27.2 2
      vertex -16 -27.2 2
    endloop
  endfacet
  facet normal 0 -1 0
    outer loop
      vertex -14.5 -27.2 2
      vertex 14.5 -27.2 9.99
      vertex -14.5 -27.2 9.99
    endloop
  endfacet
  facet normal 0 -1 -0
    outer loop
      vertex 14.5 -27.2 9.99
      vertex -14.5 -27.2 2
      vertex 14.5 -27.2 2
    endloop
  endfacet
  facet normal 0 -1 0
    outer loop
      vertex 16 -27.2 2
      vertex 28 -27.2 9.99
      vertex 16 -27.2 9.99
    endloop
  endfacet
  facet normal 0 -1 -0
    outer loop
      vertex 28 -27.2 9.99
      vertex 16 -27.2 2
      vertex 28 -27.2 2
    endloop
  endfacet
  facet normal -0.857745 0.514075 0
    outer loop
      vertex -44.5269 24.187 2
      vertex -44.2394 24.6667 9.99
      vertex -44.2394 24.6667 2
    endloop
  endfacet
  facet normal -0.857745 0.514075 0
    outer loop
      vertex -44.2394 24.6667 9.99
      vertex -44.5269 24.187 2
      vertex -44.5269 24.187 9.99
    endloop
  endfacet
  facet normal -1 0 0
    outer loop
      vertex -45.2 -21.5 2
      vertex -45.2 21.5 9.99
      vertex -45.2 21.5 2
    endloop
  endfacet
  facet normal -1 -0 0
    outer loop
      vertex -45.2 21.5 9.99
      vertex -45.2 -21.5 2
      vertex -45.2 -21.5 9.99
    endloop
  endfacet
  facet normal 0 1 -0
    outer loop
      vertex 39.5 27.2 2
      vertex 29.5 27.2 9.99
      vertex 39.5 27.2 9.99
    endloop
  endfacet
  facet normal 0 1 0
    outer loop
      vertex 29.5 27.2 9.99
      vertex 39.5 27.2 2
      vertex 29.5 27.2 2
    endloop
  endfacet
  facet normal 0 1 -0
    outer loop
      vertex -29.5 27.2 2
      vertex -39.5 27.2 9.99
      vertex -29.5 27.2 9.99
    endloop
  endfacet
  facet normal 0 1 0
    outer loop
      vertex -39.5 27.2 9.99
      vertex -29.5 27.2 2
      vertex -39.5 27.2 2
    endloop
  endfacet
  facet normal 0 1 -0
    outer loop
      vertex -16 27.2 2
      vertex -28 27.2 9.99
      vertex -16 27.2 9.99
    endloop
  endfacet
  facet normal 0 1 0
    outer loop
      vertex -28 27.2 9.99
      vertex -16 27.2 2
      vertex -28 27.2 2
    endloop
  endfacet
  facet normal 0 1 -0
    outer loop
      vertex 14.5 27.2 2
      vertex -14.5 27.2 9.99
      vertex 14.5 27.2 9.99
    endloop
  endfacet
  facet normal 0 1 0
    outer loop
      vertex -14.5 27.2 9.99
      vertex 14.5 27.2 2
      vertex -14.5 27.2 2
    endloop
  endfacet
  facet normal 0 1 -0
    outer loop
      vertex 28 27.2 2
      vertex 16 27.2 9.99
      vertex 28 27.2 9.99
    endloop
  endfacet
  facet normal 0 1 0
    outer loop
      vertex 16 27.2 9.99
      vertex 28 27.2 2
      vertex 16 27.2 2
    endloop
  endfacet
  facet normal 0.0491619 0.998791 -0
    outer loop
      vertex 40.0587 27.1725 2
      vertex 39.5 27.2 9.99
      vertex 40.0587 27.1725 9.99
    endloop
  endfacet
  facet normal 0.0491619 0.998791 0
    outer loop
      vertex 39.5 27.2 9.99
      vertex 40.0587 27.1725 2
      vertex 39.5 27.2 2
    endloop
  endfacet
  facet normal 1 -0 0
    outer loop
      vertex 45.2 7.5 9.99
      vertex 45.2 21.5 2
      vertex 45.2 21.5 9.99
    endloop
  endfacet
  facet normal 1 0 0
    outer loop
      vertex 45.2 21.5 2
      vertex 45.2 7.5 9.99
      vertex 45.2 7.5 2
    endloop
  endfacet
  facet normal 1 -0 0
    outer loop
      vertex 45.2 -21.5 9.99
      vertex 45.2 -7.5 2
      vertex 45.2 -7.5 9.99
    endloop
  endfacet
  facet normal 1 0 0
    outer loop
      vertex 45.2 -7.5 2
      vertex 45.2 -21.5 9.99
      vertex 45.2 -21.5 2
    endloop
  endfacet
  facet normal -0.740934 0.671578 0
    outer loop
      vertex -43.9062 25.116 2
      vertex -43.5305 25.5305 9.99
      vertex -43.5305 25.5305 2
    endloop
  endfacet
  facet normal -0.740934 0.671578 0
    outer loop
      vertex -43.5305 25.5305 9.99
      vertex -43.9062 25.116 2
      vertex -43.9062 25.116 9.99
    endloop
  endfacet
  facet normal -0.595672 0.803228 0
    outer loop
      vertex -42.6667 26.2394 2
      vertex -43.116 25.9062 9.99
      vertex -42.6667 26.2394 9.99
    endloop
  endfacet
  facet normal -0.595672 0.803228 0
    outer loop
      vertex -43.116 25.9062 9.99
      vertex -42.6667 26.2394 2
      vertex -43.116 25.9062 2
    endloop
  endfacet
  facet normal -0.803228 0.595672 0
    outer loop
      vertex -44.2394 24.6667 2
      vertex -43.9062 25.116 9.99
      vertex -43.9062 25.116 2
    endloop
  endfacet
  facet normal -0.803228 0.595672 0
    outer loop
      vertex -43.9062 25.116 9.99
      vertex -44.2394 24.6667 2
      vertex -44.2394 24.6667 9.99
    endloop
  endfacet
  facet normal -0.941519 0.336959 0
    outer loop
      vertex -44.9546 23.1546 2
      vertex -44.7661 23.6813 9.99
      vertex -44.7661 23.6813 2
    endloop
  endfacet
  facet normal -0.941519 0.336959 0
    outer loop
      vertex -44.7661 23.6813 9.99
      vertex -44.9546 23.1546 2
      vertex -44.9546 23.1546 9.99
    endloop
  endfacet
  facet normal -0.903974 0.427587 0
    outer loop
      vertex -44.7661 23.6813 2
      vertex -44.5269 24.187 9.99
      vertex -44.5269 24.187 2
    endloop
  endfacet
  facet normal -0.903974 0.427587 0
    outer loop
      vertex -44.5269 24.187 9.99
      vertex -44.7661 23.6813 2
      vertex -44.7661 23.6813 9.99
    endloop
  endfacet
  facet normal -0.998791 -0.0491619 0
    outer loop
      vertex -45.1725 -22.0587 2
      vertex -45.2 -21.5 9.99
      vertex -45.2 -21.5 2
    endloop
  endfacet
  facet normal -0.998791 -0.0491619 0
    outer loop
      vertex -45.2 -21.5 9.99
      vertex -45.1725 -22.0587 2
      vertex -45.1725 -22.0587 9.99
    endloop
  endfacet
  facet normal 0 0 1
    outer loop
      vertex 43.8 -21.5 9.99
      vertex 45.2 -21.5 9.99
      vertex 45.2 -7.5 9.99
    endloop
  endfacet
  facet normal 0 0 1
    outer loop
      vertex 45.2 -21.5 9.99
      vertex 43.8 -21.5 9.99
      vertex 45.1725 -22.0587 9.99
    endloop
  endfacet
  facet normal -0 0 1
    outer loop
      vertex 43.7793 -21.9215 9.99
      vertex 45.1725 -22.0587 9.99
      vertex 43.8 -21.5 9.99
    endloop
  endfacet
  facet normal 0 0 1
    outer loop
      vertex 45.1725 -22.0587 9.99
      vertex 43.7793 -21.9215 9.99
      vertex 45.0905 -22.612 9.99
    endloop
  endfacet
  facet normal -0 0 1
    outer loop
      vertex 43.7174 -22.3389 9.99
      vertex 45.0905 -22.612 9.99
      vertex 43.7793 -21.9215 9.99
    endloop
  endfacet
  facet normal 0 0 1
    outer loop
      vertex 45.0905 -22.612 9.99
      vertex 43.7174 -22.3389 9.99
      vertex 44.9546 -23.1546 9.99
    endloop
  endfacet
  facet normal -0 0 1
    outer loop
      vertex 43.6148 -22.7482 9.99
      vertex 44.9546 -23.1546 9.99
      vertex 43.7174 -22.3389 9.99
    endloop
  endfacet
  facet normal 0 0 1
    outer loop
      vertex 43.8 -21.5 9.99
      vertex 45.2 -7.5 9.99
      vertex 43.8 -7.5 9.99
    endloop
  endfacet
  facet normal 0 0 1
    outer loop
      vertex 44.9546 -23.1546 9.99
      vertex 43.6148 -22.7482 9.99
      vertex 44.7661 -23.6813 9.99
    endloop
  endfacet
  facet normal -0 0 1
    outer loop
      vertex 43.4727 -23.1455 9.99
      vertex 44.7661 -23.6813 9.99
      vertex 43.6148 -22.7482 9.99
    endloop
  endfacet
  facet normal 0 0 1
    outer loop
      vertex 44.7661 -23.6813 9.99
      vertex 43.4727 -23.1455 9.99
      vertex 44.5269 -24.187 9.99
    endloop
  endfacet
  facet normal -0 0 1
    outer loop
      vertex 43.2923 -23.527 9.99
      vertex 44.5269 -24.187 9.99
      vertex 43.4727 -23.1455 9.99
    endloop
  endfacet
  facet normal 0 0 1
    outer loop
      vertex 44.5269 -24.187 9.99
      vertex 43.2923 -23.527 9.99
      vertex 44.2394 -24.6667 9.99
    endloop
  endfacet
  facet normal -0 0 1
    outer loop
      vertex 43.0753 -23.8889 9.99
      vertex 44.2394 -24.6667 9.99
      vertex 43.2923 -23.527 9.99
    endloop
  endfacet
  facet normal 0 0 1
    outer loop
      vertex 44.2394 -24.6667 9.99
      vertex 43.0753 -23.8889 9.99
      vertex 43.9062 -25.116 9.99
    endloop
  endfacet
  facet normal -0 0 1
    outer loop
      vertex 42.8239 -24.2279 9.99
      vertex 43.9062 -25.116 9.99
      vertex 43.0753 -23.8889 9.99
    endloop
  endfacet
  facet normal 0 0 1
    outer loop
      vertex 43.9062 -25.116 9.99
      vertex 42.8239 -24.2279 9.99
      vertex 43.5305 -25.5305 9.99
    endloop
  endfacet
  facet normal -0 0 1
    outer loop
      vertex 42.5405 -24.5405 9.99
      vertex 43.5305 -25.5305 9.99
      vertex 42.8239 -24.2279 9.99
    endloop
  endfacet
  facet normal 0 0 1
    outer loop
      vertex 43.5305 -25.5305 9.99
      vertex 42.5405 -24.5405 9.99
      vertex 43.116 -25.9062 9.99
    endloop
  endfacet
  facet normal -0 0 1
    outer loop
      vertex 42.2279 -24.8239 9.99
      vertex 43.116 -25.9062 9.99
      vertex 42.5405 -24.5405 9.99
    endloop
  endfacet
  facet normal 0 0 1
    outer loop
      vertex 43.116 -25.9062 9.99
      vertex 42.2279 -24.8239 9.99
      vertex 42.6667 -26.2394 9.99
    endloop
  endfacet
  facet normal -0 0 1
    outer loop
      vertex 41.8889 -25.0753 9.99
      vertex 42.6667 -26.2394 9.99
      vertex 42.2279 -24.8239 9.99
    endloop
  endfacet
  facet normal 0 0 1
    outer loop
      vertex 42.6667 -26.2394 9.99
      vertex 41.8889 -25.0753 9.99
      vertex 42.187 -26.5269 9.99
    endloop
  endfacet
  facet normal -0 0 1
    outer loop
      vertex 41.527 -25.2923 9.99
      vertex 42.187 -26.5269 9.99
      vertex 41.8889 -25.0753 9.99
    endloop
  endfacet
  facet normal 0 0 1
    outer loop
      vertex 42.187 -26.5269 9.99
      vertex 41.527 -25.2923 9.99
      vertex 41.6813 -26.7661 9.99
    endloop
  endfacet
  facet normal -0 0 1
    outer loop
      vertex 41.1455 -25.4727 9.99
      vertex 41.6813 -26.7661 9.99
      vertex 41.527 -25.2923 9.99
    endloop
  endfacet
  facet normal 0 0 1
    outer loop
      vertex 41.6813 -26.7661 9.99
      vertex 41.1455 -25.4727 9.99
      vertex 41.1546 -26.9546 9.99
    endloop
  endfacet
  facet normal -0 0 1
    outer loop
      vertex 40.7482 -25.6148 9.99
      vertex 41.1546 -26.9546 9.99
      vertex 41.1455 -25.4727 9.99
    endloop
  endfacet
  facet normal 0 0 1
    outer loop
      vertex 40.7482 -25.6148 9.99
      vertex 40.612 -27.0905 9.99
      vertex 41.1546 -26.9546 9.99
    endloop
  endfacet
  facet normal -0 0 1
    outer loop
      vertex 40.3389 -25.7174 9.99
      vertex 40.612 -27.0905 9.99
      vertex 40.7482 -25.6148 9.99
    endloop
  endfacet
  facet normal 0 0 1
    outer loop
      vertex 40.3389 -25.7174 9.99
      vertex 40.0587 -27.1725 9.99
      vertex 40.612 -27.0905 9.99
    endloop
  endfacet
  facet normal -0 0 1
    outer loop
      vertex 39.9215 -25.7793 9.99
      vertex 40.0587 -27.1725 9.99
      vertex 40.3389 -25.7174 9.99
    endloop
  endfacet
  facet normal 0 0 1
    outer loop
      vertex 39.9215 -25.7793 9.99
      vertex 39.5 -27.2 9.99
      vertex 40.0587 -27.1725 9.99
    endloop
  endfacet
  facet normal -0 0 1
    outer loop
      vertex 39.5 -25.8 9.99
      vertex 39.5 -27.2 9.99
      vertex 39.9215 -25.7793 9.99
    endloop
  endfacet
  facet normal -0 0 1
    outer loop
      vertex 29.5 -25.8 9.99
      vertex 39.5 -27.2 9.99
      vertex 39.5 -25.8 9.99
    endloop
  endfacet
  facet normal 0 0 1
    outer loop
      vertex 39.5 -27.2 9.99
      vertex 29.5 -25.8 9.99
      vertex 29.5 -27.2 9.99
    endloop
  endfacet
  facet normal 0 0 1
    outer loop
      vertex 45.1725 22.0587 9.99
      vertex 43.7793 21.9215 9.99
      vertex 43.8 21.5 9.99
    endloop
  endfacet
  facet normal 0 0 1
    outer loop
      vertex 44.2394 24.6667 9.99
      vertex 43.7174 22.3389 9.99
      vertex 43.7793 21.9215 9.99
    endloop
  endfacet
  facet normal 0 0 1
    outer loop
      vertex 44.2394 24.6667 9.99
      vertex 43.6148 22.7482 9.99
      vertex 43.7174 22.3389 9.99
    endloop
  endfacet
  facet normal 0 0 1
    outer loop
      vertex 42.8239 24.2279 9.99
      vertex 43.9062 25.116 9.99
      vertex 43.5305 25.5305 9.99
    endloop
  endfacet
  facet normal 0 0 1
    outer loop
      vertex 44.2394 24.6667 9.99
      vertex 43.4727 23.1455 9.99
      vertex 43.6148 22.7482 9.99
    endloop
  endfacet
  facet normal 0 0 1
    outer loop
      vertex 44.2394 24.6667 9.99
      vertex 43.2923 23.527 9.99
      vertex 43.4727 23.1455 9.99
    endloop
  endfacet
  facet normal 0 0 1
    outer loop
      vertex 42.5405 24.5405 9.99
      vertex 43.5305 25.5305 9.99
      vertex 43.116 25.9062 9.99
    endloop
  endfacet
  facet normal 0 0 1
    outer loop
      vertex 44.2394 24.6667 9.99
      vertex 43.0753 23.8889 9.99
      vertex 43.2923 23.527 9.99
    endloop
  endfacet
  facet normal 0 0 1
    outer loop
      vertex 43.9062 25.116 9.99
      vertex 42.8239 24.2279 9.99
      vertex 43.0753 23.8889 9.99
    endloop
  endfacet
  facet normal 0 0 1
    outer loop
      vertex 42.2279 24.8239 9.99
      vertex 43.116 25.9062 9.99
      vertex 42.6667 26.2394 9.99
    endloop
  endfacet
  facet normal 0 0 1
    outer loop
      vertex 43.5305 25.5305 9.99
      vertex 42.5405 24.5405 9.99
      vertex 42.8239 24.2279 9.99
    endloop
  endfacet
  facet normal 0 0 1
    outer loop
      vertex 43.116 25.9062 9.99
      vertex 42.2279 24.8239 9.99
      vertex 42.5405 24.5405 9.99
    endloop
  endfacet
  facet normal 0 0 1
    outer loop
      vertex 41.8889 25.0753 9.99
      vertex 42.6667 26.2394 9.99
      vertex 42.187 26.5269 9.99
    endloop
  endfacet
  facet normal 0 0 1
    outer loop
      vertex 42.6667 26.2394 9.99
      vertex 41.8889 25.0753 9.99
      vertex 42.2279 24.8239 9.99
    endloop
  endfacet
  facet normal 0 0 1
    outer loop
      vertex 41.527 25.2923 9.99
      vertex 42.187 26.5269 9.99
      vertex 41.6813 26.7661 9.99
    endloop
  endfacet
  facet normal 0 0 1
    outer loop
      vertex 42.187 26.5269 9.99
      vertex 41.527 25.2923 9.99
      vertex 41.8889 25.0753 9.99
    endloop
  endfacet
  facet normal 0 0 1
    outer loop
      vertex 41.1455 25.4727 9.99
      vertex 41.6813 26.7661 9.99
      vertex 41.1546 26.9546 9.99
    endloop
  endfacet
  facet normal 0 0 1
    outer loop
      vertex 41.6813 26.7661 9.99
      vertex 41.1455 25.4727 9.99
      vertex 41.527 25.2923 9.99
    endloop
  endfacet
  facet normal 0 0 1
    outer loop
      vertex 41.1546 26.9546 9.99
      vertex 40.7482 25.6148 9.99
      vertex 41.1455 25.4727 9.99
    endloop
  endfacet
  facet normal 0 0 1
    outer loop
      vertex 40.612 27.0905 9.99
      vertex 40.7482 25.6148 9.99
      vertex 41.1546 26.9546 9.99
    endloop
  endfacet
  facet normal 0 0 1
    outer loop
      vertex 40.612 27.0905 9.99
      vertex 40.3389 25.7174 9.99
      vertex 40.7482 25.6148 9.99
    endloop
  endfacet
  facet normal 0 0 1
    outer loop
      vertex 40.0587 27.1725 9.99
      vertex 40.3389 25.7174 9.99
      vertex 40.612 27.0905 9.99
    endloop
  endfacet
  facet normal 0 0 1
    outer loop
      vertex 40.0587 27.1725 9.99
      vertex 39.9215 25.7793 9.99
      vertex 40.3389 25.7174 9.99
    endloop
  endfacet
  facet normal 0 0 1
    outer loop
      vertex 39.5 27.2 9.99
      vertex 39.9215 25.7793 9.99
      vertex 40.0587 27.1725 9.99
    endloop
  endfacet
  facet normal 0 0 1
    outer loop
      vertex 39.5 27.2 9.99
      vertex 39.5 25.8 9.99
      vertex 39.9215 25.7793 9.99
    endloop
  endfacet
  facet normal -0 0 1
    outer loop
      vertex 29.5 27.2 9.99
      vertex 39.5 25.8 9.99
      vertex 39.5 27.2 9.99
    endloop
  endfacet
  facet normal 0 0 1
    outer loop
      vertex 39.5 25.8 9.99
      vertex 29.5 27.2 9.99
      vertex 29.5 25.8 9.99
    endloop
  endfacet
  facet normal 0 0 1
    outer loop
      vertex 43.8 21.5 9.99
      vertex 45.2 21.5 9.99
      vertex 45.1725 22.0587 9.99
    endloop
  endfacet
  facet normal 0 0 1
    outer loop
      vertex 43.7793 21.9215 9.99
      vertex 45.1725 22.0587 9.99
      vertex 45.0905 22.612 9.99
    endloop
  endfacet
  facet normal 0 0 1
    outer loop
      vertex 43.7793 21.9215 9.99
      vertex 45.0905 22.612 9.99
      vertex 44.9546 23.1546 9.99
    endloop
  endfacet
  facet normal 0 0 1
    outer loop
      vertex 43.7793 21.9215 9.99
      vertex 44.9546 23.1546 9.99
      vertex 44.7661 23.6813 9.99
    endloop
  endfacet
  facet normal 0 0 1
    outer loop
      vertex 43.7793 21.9215 9.99
      vertex 44.7661 23.6813 9.99
      vertex 44.5269 24.187 9.99
    endloop
  endfacet
  facet normal 0 0 1
    outer loop
      vertex 43.7793 21.9215 9.99
      vertex 44.5269 24.187 9.99
      vertex 44.2394 24.6667 9.99
    endloop
  endfacet
  facet normal 0 0 1
    outer loop
      vertex 43.0753 23.8889 9.99
      vertex 44.2394 24.6667 9.99
      vertex 43.9062 25.116 9.99
    endloop
  endfacet
  facet normal 0 0 1
    outer loop
      vertex 45.2 21.5 9.99
      vertex 43.8 21.5 9.99
      vertex 45.2 7.5 9.99
    endloop
  endfacet
  facet normal 0 0 1
    outer loop
      vertex 45.2 7.5 9.99
      vertex 43.8 21.5 9.99
      vertex 43.8 7.5 9.99
    endloop
  endfacet
  facet normal 0 0 1
    outer loop
      vertex -29.5 27.2 9.99
      vertex -39.5 25.8 9.99
      vertex -29.5 25.8 9.99
    endloop
  endfacet
  facet normal -0 0 1
    outer loop
      vertex -39.5 27.2 9.99
      vertex -39.5 25.8 9.99
      vertex -29.5 27.2 9.99
    endloop
  endfacet
  facet normal 0 0 1
    outer loop
      vertex -39.5 27.2 9.99
      vertex -39.9215 25.7793 9.99
      vertex -39.5 25.8 9.99
    endloop
  endfacet
  facet normal -0 0 1
    outer loop
      vertex -40.0587 27.1725 9.99
      vertex -39.9215 25.7793 9.99
      vertex -39.5 27.2 9.99
    endloop
  endfacet
  facet normal 0 0 1
    outer loop
      vertex -40.0587 27.1725 9.99
      vertex -40.3389 25.7174 9.99
      vertex -39.9215 25.7793 9.99
    endloop
  endfacet
  facet normal -0 0 1
    outer loop
      vertex -40.612 27.0905 9.99
      vertex -40.3389 25.7174 9.99
      vertex -40.0587 27.1725 9.99
    endloop
  endfacet
  facet normal 0 0 1
    outer loop
      vertex -40.612 27.0905 9.99
      vertex -40.7482 25.6148 9.99
      vertex -40.3389 25.7174 9.99
    endloop
  endfacet
  facet normal -0 0 1
    outer loop
      vertex -41.1546 26.9546 9.99
      vertex -40.7482 25.6148 9.99
      vertex -40.612 27.0905 9.99
    endloop
  endfacet
  facet normal 0 0 1
    outer loop
      vertex -40.7482 25.6148 9.99
      vertex -41.1546 26.9546 9.99
      vertex -41.1455 25.4727 9.99
    endloop
  endfacet
  facet normal -0 0 1
    outer loop
      vertex -41.6813 26.7661 9.99
      vertex -41.1455 25.4727 9.99
      vertex -41.1546 26.9546 9.99
    endloop
  endfacet
  facet normal 0 0 1
    outer loop
      vertex -41.1455 25.4727 9.99
      vertex -41.6813 26.7661 9.99
      vertex -41.527 25.2923 9.99
    endloop
  endfacet
  facet normal -0 0 1
    outer loop
      vertex -42.187 26.5269 9.99
      vertex -41.527 25.2923 9.99
      vertex -41.6813 26.7661 9.99
    endloop
  endfacet
  facet normal 0 0 1
    outer loop
      vertex -41.527 25.2923 9.99
      vertex -42.187 26.5269 9.99
      vertex -41.8889 25.0753 9.99
    endloop
  endfacet
  facet normal -0 0 1
    outer loop
      vertex -42.6667 26.2394 9.99
      vertex -41.8889 25.0753 9.99
      vertex -42.187 26.5269 9.99
    endloop
  endfacet
  facet normal 0 0 1
    outer loop
      vertex -41.8889 25.0753 9.99
      vertex -42.6667 26.2394 9.99
      vertex -42.2279 24.8239 9.99
    endloop
  endfacet
  facet normal -0 0 1
    outer loop
      vertex -43.116 25.9062 9.99
      vertex -42.2279 24.8239 9.99
      vertex -42.6667 26.2394 9.99
    endloop
  endfacet
  facet normal 0 0 1
    outer loop
      vertex -42.2279 24.8239 9.99
      vertex -43.116 25.9062 9.99
      vertex -42.5405 24.5405 9.99
    endloop
  endfacet
  facet normal -0 0 1
    outer loop
      vertex -43.5305 25.5305 9.99
      vertex -42.5405 24.5405 9.99
      vertex -43.116 25.9062 9.99
    endloop
  endfacet
  facet normal 0 0 1
    outer loop
      vertex -42.5405 24.5405 9.99
      vertex -43.5305 25.5305 9.99
      vertex -42.8239 24.2279 9.99
    endloop
  endfacet
  facet normal -0 0 1
    outer loop
      vertex -43.9062 25.116 9.99
      vertex -42.8239 24.2279 9.99
      vertex -43.5305 25.5305 9.99
    endloop
  endfacet
  facet normal 0 0 1
    outer loop
      vertex -42.8239 24.2279 9.99
      vertex -43.9062 25.116 9.99
      vertex -43.0753 23.8889 9.99
    endloop
  endfacet
  facet normal -0 0 1
    outer loop
      vertex -44.2394 24.6667 9.99
      vertex -43.0753 23.8889 9.99
      vertex -43.9062 25.116 9.99
    endloop
  endfacet
  facet normal 0 0 1
    outer loop
      vertex -43.0753 23.8889 9.99
      vertex -44.2394 24.6667 9.99
      vertex -43.2923 23.527 9.99
    endloop
  endfacet
  facet normal -0 0 1
    outer loop
      vertex -44.5269 24.187 9.99
      vertex -43.2923 23.527 9.99
      vertex -44.2394 24.6667 9.99
    endloop
  endfacet
  facet normal 0 0 1
    outer loop
      vertex -43.2923 23.527 9.99
      vertex -44.5269 24.187 9.99
      vertex -43.4727 23.1455 9.99
    endloop
  endfacet
  facet normal -0 0 1
    outer loop
      vertex -44.9546 23.1546 9.99
      vertex -43.6148 22.7482 9.99
      vertex -44.7661 23.6813 9.99
    endloop
  endfacet
  facet normal 0 0 1
    outer loop
      vertex -43.4727 23.1455 9.99
      vertex -44.7661 23.6813 9.99
      vertex -43.6148 22.7482 9.99
    endloop
  endfacet
  facet normal -0 0 1
    outer loop
      vertex -44.7661 23.6813 9.99
      vertex -43.4727 23.1455 9.99
      vertex -44.5269 24.187 9.99
    endloop
  endfacet
  facet normal -0 0 1
    outer loop
      vertex -39.5 -25.8 9.99
      vertex -29.5 -27.2 9.99
      vertex -29.5 -25.8 9.99
    endloop
  endfacet
  facet normal 0 0 1
    outer loop
      vertex -39.5 -25.8 9.99
      vertex -39.5 -27.2 9.99
      vertex -29.5 -27.2 9.99
    endloop
  endfacet
  facet normal 0 0 1
    outer loop
      vertex -39.9215 -25.7793 9.99
      vertex -39.5 -27.2 9.99
      vertex -39.5 -25.8 9.99
    endloop
  endfacet
  facet normal 0 0 1
    outer loop
      vertex -39.9215 -25.7793 9.99
      vertex -40.0587 -27.1725 9.99
      vertex -39.5 -27.2 9.99
    endloop
  endfacet
  facet normal 0 0 1
    outer loop
      vertex -40.3389 -25.7174 9.99
      vertex -40.0587 -27.1725 9.99
      vertex -39.9215 -25.7793 9.99
    endloop
  endfacet
  facet normal 0 0 1
    outer loop
      vertex -40.3389 -25.7174 9.99
      vertex -40.612 -27.0905 9.99
      vertex -40.0587 -27.1725 9.99
    endloop
  endfacet
  facet normal 0 0 1
    outer loop
      vertex -40.7482 -25.6148 9.99
      vertex -40.612 -27.0905 9.99
      vertex -40.3389 -25.7174 9.99
    endloop
  endfacet
  facet normal 0 0 1
    outer loop
      vertex -41.1546 -26.9546 9.99
      vertex -40.7482 -25.6148 9.99
      vertex -41.1455 -25.4727 9.99
    endloop
  endfacet
  facet normal 0 0 1
    outer loop
      vertex -40.7482 -25.6148 9.99
      vertex -41.1546 -26.9546 9.99
      vertex -40.612 -27.0905 9.99
    endloop
  endfacet
  facet normal 0 0 1
    outer loop
      vertex -41.6813 -26.7661 9.99
      vertex -41.1455 -25.4727 9.99
      vertex -41.527 -25.2923 9.99
    endloop
  endfacet
  facet normal 0 0 1
    outer loop
      vertex -41.1455 -25.4727 9.99
      vertex -41.6813 -26.7661 9.99
      vertex -41.1546 -26.9546 9.99
    endloop
  endfacet
  facet normal 0 0 1
    outer loop
      vertex -42.187 -26.5269 9.99
      vertex -41.527 -25.2923 9.99
      vertex -41.8889 -25.0753 9.99
    endloop
  endfacet
  facet normal 0 0 1
    outer loop
      vertex -41.527 -25.2923 9.99
      vertex -42.187 -26.5269 9.99
      vertex -41.6813 -26.7661 9.99
    endloop
  endfacet
  facet normal 0 0 1
    outer loop
      vertex -42.6667 -26.2394 9.99
      vertex -41.8889 -25.0753 9.99
      vertex -42.2279 -24.8239 9.99
    endloop
  endfacet
  facet normal 0 0 1
    outer loop
      vertex -43.116 -25.9062 9.99
      vertex -42.2279 -24.8239 9.99
      vertex -42.5405 -24.5405 9.99
    endloop
  endfacet
  facet normal 0 0 1
    outer loop
      vertex -41.8889 -25.0753 9.99
      vertex -42.6667 -26.2394 9.99
      vertex -42.187 -26.5269 9.99
    endloop
  endfacet
  facet normal 0 0 1
    outer loop
      vertex -43.5305 -25.5305 9.99
      vertex -42.5405 -24.5405 9.99
      vertex -42.8239 -24.2279 9.99
    endloop
  endfacet
  facet normal 0 0 1
    outer loop
      vertex -43.9062 -25.116 9.99
      vertex -42.8239 -24.2279 9.99
      vertex -43.0753 -23.8889 9.99
    endloop
  endfacet
  facet normal 0 0 1
    outer loop
      vertex -42.2279 -24.8239 9.99
      vertex -43.116 -25.9062 9.99
      vertex -42.6667 -26.2394 9.99
    endloop
  endfacet
  facet normal 0 0 1
    outer loop
      vertex -44.2394 -24.6667 9.99
      vertex -43.0753 -23.8889 9.99
      vertex -43.2923 -23.527 9.99
    endloop
  endfacet
  facet normal 0 0 1
    outer loop
      vertex -44.5269 -24.187 9.99
      vertex -43.2923 -23.527 9.99
      vertex -43.4727 -23.1455 9.99
    endloop
  endfacet
  facet normal 0 0 1
    outer loop
      vertex -42.5405 -24.5405 9.99
      vertex -43.5305 -25.5305 9.99
      vertex -43.116 -25.9062 9.99
    endloop
  endfacet
  facet normal 0 0 1
    outer loop
      vertex -44.7661 -23.6813 9.99
      vertex -43.4727 -23.1455 9.99
      vertex -43.6148 -22.7482 9.99
    endloop
  endfacet
  facet normal 0 0 1
    outer loop
      vertex -44.9546 -23.1546 9.99
      vertex -43.6148 -22.7482 9.99
      vertex -43.7174 -22.3389 9.99
    endloop
  endfacet
  facet normal 0 0 1
    outer loop
      vertex -45.0905 -22.612 9.99
      vertex -43.7174 -22.3389 9.99
      vertex -43.7793 -21.9215 9.99
    endloop
  endfacet
  facet normal 0 0 1
    outer loop
      vertex -42.8239 -24.2279 9.99
      vertex -43.9062 -25.116 9.99
      vertex -43.5305 -25.5305 9.99
    endloop
  endfacet
  facet normal 0 0 1
    outer loop
      vertex -45.1725 -22.0587 9.99
      vertex -43.7793 -21.9215 9.99
      vertex -43.8 -21.5 9.99
    endloop
  endfacet
  facet normal 0 0 1
    outer loop
      vertex -43.8 21.5 9.99
      vertex -45.2 21.5 9.99
      vertex -43.8 -21.5 9.99
    endloop
  endfacet
  facet normal 0 0 1
    outer loop
      vertex -43.6148 22.7482 9.99
      vertex -44.9546 23.1546 9.99
      vertex -43.7174 22.3389 9.99
    endloop
  endfacet
  facet normal 0 0 1
    outer loop
      vertex -45.2 -21.5 9.99
      vertex -43.8 -21.5 9.99
      vertex -45.2 21.5 9.99
    endloop
  endfacet
  facet normal -0 0 1
    outer loop
      vertex -45.0905 22.612 9.99
      vertex -43.7174 22.3389 9.99
      vertex -44.9546 23.1546 9.99
    endloop
  endfacet
  facet normal 0 -0 1
    outer loop
      vertex -45.1725 -22.0587 9.99
      vertex -43.8 -21.5 9.99
      vertex -45.2 -21.5 9.99
    endloop
  endfacet
  facet normal 0 0 1
    outer loop
      vertex -43.7174 22.3389 9.99
      vertex -45.0905 22.612 9.99
      vertex -43.7793 21.9215 9.99
    endloop
  endfacet
  facet normal 0 0 1
    outer loop
      vertex -43.0753 -23.8889 9.99
      vertex -44.2394 -24.6667 9.99
      vertex -43.9062 -25.116 9.99
    endloop
  endfacet
  facet normal -0 0 1
    outer loop
      vertex -45.1725 22.0587 9.99
      vertex -43.7793 21.9215 9.99
      vertex -45.0905 22.612 9.99
    endloop
  endfacet
  facet normal 0 0 1
    outer loop
      vertex -43.2923 -23.527 9.99
      vertex -44.5269 -24.187 9.99
      vertex -44.2394 -24.6667 9.99
    endloop
  endfacet
  facet normal 0 0 1
    outer loop
      vertex -43.7793 21.9215 9.99
      vertex -45.1725 22.0587 9.99
      vertex -43.8 21.5 9.99
    endloop
  endfacet
  facet normal 0 0 1
    outer loop
      vertex -43.4727 -23.1455 9.99
      vertex -44.7661 -23.6813 9.99
      vertex -44.5269 -24.187 9.99
    endloop
  endfacet
  facet normal 0 0 1
    outer loop
      vertex -43.8 21.5 9.99
      vertex -45.1725 22.0587 9.99
      vertex -45.2 21.5 9.99
    endloop
  endfacet
  facet normal 0 0 1
    outer loop
      vertex -43.6148 -22.7482 9.99
      vertex -44.9546 -23.1546 9.99
      vertex -44.7661 -23.6813 9.99
    endloop
  endfacet
  facet normal 0 0 1
    outer loop
      vertex -43.7174 -22.3389 9.99
      vertex -45.0905 -22.612 9.99
      vertex -44.9546 -23.1546 9.99
    endloop
  endfacet
  facet normal 0 0 1
    outer loop
      vertex -43.7793 -21.9215 9.99
      vertex -45.1725 -22.0587 9.99
      vertex -45.0905 -22.612 9.99
    endloop
  endfacet
  facet normal -0 0 1
    outer loop
      vertex -28 27.2 9.99
      vertex -16 25.8 9.99
      vertex -16 27.2 9.99
    endloop
  endfacet
  facet normal 0 0 1
    outer loop
      vertex -16 25.8 9.99
      vertex -28 27.2 9.99
      vertex -28 25.8 9.99
    endloop
  endfacet
  facet normal -0 0 1
    outer loop
      vertex -14.5 27.2 9.99
      vertex 14.5 25.8 9.99
      vertex 14.5 27.2 9.99
    endloop
  endfacet
  facet normal 0 0 1
    outer loop
      vertex 14.5 25.8 9.99
      vertex -14.5 27.2 9.99
      vertex -14.5 25.8 9.99
    endloop
  endfacet
  facet normal -0 0 1
    outer loop
      vertex 16 27.2 9.99
      vertex 28 25.8 9.99
      vertex 28 27.2 9.99
    endloop
  endfacet
  facet normal 0 0 1
    outer loop
      vertex 28 25.8 9.99
      vertex 16 27.2 9.99
      vertex 16 25.8 9.99
    endloop
  endfacet
  facet normal -0 0 1
    outer loop
      vertex -28 -25.8 9.99
      vertex -16 -27.2 9.99
      vertex -16 -25.8 9.99
    endloop
  endfacet
  facet normal 0 0 1
    outer loop
      vertex -16 -27.2 9.99
      vertex -28 -25.8 9.99
      vertex -28 -27.2 9.99
    endloop
  endfacet
  facet normal -0 0 1
    outer loop
      vertex -14.5 -25.8 9.99
      vertex 14.5 -27.2 9.99
      vertex 14.5 -25.8 9.99
    endloop
  endfacet
  facet normal 0 0 1
    outer loop
      vertex 14.5 -27.2 9.99
      vertex -14.5 -25.8 9.99
      vertex -14.5 -27.2 9.99
    endloop
  endfacet
  facet normal -0 0 1
    outer loop
      vertex 16 -25.8 9.99
      vertex 28 -27.2 9.99
      vertex 28 -25.8 9.99
    endloop
  endfacet
  facet normal 0 0 1
    outer loop
      vertex 28 -27.2 9.99
      vertex 16 -25.8 9.99
      vertex 16 -27.2 9.99
    endloop
  endfacet
  facet normal -0.514075 -0.857745 0
    outer loop
      vertex -42.6667 -26.2394 2
      vertex -42.187 -26.5269 9.99
      vertex -42.6667 -26.2394 9.99
    endloop
  endfacet
  facet normal -0.514075 -0.857745 -0
    outer loop
      vertex -42.187 -26.5269 9.99
      vertex -42.6667 -26.2394 2
      vertex -42.187 -26.5269 2
    endloop
  endfacet
  facet normal -0.336959 -0.941519 0
    outer loop
      vertex -41.6813 -26.7661 2
      vertex -41.1546 -26.9546 9.99
      vertex -41.6813 -26.7661 9.99
    endloop
  endfacet
  facet normal -0.336959 -0.941519 -0
    outer loop
      vertex -41.1546 -26.9546 9.99
      vertex -41.6813 -26.7661 2
      vertex -41.1546 -26.9546 2
    endloop
  endfacet
  facet normal -0.242956 -0.970037 0
    outer loop
      vertex -41.1546 -26.9546 2
      vertex -40.612 -27.0905 9.99
      vertex -41.1546 -26.9546 9.99
    endloop
  endfacet
  facet normal -0.242956 -0.970037 -0
    outer loop
      vertex -40.612 -27.0905 9.99
      vertex -41.1546 -26.9546 2
      vertex -40.612 -27.0905 2
    endloop
  endfacet
  facet normal 0.0491619 -0.998791 0
    outer loop
      vertex 39.5 -27.2 2
      vertex 40.0587 -27.1725 9.99
      vertex 39.5 -27.2 9.99
    endloop
  endfacet
  facet normal 0.0491619 -0.998791 0
    outer loop
      vertex 40.0587 -27.1725 9.99
      vertex 39.5 -27.2 2
      vertex 40.0587 -27.1725 2
    endloop
  endfacet
  facet normal 0.242956 -0.970037 0
    outer loop
      vertex 40.612 -27.0905 2
      vertex 41.1546 -26.9546 9.99
      vertex 40.612 -27.0905 9.99
    endloop
  endfacet
  facet normal 0.242956 -0.970037 0
    outer loop
      vertex 41.1546 -26.9546 9.99
      vertex 40.612 -27.0905 2
      vertex 41.1546 -26.9546 2
    endloop
  endfacet
  facet normal 0.336959 0.941519 -0
    outer loop
      vertex 41.6813 26.7661 2
      vertex 41.1546 26.9546 9.99
      vertex 41.6813 26.7661 9.99
    endloop
  endfacet
  facet normal 0.336959 0.941519 0
    outer loop
      vertex 41.1546 26.9546 9.99
      vertex 41.6813 26.7661 2
      vertex 41.1546 26.9546 2
    endloop
  endfacet
  facet normal 0.903974 0.427587 0
    outer loop
      vertex 44.7661 23.6813 9.99
      vertex 44.5269 24.187 2
      vertex 44.5269 24.187 9.99
    endloop
  endfacet
  facet normal 0.903974 0.427587 0
    outer loop
      vertex 44.5269 24.187 2
      vertex 44.7661 23.6813 9.99
      vertex 44.7661 23.6813 2
    endloop
  endfacet
  facet normal 0.595672 0.803228 -0
    outer loop
      vertex 43.116 25.9062 2
      vertex 42.6667 26.2394 9.99
      vertex 43.116 25.9062 9.99
    endloop
  endfacet
  facet normal 0.595672 0.803228 0
    outer loop
      vertex 42.6667 26.2394 9.99
      vertex 43.116 25.9062 2
      vertex 42.6667 26.2394 2
    endloop
  endfacet
  facet normal -0.671578 0.740934 0
    outer loop
      vertex -43.116 25.9062 2
      vertex -43.5305 25.5305 9.99
      vertex -43.116 25.9062 9.99
    endloop
  endfacet
  facet normal -0.671578 0.740934 0
    outer loop
      vertex -43.5305 25.5305 9.99
      vertex -43.116 25.9062 2
      vertex -43.5305 25.5305 2
    endloop
  endfacet
  facet normal -0.970037 0.242956 0
    outer loop
      vertex -45.0905 22.612 2
      vertex -44.9546 23.1546 9.99
      vertex -44.9546 23.1546 2
    endloop
  endfacet
  facet normal -0.970037 0.242956 0
    outer loop
      vertex -44.9546 23.1546 9.99
      vertex -45.0905 22.612 2
      vertex -45.0905 22.612 9.99
    endloop
  endfacet
  facet normal -0.989196 0.1466 0
    outer loop
      vertex -45.1725 22.0587 2
      vertex -45.0905 22.612 9.99
      vertex -45.0905 22.612 2
    endloop
  endfacet
  facet normal -0.989196 0.1466 0
    outer loop
      vertex -45.0905 22.612 9.99
      vertex -45.1725 22.0587 2
      vertex -45.1725 22.0587 9.99
    endloop
  endfacet
  facet normal -0.989196 -0.1466 0
    outer loop
      vertex -45.0905 -22.612 2
      vertex -45.1725 -22.0587 9.99
      vertex -45.1725 -22.0587 2
    endloop
  endfacet
  facet normal -0.989196 -0.1466 0
    outer loop
      vertex -45.1725 -22.0587 9.99
      vertex -45.0905 -22.612 2
      vertex -45.0905 -22.612 9.99
    endloop
  endfacet
  facet normal -0.941519 -0.336959 0
    outer loop
      vertex -44.7661 -23.6813 2
      vertex -44.9546 -23.1546 9.99
      vertex -44.9546 -23.1546 2
    endloop
  endfacet
  facet normal -0.941519 -0.336959 0
    outer loop
      vertex -44.9546 -23.1546 9.99
      vertex -44.7661 -23.6813 2
      vertex -44.7661 -23.6813 9.99
    endloop
  endfacet
  facet normal -0.740934 -0.671578 0
    outer loop
      vertex -43.5305 -25.5305 2
      vertex -43.9062 -25.116 9.99
      vertex -43.9062 -25.116 2
    endloop
  endfacet
  facet normal -0.740934 -0.671578 0
    outer loop
      vertex -43.9062 -25.116 9.99
      vertex -43.5305 -25.5305 2
      vertex -43.5305 -25.5305 9.99
    endloop
  endfacet
  facet normal -0.803228 -0.595672 0
    outer loop
      vertex -43.9062 -25.116 2
      vertex -44.2394 -24.6667 9.99
      vertex -44.2394 -24.6667 2
    endloop
  endfacet
  facet normal -0.803228 -0.595672 0
    outer loop
      vertex -44.2394 -24.6667 9.99
      vertex -43.9062 -25.116 2
      vertex -43.9062 -25.116 9.99
    endloop
  endfacet
  facet normal -0.671578 -0.740934 0
    outer loop
      vertex -43.5305 -25.5305 2
      vertex -43.116 -25.9062 9.99
      vertex -43.5305 -25.5305 9.99
    endloop
  endfacet
  facet normal -0.671578 -0.740934 -0
    outer loop
      vertex -43.116 -25.9062 9.99
      vertex -43.5305 -25.5305 2
      vertex -43.116 -25.9062 2
    endloop
  endfacet
  facet normal -0.427587 -0.903974 0
    outer loop
      vertex -42.187 -26.5269 2
      vertex -41.6813 -26.7661 9.99
      vertex -42.187 -26.5269 9.99
    endloop
  endfacet
  facet normal -0.427587 -0.903974 -0
    outer loop
      vertex -41.6813 -26.7661 9.99
      vertex -42.187 -26.5269 2
      vertex -41.6813 -26.7661 2
    endloop
  endfacet
  facet normal -0.1466 -0.989196 0
    outer loop
      vertex -40.612 -27.0905 2
      vertex -40.0587 -27.1725 9.99
      vertex -40.612 -27.0905 9.99
    endloop
  endfacet
  facet normal -0.1466 -0.989196 -0
    outer loop
      vertex -40.0587 -27.1725 9.99
      vertex -40.612 -27.0905 2
      vertex -40.0587 -27.1725 2
    endloop
  endfacet
  facet normal 0.1466 -0.989196 0
    outer loop
      vertex 40.0587 -27.1725 2
      vertex 40.612 -27.0905 9.99
      vertex 40.0587 -27.1725 9.99
    endloop
  endfacet
  facet normal 0.1466 -0.989196 0
    outer loop
      vertex 40.612 -27.0905 9.99
      vertex 40.0587 -27.1725 2
      vertex 40.612 -27.0905 2
    endloop
  endfacet
  facet normal 0.336959 -0.941519 0
    outer loop
      vertex 41.1546 -26.9546 2
      vertex 41.6813 -26.7661 9.99
      vertex 41.1546 -26.9546 9.99
    endloop
  endfacet
  facet normal 0.336959 -0.941519 0
    outer loop
      vertex 41.6813 -26.7661 9.99
      vertex 41.1546 -26.9546 2
      vertex 41.6813 -26.7661 2
    endloop
  endfacet
  facet normal -0.336959 0.941519 0
    outer loop
      vertex -41.1546 26.9546 2
      vertex -41.6813 26.7661 9.99
      vertex -41.1546 26.9546 9.99
    endloop
  endfacet
  facet normal -0.336959 0.941519 0
    outer loop
      vertex -41.6813 26.7661 9.99
      vertex -41.1546 26.9546 2
      vertex -41.6813 26.7661 2
    endloop
  endfacet
  facet normal -0.0491619 0.998791 0
    outer loop
      vertex -39.5 27.2 2
      vertex -40.0587 27.1725 9.99
      vertex -39.5 27.2 9.99
    endloop
  endfacet
  facet normal -0.0491619 0.998791 0
    outer loop
      vertex -40.0587 27.1725 9.99
      vertex -39.5 27.2 2
      vertex -40.0587 27.1725 2
    endloop
  endfacet
  facet normal 0.1466 0.989196 -0
    outer loop
      vertex 40.612 27.0905 2
      vertex 40.0587 27.1725 9.99
      vertex 40.612 27.0905 9.99
    endloop
  endfacet
  facet normal 0.1466 0.989196 0
    outer loop
      vertex 40.0587 27.1725 9.99
      vertex 40.612 27.0905 2
      vertex 40.0587 27.1725 2
    endloop
  endfacet
  facet normal 0.242956 0.970037 -0
    outer loop
      vertex 41.1546 26.9546 2
      vertex 40.612 27.0905 9.99
      vertex 41.1546 26.9546 9.99
    endloop
  endfacet
  facet normal 0.242956 0.970037 0
    outer loop
      vertex 40.612 27.0905 9.99
      vertex 41.1546 26.9546 2
      vertex 40.612 27.0905 2
    endloop
  endfacet
  facet normal 0.427587 0.903974 -0
    outer loop
      vertex 42.187 26.5269 2
      vertex 41.6813 26.7661 9.99
      vertex 42.187 26.5269 9.99
    endloop
  endfacet
  facet normal 0.427587 0.903974 0
    outer loop
      vertex 41.6813 26.7661 9.99
      vertex 42.187 26.5269 2
      vertex 41.6813 26.7661 2
    endloop
  endfacet
  facet normal 0.514075 0.857745 -0
    outer loop
      vertex 42.6667 26.2394 2
      vertex 42.187 26.5269 9.99
      vertex 42.6667 26.2394 9.99
    endloop
  endfacet
  facet normal 0.514075 0.857745 0
    outer loop
      vertex 42.187 26.5269 9.99
      vertex 42.6667 26.2394 2
      vertex 42.187 26.5269 2
    endloop
  endfacet
  facet normal 0.941519 0.336959 0
    outer loop
      vertex 44.9546 23.1546 9.99
      vertex 44.7661 23.6813 2
      vertex 44.7661 23.6813 9.99
    endloop
  endfacet
  facet normal 0.941519 0.336959 0
    outer loop
      vertex 44.7661 23.6813 2
      vertex 44.9546 23.1546 9.99
      vertex 44.9546 23.1546 2
    endloop
  endfacet
  facet normal 0.989196 0.1466 0
    outer loop
      vertex 45.1725 22.0587 9.99
      vertex 45.0905 22.612 2
      vertex 45.0905 22.612 9.99
    endloop
  endfacet
  facet normal 0.989196 0.1466 0
    outer loop
      vertex 45.0905 22.612 2
      vertex 45.1725 22.0587 9.99
      vertex 45.1725 22.0587 2
    endloop
  endfacet
  facet normal 0.998791 0.0491619 0
    outer loop
      vertex 45.2 21.5 9.99
      vertex 45.1725 22.0587 2
      vertex 45.1725 22.0587 9.99
    endloop
  endfacet
  facet normal 0.998791 0.0491619 0
    outer loop
      vertex 45.1725 22.0587 2
      vertex 45.2 21.5 9.99
      vertex 45.2 21.5 2
    endloop
  endfacet
  facet normal 0.803228 0.595672 0
    outer loop
      vertex 44.2394 24.6667 9.99
      vertex 43.9062 25.116 2
      vertex 43.9062 25.116 9.99
    endloop
  endfacet
  facet normal 0.803228 0.595672 0
    outer loop
      vertex 43.9062 25.116 2
      vertex 44.2394 24.6667 9.99
      vertex 44.2394 24.6667 2
    endloop
  endfacet
  facet normal 0.857745 0.514075 0
    outer loop
      vertex 44.5269 24.187 9.99
      vertex 44.2394 24.6667 2
      vertex 44.2394 24.6667 9.99
    endloop
  endfacet
  facet normal 0.857745 0.514075 0
    outer loop
      vertex 44.2394 24.6667 2
      vertex 44.5269 24.187 9.99
      vertex 44.5269 24.187 2
    endloop
  endfacet
  facet normal 0.671578 0.740934 -0
    outer loop
      vertex 43.5305 25.5305 2
      vertex 43.116 25.9062 9.99
      vertex 43.5305 25.5305 9.99
    endloop
  endfacet
  facet normal 0.671578 0.740934 0
    outer loop
      vertex 43.116 25.9062 9.99
      vertex 43.5305 25.5305 2
      vertex 43.116 25.9062 2
    endloop
  endfacet
  facet normal 0.740934 0.671578 0
    outer loop
      vertex 43.9062 25.116 9.99
      vertex 43.5305 25.5305 2
      vertex 43.5305 25.5305 9.99
    endloop
  endfacet
  facet normal 0.740934 0.671578 0
    outer loop
      vertex 43.5305 25.5305 2
      vertex 43.9062 25.116 9.99
      vertex 43.9062 25.116 2
    endloop
  endfacet
  facet normal 0.857745 -0.514075 0
    outer loop
      vertex 44.2394 -24.6667 9.99
      vertex 44.5269 -24.187 2
      vertex 44.5269 -24.187 9.99
    endloop
  endfacet
  facet normal 0.857745 -0.514075 0
    outer loop
      vertex 44.5269 -24.187 2
      vertex 44.2394 -24.6667 9.99
      vertex 44.2394 -24.6667 2
    endloop
  endfacet
  facet normal -0.970037 -0.242956 0
    outer loop
      vertex -44.9546 -23.1546 2
      vertex -45.0905 -22.612 9.99
      vertex -45.0905 -22.612 2
    endloop
  endfacet
  facet normal -0.970037 -0.242956 0
    outer loop
      vertex -45.0905 -22.612 9.99
      vertex -44.9546 -23.1546 2
      vertex -44.9546 -23.1546 9.99
    endloop
  endfacet
  facet normal -0.903974 -0.427587 0
    outer loop
      vertex -44.5269 -24.187 2
      vertex -44.7661 -23.6813 9.99
      vertex -44.7661 -23.6813 2
    endloop
  endfacet
  facet normal -0.903974 -0.427587 0
    outer loop
      vertex -44.7661 -23.6813 9.99
      vertex -44.5269 -24.187 2
      vertex -44.5269 -24.187 9.99
    endloop
  endfacet
  facet normal -0.857745 -0.514075 0
    outer loop
      vertex -44.2394 -24.6667 2
      vertex -44.5269 -24.187 9.99
      vertex -44.5269 -24.187 2
    endloop
  endfacet
  facet normal -0.857745 -0.514075 0
    outer loop
      vertex -44.5269 -24.187 9.99
      vertex -44.2394 -24.6667 2
      vertex -44.2394 -24.6667 9.99
    endloop
  endfacet
  facet normal -0.595672 -0.803228 0
    outer loop
      vertex -43.116 -25.9062 2
      vertex -42.6667 -26.2394 9.99
      vertex -43.116 -25.9062 9.99
    endloop
  endfacet
  facet normal -0.595672 -0.803228 -0
    outer loop
      vertex -42.6667 -26.2394 9.99
      vertex -43.116 -25.9062 2
      vertex -42.6667 -26.2394 2
    endloop
  endfacet
  facet normal -0.427587 0.903974 0
    outer loop
      vertex -41.6813 26.7661 2
      vertex -42.187 26.5269 9.99
      vertex -41.6813 26.7661 9.99
    endloop
  endfacet
  facet normal -0.427587 0.903974 0
    outer loop
      vertex -42.187 26.5269 9.99
      vertex -41.6813 26.7661 2
      vertex -42.187 26.5269 2
    endloop
  endfacet
  facet normal -0.242956 0.970037 0
    outer loop
      vertex -40.612 27.0905 2
      vertex -41.1546 26.9546 9.99
      vertex -40.612 27.0905 9.99
    endloop
  endfacet
  facet normal -0.242956 0.970037 0
    outer loop
      vertex -41.1546 26.9546 9.99
      vertex -40.612 27.0905 2
      vertex -41.1546 26.9546 2
    endloop
  endfacet
  facet normal -0.1466 0.989196 0
    outer loop
      vertex -40.0587 27.1725 2
      vertex -40.612 27.0905 9.99
      vertex -40.0587 27.1725 9.99
    endloop
  endfacet
  facet normal -0.1466 0.989196 0
    outer loop
      vertex -40.612 27.0905 9.99
      vertex -40.0587 27.1725 2
      vertex -40.612 27.0905 2
    endloop
  endfacet
  facet normal 0.970037 0.242956 0
    outer loop
      vertex 45.0905 22.612 9.99
      vertex 44.9546 23.1546 2
      vertex 44.9546 23.1546 9.99
    endloop
  endfacet
  facet normal 0.970037 0.242956 0
    outer loop
      vertex 44.9546 23.1546 2
      vertex 45.0905 22.612 9.99
      vertex 45.0905 22.612 2
    endloop
  endfacet
  facet normal 0.970037 -0.242956 0
    outer loop
      vertex 44.9546 -23.1546 9.99
      vertex 45.0905 -22.612 2
      vertex 45.0905 -22.612 9.99
    endloop
  endfacet
  facet normal 0.970037 -0.242956 0
    outer loop
      vertex 45.0905 -22.612 2
      vertex 44.9546 -23.1546 9.99
      vertex 44.9546 -23.1546 2
    endloop
  endfacet
  facet normal 0.989196 -0.1466 0
    outer loop
      vertex 45.0905 -22.612 9.99
      vertex 45.1725 -22.0587 2
      vertex 45.1725 -22.0587 9.99
    endloop
  endfacet
  facet normal 0.989196 -0.1466 0
    outer loop
      vertex 45.1725 -22.0587 2
      vertex 45.0905 -22.612 9.99
      vertex 45.0905 -22.612 2
    endloop
  endfacet
  facet normal 0.998791 -0.0491619 0
    outer loop
      vertex 45.1725 -22.0587 9.99
      vertex 45.2 -21.5 2
      vertex 45.2 -21.5 9.99
    endloop
  endfacet
  facet normal 0.998791 -0.0491619 0
    outer loop
      vertex 45.2 -21.5 2
      vertex 45.1725 -22.0587 9.99
      vertex 45.1725 -22.0587 2
    endloop
  endfacet
  facet normal 0.903974 -0.427587 0
    outer loop
      vertex 44.5269 -24.187 9.99
      vertex 44.7661 -23.6813 2
      vertex 44.7661 -23.6813 9.99
    endloop
  endfacet
  facet normal 0.903974 -0.427587 0
    outer loop
      vertex 44.7661 -23.6813 2
      vertex 44.5269 -24.187 9.99
      vertex 44.5269 -24.187 2
    endloop
  endfacet
  facet normal 0.803228 -0.595672 0
    outer loop
      vertex 43.9062 -25.116 9.99
      vertex 44.2394 -24.6667 2
      vertex 44.2394 -24.6667 9.99
    endloop
  endfacet
  facet normal 0.803228 -0.595672 0
    outer loop
      vertex 44.2394 -24.6667 2
      vertex 43.9062 -25.116 9.99
      vertex 43.9062 -25.116 2
    endloop
  endfacet
  facet normal 0.740934 -0.671578 0
    outer loop
      vertex 43.5305 -25.5305 9.99
      vertex 43.9062 -25.116 2
      vertex 43.9062 -25.116 9.99
    endloop
  endfacet
  facet normal 0.740934 -0.671578 0
    outer loop
      vertex 43.9062 -25.116 2
      vertex 43.5305 -25.5305 9.99
      vertex 43.5305 -25.5305 2
    endloop
  endfacet
  facet normal 0.941519 -0.336959 0
    outer loop
      vertex 44.7661 -23.6813 9.99
      vertex 44.9546 -23.1546 2
      vertex 44.9546 -23.1546 9.99
    endloop
  endfacet
  facet normal 0.941519 -0.336959 0
    outer loop
      vertex 44.9546 -23.1546 2
      vertex 44.7661 -23.6813 9.99
      vertex 44.7661 -23.6813 2
    endloop
  endfacet
  facet normal 0 1 -0
    outer loop
      vertex -29.5 -25.8 2
      vertex -39.5 -25.8 9.99
      vertex -29.5 -25.8 9.99
    endloop
  endfacet
  facet normal 0 1 0
    outer loop
      vertex -39.5 -25.8 9.99
      vertex -29.5 -25.8 2
      vertex -39.5 -25.8 2
    endloop
  endfacet
  facet normal 0 1 -0
    outer loop
      vertex 39.5 -25.8 2
      vertex 29.5 -25.8 9.99
      vertex 39.5 -25.8 9.99
    endloop
  endfacet
  facet normal 0 1 0
    outer loop
      vertex 29.5 -25.8 9.99
      vertex 39.5 -25.8 2
      vertex 29.5 -25.8 2
    endloop
  endfacet
  facet normal 0 1 -0
    outer loop
      vertex -16 -25.8 2
      vertex -28 -25.8 9.99
      vertex -16 -25.8 9.99
    endloop
  endfacet
  facet normal 0 1 0
    outer loop
      vertex -28 -25.8 9.99
      vertex -16 -25.8 2
      vertex -28 -25.8 2
    endloop
  endfacet
  facet normal 0 1 -0
    outer loop
      vertex 14.5 -25.8 2
      vertex -14.5 -25.8 9.99
      vertex 14.5 -25.8 9.99
    endloop
  endfacet
  facet normal 0 1 0
    outer loop
      vertex -14.5 -25.8 9.99
      vertex 14.5 -25.8 2
      vertex -14.5 -25.8 2
    endloop
  endfacet
  facet normal 0 1 -0
    outer loop
      vertex 28 -25.8 2
      vertex 16 -25.8 9.99
      vertex 28 -25.8 9.99
    endloop
  endfacet
  facet normal 0 1 0
    outer loop
      vertex 16 -25.8 9.99
      vertex 28 -25.8 2
      vertex 16 -25.8 2
    endloop
  endfacet
  facet normal -0.0490512 0.998796 0
    outer loop
      vertex 39.9215 -25.7793 2
      vertex 39.5 -25.8 9.99
      vertex 39.9215 -25.7793 9.99
    endloop
  endfacet
  facet normal -0.0490512 0.998796 0
    outer loop
      vertex 39.5 -25.8 9.99
      vertex 39.9215 -25.7793 2
      vertex 39.5 -25.8 2
    endloop
  endfacet
  facet normal -0.146695 0.989182 0
    outer loop
      vertex 40.3389 -25.7174 2
      vertex 39.9215 -25.7793 9.99
      vertex 40.3389 -25.7174 9.99
    endloop
  endfacet
  facet normal -0.146695 0.989182 0
    outer loop
      vertex 39.9215 -25.7793 9.99
      vertex 40.3389 -25.7174 2
      vertex 39.9215 -25.7793 2
    endloop
  endfacet
  facet normal 0.0490512 -0.998796 0
    outer loop
      vertex -39.9215 25.7793 2
      vertex -39.5 25.8 9.99
      vertex -39.9215 25.7793 9.99
    endloop
  endfacet
  facet normal 0.0490512 -0.998796 0
    outer loop
      vertex -39.5 25.8 9.99
      vertex -39.9215 25.7793 2
      vertex -39.5 25.8 2
    endloop
  endfacet
  facet normal -1 0 0
    outer loop
      vertex 43.8 7.5 2
      vertex 43.8 21.5 9.99
      vertex 43.8 21.5 2
    endloop
  endfacet
  facet normal -1 -0 0
    outer loop
      vertex 43.8 21.5 9.99
      vertex 43.8 7.5 2
      vertex 43.8 7.5 9.99
    endloop
  endfacet
  facet normal -1 0 0
    outer loop
      vertex 43.8 -21.5 2
      vertex 43.8 -7.5 9.99
      vertex 43.8 -7.5 2
    endloop
  endfacet
  facet normal -1 -0 0
    outer loop
      vertex 43.8 -7.5 9.99
      vertex 43.8 -21.5 2
      vertex 43.8 -21.5 9.99
    endloop
  endfacet
  facet normal 0.989182 0.146695 0
    outer loop
      vertex -43.7174 -22.3389 9.99
      vertex -43.7793 -21.9215 2
      vertex -43.7793 -21.9215 9.99
    endloop
  endfacet
  facet normal 0.989182 0.146695 0
    outer loop
      vertex -43.7793 -21.9215 2
      vertex -43.7174 -22.3389 9.99
      vertex -43.7174 -22.3389 2
    endloop
  endfacet
  facet normal 0 -1 0
    outer loop
      vertex -39.5 25.8 2
      vertex -29.5 25.8 9.99
      vertex -39.5 25.8 9.99
    endloop
  endfacet
  facet normal 0 -1 -0
    outer loop
      vertex -29.5 25.8 9.99
      vertex -39.5 25.8 2
      vertex -29.5 25.8 2
    endloop
  endfacet
  facet normal 0 -1 0
    outer loop
      vertex 29.5 25.8 2
      vertex 39.5 25.8 9.99
      vertex 29.5 25.8 9.99
    endloop
  endfacet
  facet normal 0 -1 -0
    outer loop
      vertex 39.5 25.8 9.99
      vertex 29.5 25.8 2
      vertex 39.5 25.8 2
    endloop
  endfacet
  facet normal 0 -1 0
    outer loop
      vertex -28 25.8 2
      vertex -16 25.8 9.99
      vertex -28 25.8 9.99
    endloop
  endfacet
  facet normal 0 -1 -0
    outer loop
      vertex -16 25.8 9.99
      vertex -28 25.8 2
      vertex -16 25.8 2
    endloop
  endfacet
  facet normal 0 -1 0
    outer loop
      vertex -14.5 25.8 2
      vertex 14.5 25.8 9.99
      vertex -14.5 25.8 9.99
    endloop
  endfacet
  facet normal 0 -1 -0
    outer loop
      vertex 14.5 25.8 9.99
      vertex -14.5 25.8 2
      vertex 14.5 25.8 2
    endloop
  endfacet
  facet normal 0 -1 0
    outer loop
      vertex 16 25.8 2
      vertex 28 25.8 9.99
      vertex 16 25.8 9.99
    endloop
  endfacet
  facet normal 0 -1 -0
    outer loop
      vertex 28 25.8 9.99
      vertex 16 25.8 2
      vertex 28 25.8 2
    endloop
  endfacet
  facet normal 1 -0 0
    outer loop
      vertex -43.8 -21.5 9.99
      vertex -43.8 21.5 2
      vertex -43.8 21.5 9.99
    endloop
  endfacet
  facet normal 1 0 0
    outer loop
      vertex -43.8 21.5 2
      vertex -43.8 -21.5 9.99
      vertex -43.8 -21.5 2
    endloop
  endfacet
  facet normal 0.514252 0.857639 -0
    outer loop
      vertex -41.527 -25.2923 2
      vertex -41.8889 -25.0753 9.99
      vertex -41.527 -25.2923 9.99
    endloop
  endfacet
  facet normal 0.514252 0.857639 0
    outer loop
      vertex -41.8889 -25.0753 9.99
      vertex -41.527 -25.2923 2
      vertex -41.8889 -25.0753 2
    endloop
  endfacet
  facet normal 0.595669 -0.80323 0
    outer loop
      vertex -42.2279 24.8239 2
      vertex -41.8889 25.0753 9.99
      vertex -42.2279 24.8239 9.99
    endloop
  endfacet
  facet normal 0.595669 -0.80323 0
    outer loop
      vertex -41.8889 25.0753 9.99
      vertex -42.2279 24.8239 2
      vertex -41.8889 25.0753 2
    endloop
  endfacet
  facet normal 0.998796 0.0490512 0
    outer loop
      vertex -43.7793 -21.9215 9.99
      vertex -43.8 -21.5 2
      vertex -43.8 -21.5 9.99
    endloop
  endfacet
  facet normal 0.998796 0.0490512 0
    outer loop
      vertex -43.8 -21.5 2
      vertex -43.7793 -21.9215 9.99
      vertex -43.7793 -21.9215 2
    endloop
  endfacet
  facet normal 0.427485 0.904022 -0
    outer loop
      vertex -41.1455 -25.4727 2
      vertex -41.527 -25.2923 9.99
      vertex -41.1455 -25.4727 9.99
    endloop
  endfacet
  facet normal 0.427485 0.904022 0
    outer loop
      vertex -41.527 -25.2923 9.99
      vertex -41.1455 -25.4727 2
      vertex -41.527 -25.2923 2
    endloop
  endfacet
  facet normal 0.0490512 0.998796 -0
    outer loop
      vertex -39.5 -25.8 2
      vertex -39.9215 -25.7793 9.99
      vertex -39.5 -25.8 9.99
    endloop
  endfacet
  facet normal 0.0490512 0.998796 0
    outer loop
      vertex -39.9215 -25.7793 9.99
      vertex -39.5 -25.8 2
      vertex -39.9215 -25.7793 2
    endloop
  endfacet
  facet normal 0.243149 0.969989 -0
    outer loop
      vertex -40.3389 -25.7174 2
      vertex -40.7482 -25.6148 9.99
      vertex -40.3389 -25.7174 9.99
    endloop
  endfacet
  facet normal 0.243149 0.969989 0
    outer loop
      vertex -40.7482 -25.6148 9.99
      vertex -40.3389 -25.7174 2
      vertex -40.7482 -25.6148 2
    endloop
  endfacet
  facet normal -0.514252 -0.857639 0
    outer loop
      vertex 41.527 25.2923 2
      vertex 41.8889 25.0753 9.99
      vertex 41.527 25.2923 9.99
    endloop
  endfacet
  facet normal -0.514252 -0.857639 -0
    outer loop
      vertex 41.8889 25.0753 9.99
      vertex 41.527 25.2923 2
      vertex 41.8889 25.0753 2
    endloop
  endfacet
  facet normal -0.427485 -0.904022 0
    outer loop
      vertex 41.1455 25.4727 2
      vertex 41.527 25.2923 9.99
      vertex 41.1455 25.4727 9.99
    endloop
  endfacet
  facet normal -0.427485 -0.904022 -0
    outer loop
      vertex 41.527 25.2923 9.99
      vertex 41.1455 25.4727 2
      vertex 41.527 25.2923 2
    endloop
  endfacet
  facet normal -0.0490512 -0.998796 0
    outer loop
      vertex 39.5 25.8 2
      vertex 39.9215 25.7793 9.99
      vertex 39.5 25.8 9.99
    endloop
  endfacet
  facet normal -0.0490512 -0.998796 -0
    outer loop
      vertex 39.9215 25.7793 9.99
      vertex 39.5 25.8 2
      vertex 39.9215 25.7793 2
    endloop
  endfacet
  facet normal 0.146695 -0.989182 0
    outer loop
      vertex -40.3389 25.7174 2
      vertex -39.9215 25.7793 9.99
      vertex -40.3389 25.7174 9.99
    endloop
  endfacet
  facet normal 0.146695 -0.989182 0
    outer loop
      vertex -39.9215 25.7793 9.99
      vertex -40.3389 25.7174 2
      vertex -39.9215 25.7793 2
    endloop
  endfacet
  facet normal 0.336772 -0.941586 0
    outer loop
      vertex -41.1455 25.4727 2
      vertex -40.7482 25.6148 9.99
      vertex -41.1455 25.4727 9.99
    endloop
  endfacet
  facet normal 0.336772 -0.941586 0
    outer loop
      vertex -40.7482 25.6148 9.99
      vertex -41.1455 25.4727 2
      vertex -40.7482 25.6148 2
    endloop
  endfacet
  facet normal 0.146695 0.989182 -0
    outer loop
      vertex -39.9215 -25.7793 2
      vertex -40.3389 -25.7174 9.99
      vertex -39.9215 -25.7793 9.99
    endloop
  endfacet
  facet normal 0.146695 0.989182 0
    outer loop
      vertex -40.3389 -25.7174 9.99
      vertex -39.9215 -25.7793 2
      vertex -40.3389 -25.7174 2
    endloop
  endfacet
  facet normal -0.989182 -0.146695 0
    outer loop
      vertex 43.7793 21.9215 2
      vertex 43.7174 22.3389 9.99
      vertex 43.7174 22.3389 2
    endloop
  endfacet
  facet normal -0.989182 -0.146695 0
    outer loop
      vertex 43.7174 22.3389 9.99
      vertex 43.7793 21.9215 2
      vertex 43.7793 21.9215 9.99
    endloop
  endfacet
  facet normal -0.336772 -0.941586 0
    outer loop
      vertex 40.7482 25.6148 2
      vertex 41.1455 25.4727 9.99
      vertex 40.7482 25.6148 9.99
    endloop
  endfacet
  facet normal -0.336772 -0.941586 -0
    outer loop
      vertex 41.1455 25.4727 9.99
      vertex 40.7482 25.6148 2
      vertex 41.1455 25.4727 2
    endloop
  endfacet
  facet normal -0.146695 -0.989182 0
    outer loop
      vertex 39.9215 25.7793 2
      vertex 40.3389 25.7174 9.99
      vertex 39.9215 25.7793 9.99
    endloop
  endfacet
  facet normal -0.146695 -0.989182 -0
    outer loop
      vertex 40.3389 25.7174 9.99
      vertex 39.9215 25.7793 2
      vertex 40.3389 25.7174 2
    endloop
  endfacet
  facet normal 0.243149 -0.969989 0
    outer loop
      vertex -40.7482 25.6148 2
      vertex -40.3389 25.7174 9.99
      vertex -40.7482 25.6148 9.99
    endloop
  endfacet
  facet normal 0.243149 -0.969989 0
    outer loop
      vertex -40.3389 25.7174 9.99
      vertex -40.7482 25.6148 2
      vertex -40.3389 25.7174 2
    endloop
  endfacet
  facet normal 0.740862 -0.671658 0
    outer loop
      vertex -42.8239 24.2279 9.99
      vertex -42.5405 24.5405 2
      vertex -42.5405 24.5405 9.99
    endloop
  endfacet
  facet normal 0.740862 -0.671658 0
    outer loop
      vertex -42.5405 24.5405 2
      vertex -42.8239 24.2279 9.99
      vertex -42.8239 24.2279 2
    endloop
  endfacet
  facet normal 0.671658 -0.740862 0
    outer loop
      vertex -42.5405 24.5405 2
      vertex -42.2279 24.8239 9.99
      vertex -42.5405 24.5405 9.99
    endloop
  endfacet
  facet normal 0.671658 -0.740862 0
    outer loop
      vertex -42.2279 24.8239 9.99
      vertex -42.5405 24.5405 2
      vertex -42.2279 24.8239 2
    endloop
  endfacet
  facet normal 0.904022 -0.427485 0
    outer loop
      vertex -43.4727 23.1455 9.99
      vertex -43.2923 23.527 2
      vertex -43.2923 23.527 9.99
    endloop
  endfacet
  facet normal 0.904022 -0.427485 0
    outer loop
      vertex -43.2923 23.527 2
      vertex -43.4727 23.1455 9.99
      vertex -43.4727 23.1455 2
    endloop
  endfacet
  facet normal 0.998796 -0.0490512 0
    outer loop
      vertex -43.8 21.5 9.99
      vertex -43.7793 21.9215 2
      vertex -43.7793 21.9215 9.99
    endloop
  endfacet
  facet normal 0.998796 -0.0490512 0
    outer loop
      vertex -43.7793 21.9215 2
      vertex -43.8 21.5 9.99
      vertex -43.8 21.5 2
    endloop
  endfacet
  facet normal 0.989182 -0.146695 0
    outer loop
      vertex -43.7793 21.9215 9.99
      vertex -43.7174 22.3389 2
      vertex -43.7174 22.3389 9.99
    endloop
  endfacet
  facet normal 0.989182 -0.146695 0
    outer loop
      vertex -43.7174 22.3389 2
      vertex -43.7793 21.9215 9.99
      vertex -43.7793 21.9215 2
    endloop
  endfacet
  facet normal 0.904022 0.427485 0
    outer loop
      vertex -43.2923 -23.527 9.99
      vertex -43.4727 -23.1455 2
      vertex -43.4727 -23.1455 9.99
    endloop
  endfacet
  facet normal 0.904022 0.427485 0
    outer loop
      vertex -43.4727 -23.1455 2
      vertex -43.2923 -23.527 9.99
      vertex -43.2923 -23.527 2
    endloop
  endfacet
  facet normal 0.969989 0.243149 0
    outer loop
      vertex -43.6148 -22.7482 9.99
      vertex -43.7174 -22.3389 2
      vertex -43.7174 -22.3389 9.99
    endloop
  endfacet
  facet normal 0.969989 0.243149 0
    outer loop
      vertex -43.7174 -22.3389 2
      vertex -43.6148 -22.7482 9.99
      vertex -43.6148 -22.7482 2
    endloop
  endfacet
  facet normal 0.595669 0.80323 -0
    outer loop
      vertex -41.8889 -25.0753 2
      vertex -42.2279 -24.8239 9.99
      vertex -41.8889 -25.0753 9.99
    endloop
  endfacet
  facet normal 0.595669 0.80323 0
    outer loop
      vertex -42.2279 -24.8239 9.99
      vertex -41.8889 -25.0753 2
      vertex -42.2279 -24.8239 2
    endloop
  endfacet
  facet normal 0.740862 0.671658 0
    outer loop
      vertex -42.5405 -24.5405 9.99
      vertex -42.8239 -24.2279 2
      vertex -42.8239 -24.2279 9.99
    endloop
  endfacet
  facet normal 0.740862 0.671658 0
    outer loop
      vertex -42.8239 -24.2279 2
      vertex -42.5405 -24.5405 9.99
      vertex -42.5405 -24.5405 2
    endloop
  endfacet
  facet normal 0.336772 0.941586 -0
    outer loop
      vertex -40.7482 -25.6148 2
      vertex -41.1455 -25.4727 9.99
      vertex -40.7482 -25.6148 9.99
    endloop
  endfacet
  facet normal 0.336772 0.941586 0
    outer loop
      vertex -41.1455 -25.4727 9.99
      vertex -40.7482 -25.6148 2
      vertex -41.1455 -25.4727 2
    endloop
  endfacet
  facet normal -0.998796 -0.0490512 0
    outer loop
      vertex 43.8 21.5 2
      vertex 43.7793 21.9215 9.99
      vertex 43.7793 21.9215 2
    endloop
  endfacet
  facet normal -0.998796 -0.0490512 0
    outer loop
      vertex 43.7793 21.9215 9.99
      vertex 43.8 21.5 2
      vertex 43.8 21.5 9.99
    endloop
  endfacet
  facet normal -0.904022 -0.427485 0
    outer loop
      vertex 43.4727 23.1455 2
      vertex 43.2923 23.527 9.99
      vertex 43.2923 23.527 2
    endloop
  endfacet
  facet normal -0.904022 -0.427485 0
    outer loop
      vertex 43.2923 23.527 9.99
      vertex 43.4727 23.1455 2
      vertex 43.4727 23.1455 9.99
    endloop
  endfacet
  facet normal -0.243149 0.969989 0
    outer loop
      vertex 40.7482 -25.6148 2
      vertex 40.3389 -25.7174 9.99
      vertex 40.7482 -25.6148 9.99
    endloop
  endfacet
  facet normal -0.243149 0.969989 0
    outer loop
      vertex 40.3389 -25.7174 9.99
      vertex 40.7482 -25.6148 2
      vertex 40.3389 -25.7174 2
    endloop
  endfacet
  facet normal -0.671658 0.740862 0
    outer loop
      vertex 42.5405 -24.5405 2
      vertex 42.2279 -24.8239 9.99
      vertex 42.5405 -24.5405 9.99
    endloop
  endfacet
  facet normal -0.671658 0.740862 0
    outer loop
      vertex 42.2279 -24.8239 9.99
      vertex 42.5405 -24.5405 2
      vertex 42.2279 -24.8239 2
    endloop
  endfacet
  facet normal -0.740862 0.671658 0
    outer loop
      vertex 42.5405 -24.5405 2
      vertex 42.8239 -24.2279 9.99
      vertex 42.8239 -24.2279 2
    endloop
  endfacet
  facet normal -0.740862 0.671658 0
    outer loop
      vertex 42.8239 -24.2279 9.99
      vertex 42.5405 -24.5405 2
      vertex 42.5405 -24.5405 9.99
    endloop
  endfacet
  facet normal -0.904022 0.427485 0
    outer loop
      vertex 43.2923 -23.527 2
      vertex 43.4727 -23.1455 9.99
      vertex 43.4727 -23.1455 2
    endloop
  endfacet
  facet normal -0.904022 0.427485 0
    outer loop
      vertex 43.4727 -23.1455 9.99
      vertex 43.2923 -23.527 2
      vertex 43.2923 -23.527 9.99
    endloop
  endfacet
  facet normal -0.80323 0.595669 0
    outer loop
      vertex 42.8239 -24.2279 2
      vertex 43.0753 -23.8889 9.99
      vertex 43.0753 -23.8889 2
    endloop
  endfacet
  facet normal -0.80323 0.595669 0
    outer loop
      vertex 43.0753 -23.8889 9.99
      vertex 42.8239 -24.2279 2
      vertex 42.8239 -24.2279 9.99
    endloop
  endfacet
  facet normal -0.243149 -0.969989 0
    outer loop
      vertex 40.3389 25.7174 2
      vertex 40.7482 25.6148 9.99
      vertex 40.3389 25.7174 9.99
    endloop
  endfacet
  facet normal -0.243149 -0.969989 -0
    outer loop
      vertex 40.7482 25.6148 9.99
      vertex 40.3389 25.7174 2
      vertex 40.7482 25.6148 2
    endloop
  endfacet
  facet normal 0.514252 -0.857639 0
    outer loop
      vertex -41.8889 25.0753 2
      vertex -41.527 25.2923 9.99
      vertex -41.8889 25.0753 9.99
    endloop
  endfacet
  facet normal 0.514252 -0.857639 0
    outer loop
      vertex -41.527 25.2923 9.99
      vertex -41.8889 25.0753 2
      vertex -41.527 25.2923 2
    endloop
  endfacet
  facet normal 0.427485 -0.904022 0
    outer loop
      vertex -41.527 25.2923 2
      vertex -41.1455 25.4727 9.99
      vertex -41.527 25.2923 9.99
    endloop
  endfacet
  facet normal 0.427485 -0.904022 0
    outer loop
      vertex -41.1455 25.4727 9.99
      vertex -41.527 25.2923 2
      vertex -41.1455 25.4727 2
    endloop
  endfacet
  facet normal 0.857639 -0.514252 0
    outer loop
      vertex -43.2923 23.527 9.99
      vertex -43.0753 23.8889 2
      vertex -43.0753 23.8889 9.99
    endloop
  endfacet
  facet normal 0.857639 -0.514252 0
    outer loop
      vertex -43.0753 23.8889 2
      vertex -43.2923 23.527 9.99
      vertex -43.2923 23.527 2
    endloop
  endfacet
  facet normal 0.941586 -0.336772 0
    outer loop
      vertex -43.6148 22.7482 9.99
      vertex -43.4727 23.1455 2
      vertex -43.4727 23.1455 9.99
    endloop
  endfacet
  facet normal 0.941586 -0.336772 0
    outer loop
      vertex -43.4727 23.1455 2
      vertex -43.6148 22.7482 9.99
      vertex -43.6148 22.7482 2
    endloop
  endfacet
  facet normal 0.857639 0.514252 0
    outer loop
      vertex -43.0753 -23.8889 9.99
      vertex -43.2923 -23.527 2
      vertex -43.2923 -23.527 9.99
    endloop
  endfacet
  facet normal 0.857639 0.514252 0
    outer loop
      vertex -43.2923 -23.527 2
      vertex -43.0753 -23.8889 9.99
      vertex -43.0753 -23.8889 2
    endloop
  endfacet
  facet normal 0.80323 0.595669 0
    outer loop
      vertex -42.8239 -24.2279 9.99
      vertex -43.0753 -23.8889 2
      vertex -43.0753 -23.8889 9.99
    endloop
  endfacet
  facet normal 0.80323 0.595669 0
    outer loop
      vertex -43.0753 -23.8889 2
      vertex -42.8239 -24.2279 9.99
      vertex -42.8239 -24.2279 2
    endloop
  endfacet
  facet normal 0.941586 0.336772 0
    outer loop
      vertex -43.4727 -23.1455 9.99
      vertex -43.6148 -22.7482 2
      vertex -43.6148 -22.7482 9.99
    endloop
  endfacet
  facet normal 0.941586 0.336772 0
    outer loop
      vertex -43.6148 -22.7482 2
      vertex -43.4727 -23.1455 9.99
      vertex -43.4727 -23.1455 2
    endloop
  endfacet
  facet normal 0.671658 0.740862 -0
    outer loop
      vertex -42.2279 -24.8239 2
      vertex -42.5405 -24.5405 9.99
      vertex -42.2279 -24.8239 9.99
    endloop
  endfacet
  facet normal 0.671658 0.740862 0
    outer loop
      vertex -42.5405 -24.5405 9.99
      vertex -42.2279 -24.8239 2
      vertex -42.5405 -24.5405 2
    endloop
  endfacet
  facet normal -0.740862 -0.671658 0
    outer loop
      vertex 42.8239 24.2279 2
      vertex 42.5405 24.5405 9.99
      vertex 42.5405 24.5405 2
    endloop
  endfacet
  facet normal -0.740862 -0.671658 0
    outer loop
      vertex 42.5405 24.5405 9.99
      vertex 42.8239 24.2279 2
      vertex 42.8239 24.2279 9.99
    endloop
  endfacet
  facet normal -0.595669 -0.80323 0
    outer loop
      vertex 41.8889 25.0753 2
      vertex 42.2279 24.8239 9.99
      vertex 41.8889 25.0753 9.99
    endloop
  endfacet
  facet normal -0.595669 -0.80323 -0
    outer loop
      vertex 42.2279 24.8239 9.99
      vertex 41.8889 25.0753 2
      vertex 42.2279 24.8239 2
    endloop
  endfacet
  facet normal -0.671658 -0.740862 0
    outer loop
      vertex 42.2279 24.8239 2
      vertex 42.5405 24.5405 9.99
      vertex 42.2279 24.8239 9.99
    endloop
  endfacet
  facet normal -0.671658 -0.740862 -0
    outer loop
      vertex 42.5405 24.5405 9.99
      vertex 42.2279 24.8239 2
      vertex 42.5405 24.5405 2
    endloop
  endfacet
  facet normal -0.427485 0.904022 0
    outer loop
      vertex 41.527 -25.2923 2
      vertex 41.1455 -25.4727 9.99
      vertex 41.527 -25.2923 9.99
    endloop
  endfacet
  facet normal -0.427485 0.904022 0
    outer loop
      vertex 41.1455 -25.4727 9.99
      vertex 41.527 -25.2923 2
      vertex 41.1455 -25.4727 2
    endloop
  endfacet
  facet normal -0.595669 0.80323 0
    outer loop
      vertex 42.2279 -24.8239 2
      vertex 41.8889 -25.0753 9.99
      vertex 42.2279 -24.8239 9.99
    endloop
  endfacet
  facet normal -0.595669 0.80323 0
    outer loop
      vertex 41.8889 -25.0753 9.99
      vertex 42.2279 -24.8239 2
      vertex 41.8889 -25.0753 2
    endloop
  endfacet
  facet normal -0.514252 0.857639 0
    outer loop
      vertex 41.8889 -25.0753 2
      vertex 41.527 -25.2923 9.99
      vertex 41.8889 -25.0753 9.99
    endloop
  endfacet
  facet normal -0.514252 0.857639 0
    outer loop
      vertex 41.527 -25.2923 9.99
      vertex 41.8889 -25.0753 2
      vertex 41.527 -25.2923 2
    endloop
  endfacet
  facet normal -0.969989 0.243149 0
    outer loop
      vertex 43.6148 -22.7482 2
      vertex 43.7174 -22.3389 9.99
      vertex 43.7174 -22.3389 2
    endloop
  endfacet
  facet normal -0.969989 0.243149 0
    outer loop
      vertex 43.7174 -22.3389 9.99
      vertex 43.6148 -22.7482 2
      vertex 43.6148 -22.7482 9.99
    endloop
  endfacet
  facet normal -0.941586 0.336772 0
    outer loop
      vertex 43.4727 -23.1455 2
      vertex 43.6148 -22.7482 9.99
      vertex 43.6148 -22.7482 2
    endloop
  endfacet
  facet normal -0.941586 0.336772 0
    outer loop
      vertex 43.6148 -22.7482 9.99
      vertex 43.4727 -23.1455 2
      vertex 43.4727 -23.1455 9.99
    endloop
  endfacet
  facet normal -0.998796 0.0490512 0
    outer loop
      vertex 43.7793 -21.9215 2
      vertex 43.8 -21.5 9.99
      vertex 43.8 -21.5 2
    endloop
  endfacet
  facet normal -0.998796 0.0490512 0
    outer loop
      vertex 43.8 -21.5 9.99
      vertex 43.7793 -21.9215 2
      vertex 43.7793 -21.9215 9.99
    endloop
  endfacet
  facet normal -0.989182 0.146695 0
    outer loop
      vertex 43.7174 -22.3389 2
      vertex 43.7793 -21.9215 9.99
      vertex 43.7793 -21.9215 2
    endloop
  endfacet
  facet normal -0.989182 0.146695 0
    outer loop
      vertex 43.7793 -21.9215 9.99
      vertex 43.7174 -22.3389 2
      vertex 43.7174 -22.3389 9.99
    endloop
  endfacet
  facet normal -0.857639 0.514252 0
    outer loop
      vertex 43.0753 -23.8889 2
      vertex 43.2923 -23.527 9.99
      vertex 43.2923 -23.527 2
    endloop
  endfacet
  facet normal -0.857639 0.514252 0
    outer loop
      vertex 43.2923 -23.527 9.99
      vertex 43.0753 -23.8889 2
      vertex 43.0753 -23.8889 9.99
    endloop
  endfacet
  facet normal 0.80323 -0.595669 0
    outer loop
      vertex -43.0753 23.8889 9.99
      vertex -42.8239 24.2279 2
      vertex -42.8239 24.2279 9.99
    endloop
  endfacet
  facet normal 0.80323 -0.595669 0
    outer loop
      vertex -42.8239 24.2279 2
      vertex -43.0753 23.8889 9.99
      vertex -43.0753 23.8889 2
    endloop
  endfacet
  facet normal 0.969989 -0.243149 0
    outer loop
      vertex -43.7174 22.3389 9.99
      vertex -43.6148 22.7482 2
      vertex -43.6148 22.7482 9.99
    endloop
  endfacet
  facet normal 0.969989 -0.243149 0
    outer loop
      vertex -43.6148 22.7482 2
      vertex -43.7174 22.3389 9.99
      vertex -43.7174 22.3389 2
    endloop
  endfacet
  facet normal -0.941586 -0.336772 0
    outer loop
      vertex 43.6148 22.7482 2
      vertex 43.4727 23.1455 9.99
      vertex 43.4727 23.1455 2
    endloop
  endfacet
  facet normal -0.941586 -0.336772 0
    outer loop
      vertex 43.4727 23.1455 9.99
      vertex 43.6148 22.7482 2
      vertex 43.6148 22.7482 9.99
    endloop
  endfacet
  facet normal -0.969989 -0.243149 0
    outer loop
      vertex 43.7174 22.3389 2
      vertex 43.6148 22.7482 9.99
      vertex 43.6148 22.7482 2
    endloop
  endfacet
  facet normal -0.969989 -0.243149 0
    outer loop
      vertex 43.6148 22.7482 9.99
      vertex 43.7174 22.3389 2
      vertex 43.7174 22.3389 9.99
    endloop
  endfacet
  facet normal -0.80323 -0.595669 0
    outer loop
      vertex 43.0753 23.8889 2
      vertex 42.8239 24.2279 9.99
      vertex 42.8239 24.2279 2
    endloop
  endfacet
  facet normal -0.80323 -0.595669 0
    outer loop
      vertex 42.8239 24.2279 9.99
      vertex 43.0753 23.8889 2
      vertex 43.0753 23.8889 9.99
    endloop
  endfacet
  facet normal -0.857639 -0.514252 0
    outer loop
      vertex 43.2923 23.527 2
      vertex 43.0753 23.8889 9.99
      vertex 43.0753 23.8889 2
    endloop
  endfacet
  facet normal -0.857639 -0.514252 0
    outer loop
      vertex 43.0753 23.8889 9.99
      vertex 43.2923 23.527 2
      vertex 43.2923 23.527 9.99
    endloop
  endfacet
  facet normal -0.336772 0.941586 0
    outer loop
      vertex 41.1455 -25.4727 2
      vertex 40.7482 -25.6148 9.99
      vertex 41.1455 -25.4727 9.99
    endloop
  endfacet
  facet normal -0.336772 0.941586 0
    outer loop
      vertex 40.7482 -25.6148 9.99
      vertex 41.1455 -25.4727 2
      vertex 40.7482 -25.6148 2
    endloop
  endfacet
  facet normal 0 -1 0
    outer loop
      vertex -28 27.2 6.9
      vertex -16 27.2 8.5
      vertex -28 27.2 8.5
    endloop
  endfacet
  facet normal 0 -1 -0
    outer loop
      vertex -16 27.2 8.5
      vertex -28 27.2 6.9
      vertex -16 27.2 6.9
    endloop
  endfacet
  facet normal -0 0 1
    outer loop
      vertex -28 27.21 8.5
      vertex -16 27.2 8.5
      vertex -16 27.21 8.5
    endloop
  endfacet
  facet normal 0 0 1
    outer loop
      vertex -16 27.2 8.5
      vertex -28 27.21 8.5
      vertex -28 27.2 8.5
    endloop
  endfacet
  facet normal 0 1 -0
    outer loop
      vertex -16 28 7.7
      vertex -28 28 7.71
      vertex -16 28 7.71
    endloop
  endfacet
  facet normal 0 1 0
    outer loop
      vertex -28 28 7.71
      vertex -16 28 7.7
      vertex -28 28 7.7
    endloop
  endfacet
  facet normal 0 0.707107 0.707107
    outer loop
      vertex -16 28 7.71
      vertex -28 27.21 8.5
      vertex -16 27.21 8.5
    endloop
  endfacet
  facet normal 0 0.707107 0.707107
    outer loop
      vertex -28 27.21 8.5
      vertex -16 28 7.71
      vertex -28 28 7.71
    endloop
  endfacet
  facet normal -1 0 0
    outer loop
      vertex -28 27.21 6.9
      vertex -28 28 7.71
      vertex -28 28 7.7
    endloop
  endfacet
  facet normal -1 0 0
    outer loop
      vertex -28 27.21 6.9
      vertex -28 27.21 8.5
      vertex -28 28 7.71
    endloop
  endfacet
  facet normal -1 0 0
    outer loop
      vertex -28 27.2 6.9
      vertex -28 27.21 8.5
      vertex -28 27.21 6.9
    endloop
  endfacet
  facet normal -1 -0 0
    outer loop
      vertex -28 27.21 8.5
      vertex -28 27.2 6.9
      vertex -28 27.2 8.5
    endloop
  endfacet
  facet normal -1 0 0
    outer loop
      vertex -28 25.8 2
      vertex -28 27.2 9.99
      vertex -28 27.2 2
    endloop
  endfacet
  facet normal -1 -0 0
    outer loop
      vertex -28 27.2 9.99
      vertex -28 25.8 2
      vertex -28 25.8 9.99
    endloop
  endfacet
  facet normal 0 0.71154 -0.702646
    outer loop
      vertex -16 27.21 6.9
      vertex -28 28 7.7
      vertex -16 28 7.7
    endloop
  endfacet
  facet normal 0 0.71154 -0.702646
    outer loop
      vertex -28 28 7.7
      vertex -16 27.21 6.9
      vertex -28 27.21 6.9
    endloop
  endfacet
  facet normal 0 0 -1
    outer loop
      vertex -28 27.2 6.9
      vertex -16 27.21 6.9
      vertex -16 27.2 6.9
    endloop
  endfacet
  facet normal -0 0 -1
    outer loop
      vertex -16 27.21 6.9
      vertex -28 27.2 6.9
      vertex -28 27.21 6.9
    endloop
  endfacet
  facet normal 1 0 0
    outer loop
      vertex -16 27.21 8.5
      vertex -16 28 7.7
      vertex -16 28 7.71
    endloop
  endfacet
  facet normal 1 0 0
    outer loop
      vertex -16 27.21 8.5
      vertex -16 27.21 6.9
      vertex -16 28 7.7
    endloop
  endfacet
  facet normal 1 -0 0
    outer loop
      vertex -16 27.2 8.5
      vertex -16 27.21 6.9
      vertex -16 27.21 8.5
    endloop
  endfacet
  facet normal 1 0 0
    outer loop
      vertex -16 27.21 6.9
      vertex -16 27.2 8.5
      vertex -16 27.2 6.9
    endloop
  endfacet
  facet normal 1 -0 0
    outer loop
      vertex -16 25.8 9.99
      vertex -16 27.2 2
      vertex -16 27.2 9.99
    endloop
  endfacet
  facet normal 1 0 0
    outer loop
      vertex -16 27.2 2
      vertex -16 25.8 9.99
      vertex -16 25.8 2
    endloop
  endfacet
  facet normal 0 -1 0
    outer loop
      vertex 16 27.2 6.9
      vertex 28 27.2 8.5
      vertex 16 27.2 8.5
    endloop
  endfacet
  facet normal 0 -1 -0
    outer loop
      vertex 28 27.2 8.5
      vertex 16 27.2 6.9
      vertex 28 27.2 6.9
    endloop
  endfacet
  facet normal -0 0 1
    outer loop
      vertex 16 27.21 8.5
      vertex 28 27.2 8.5
      vertex 28 27.21 8.5
    endloop
  endfacet
  facet normal 0 0 1
    outer loop
      vertex 28 27.2 8.5
      vertex 16 27.21 8.5
      vertex 16 27.2 8.5
    endloop
  endfacet
  facet normal 0 1 -0
    outer loop
      vertex 28 28 7.7
      vertex 16 28 7.71
      vertex 28 28 7.71
    endloop
  endfacet
  facet normal 0 1 0
    outer loop
      vertex 16 28 7.71
      vertex 28 28 7.7
      vertex 16 28 7.7
    endloop
  endfacet
  facet normal 0 0.707107 0.707107
    outer loop
      vertex 28 28 7.71
      vertex 16 27.21 8.5
      vertex 28 27.21 8.5
    endloop
  endfacet
  facet normal 0 0.707107 0.707107
    outer loop
      vertex 16 27.21 8.5
      vertex 28 28 7.71
      vertex 16 28 7.71
    endloop
  endfacet
  facet normal -1 0 0
    outer loop
      vertex 16 27.21 6.9
      vertex 16 28 7.71
      vertex 16 28 7.7
    endloop
  endfacet
  facet normal -1 0 0
    outer loop
      vertex 16 27.21 6.9
      vertex 16 27.21 8.5
      vertex 16 28 7.71
    endloop
  endfacet
  facet normal -1 0 0
    outer loop
      vertex 16 27.2 6.9
      vertex 16 27.21 8.5
      vertex 16 27.21 6.9
    endloop
  endfacet
  facet normal -1 -0 0
    outer loop
      vertex 16 27.21 8.5
      vertex 16 27.2 6.9
      vertex 16 27.2 8.5
    endloop
  endfacet
  facet normal -1 0 0
    outer loop
      vertex 16 25.8 2
      vertex 16 27.2 9.99
      vertex 16 27.2 2
    endloop
  endfacet
  facet normal -1 -0 0
    outer loop
      vertex 16 27.2 9.99
      vertex 16 25.8 2
      vertex 16 25.8 9.99
    endloop
  endfacet
  facet normal 0 0.71154 -0.702646
    outer loop
      vertex 28 27.21 6.9
      vertex 16 28 7.7
      vertex 28 28 7.7
    endloop
  endfacet
  facet normal 0 0.71154 -0.702646
    outer loop
      vertex 16 28 7.7
      vertex 28 27.21 6.9
      vertex 16 27.21 6.9
    endloop
  endfacet
  facet normal 0 0 -1
    outer loop
      vertex 16 27.2 6.9
      vertex 28 27.21 6.9
      vertex 28 27.2 6.9
    endloop
  endfacet
  facet normal -0 0 -1
    outer loop
      vertex 28 27.21 6.9
      vertex 16 27.2 6.9
      vertex 16 27.21 6.9
    endloop
  endfacet
  facet normal 1 0 0
    outer loop
      vertex 28 27.21 8.5
      vertex 28 28 7.7
      vertex 28 28 7.71
    endloop
  endfacet
  facet normal 1 0 0
    outer loop
      vertex 28 27.21 8.5
      vertex 28 27.21 6.9
      vertex 28 28 7.7
    endloop
  endfacet
  facet normal 1 -0 0
    outer loop
      vertex 28 27.2 8.5
      vertex 28 27.21 6.9
      vertex 28 27.21 8.5
    endloop
  endfacet
  facet normal 1 0 0
    outer loop
      vertex 28 27.21 6.9
      vertex 28 27.2 8.5
      vertex 28 27.2 6.9
    endloop
  endfacet
  facet normal 1 -0 0
    outer loop
      vertex 28 25.8 9.99
      vertex 28 27.2 2
      vertex 28 27.2 9.99
    endloop
  endfacet
  facet normal 1 0 0
    outer loop
      vertex 28 27.2 2
      vertex 28 25.8 9.99
      vertex 28 25.8 2
    endloop
  endfacet
  facet normal 0 1 -0
    outer loop
      vertex -16 -27.2 6.9
      vertex -28 -27.2 8.5
      vertex -16 -27.2 8.5
    endloop
  endfacet
  facet normal 0 1 0
    outer loop
      vertex -28 -27.2 8.5
      vertex -16 -27.2 6.9
      vertex -28 -27.2 6.9
    endloop
  endfacet
  facet normal 0 -1 0
    outer loop
      vertex -28 -28 7.7
      vertex -16 -28 7.71
      vertex -28 -28 7.71
    endloop
  endfacet
  facet normal 0 -1 -0
    outer loop
      vertex -16 -28 7.71
      vertex -28 -28 7.7
      vertex -16 -28 7.7
    endloop
  endfacet
  facet normal 0 -0.707107 0.707107
    outer loop
      vertex -28 -28 7.71
      vertex -16 -27.21 8.5
      vertex -28 -27.21 8.5
    endloop
  endfacet
  facet normal 0 -0.707107 0.707107
    outer loop
      vertex -16 -27.21 8.5
      vertex -28 -28 7.71
      vertex -16 -28 7.71
    endloop
  endfacet
  facet normal -0 0 1
    outer loop
      vertex -28 -27.2 8.5
      vertex -16 -27.21 8.5
      vertex -16 -27.2 8.5
    endloop
  endfacet
  facet normal 0 0 1
    outer loop
      vertex -16 -27.21 8.5
      vertex -28 -27.2 8.5
      vertex -28 -27.21 8.5
    endloop
  endfacet
  facet normal 0 0 -1
    outer loop
      vertex -28 -27.21 6.9
      vertex -16 -27.2 6.9
      vertex -16 -27.21 6.9
    endloop
  endfacet
  facet normal -0 0 -1
    outer loop
      vertex -16 -27.2 6.9
      vertex -28 -27.21 6.9
      vertex -28 -27.2 6.9
    endloop
  endfacet
  facet normal -1 0 0
    outer loop
      vertex -28 -27.21 6.9
      vertex -28 -27.2 8.5
      vertex -28 -27.2 6.9
    endloop
  endfacet
  facet normal -1 0 0
    outer loop
      vertex -28 -27.21 6.9
      vertex -28 -27.21 8.5
      vertex -28 -27.2 8.5
    endloop
  endfacet
  facet normal -1 0 0
    outer loop
      vertex -28 -28 7.7
      vertex -28 -27.21 8.5
      vertex -28 -27.21 6.9
    endloop
  endfacet
  facet normal -1 0 0
    outer loop
      vertex -28 -27.21 8.5
      vertex -28 -28 7.7
      vertex -28 -28 7.71
    endloop
  endfacet
  facet normal -1 0 0
    outer loop
      vertex -28 -27.2 2
      vertex -28 -25.8 9.99
      vertex -28 -25.8 2
    endloop
  endfacet
  facet normal -1 -0 0
    outer loop
      vertex -28 -25.8 9.99
      vertex -28 -27.2 2
      vertex -28 -27.2 9.99
    endloop
  endfacet
  facet normal 0 -0.71154 -0.702646
    outer loop
      vertex -28 -27.21 6.9
      vertex -16 -28 7.7
      vertex -28 -28 7.7
    endloop
  endfacet
  facet normal 0 -0.71154 -0.702646
    outer loop
      vertex -16 -28 7.7
      vertex -28 -27.21 6.9
      vertex -16 -27.21 6.9
    endloop
  endfacet
  facet normal 1 -0 0
    outer loop
      vertex -16 -27.21 8.5
      vertex -16 -27.2 6.9
      vertex -16 -27.2 8.5
    endloop
  endfacet
  facet normal 1 0 0
    outer loop
      vertex -16 -27.21 8.5
      vertex -16 -27.21 6.9
      vertex -16 -27.2 6.9
    endloop
  endfacet
  facet normal 1 -0 0
    outer loop
      vertex -16 -28 7.71
      vertex -16 -27.21 6.9
      vertex -16 -27.21 8.5
    endloop
  endfacet
  facet normal 1 0 0
    outer loop
      vertex -16 -27.21 6.9
      vertex -16 -28 7.71
      vertex -16 -28 7.7
    endloop
  endfacet
  facet normal 1 -0 0
    outer loop
      vertex -16 -27.2 9.99
      vertex -16 -25.8 2
      vertex -16 -25.8 9.99
    endloop
  endfacet
  facet normal 1 0 0
    outer loop
      vertex -16 -25.8 2
      vertex -16 -27.2 9.99
      vertex -16 -27.2 2
    endloop
  endfacet
  facet normal 0 1 -0
    outer loop
      vertex 28 -27.2 6.9
      vertex 16 -27.2 8.5
      vertex 28 -27.2 8.5
    endloop
  endfacet
  facet normal 0 1 0
    outer loop
      vertex 16 -27.2 8.5
      vertex 28 -27.2 6.9
      vertex 16 -27.2 6.9
    endloop
  endfacet
  facet normal 0 -1 0
    outer loop
      vertex 16 -28 7.7
      vertex 28 -28 7.71
      vertex 16 -28 7.71
    endloop
  endfacet
  facet normal 0 -1 -0
    outer loop
      vertex 28 -28 7.71
      vertex 16 -28 7.7
      vertex 28 -28 7.7
    endloop
  endfacet
  facet normal 0 -0.707107 0.707107
    outer loop
      vertex 16 -28 7.71
      vertex 28 -27.21 8.5
      vertex 16 -27.21 8.5
    endloop
  endfacet
  facet normal 0 -0.707107 0.707107
    outer loop
      vertex 28 -27.21 8.5
      vertex 16 -28 7.71
      vertex 28 -28 7.71
    endloop
  endfacet
  facet normal -0 0 1
    outer loop
      vertex 16 -27.2 8.5
      vertex 28 -27.21 8.5
      vertex 28 -27.2 8.5
    endloop
  endfacet
  facet normal 0 0 1
    outer loop
      vertex 28 -27.21 8.5
      vertex 16 -27.2 8.5
      vertex 16 -27.21 8.5
    endloop
  endfacet
  facet normal 0 0 -1
    outer loop
      vertex 16 -27.21 6.9
      vertex 28 -27.2 6.9
      vertex 28 -27.21 6.9
    endloop
  endfacet
  facet normal -0 0 -1
    outer loop
      vertex 28 -27.2 6.9
      vertex 16 -27.21 6.9
      vertex 16 -27.2 6.9
    endloop
  endfacet
  facet normal -1 0 0
    outer loop
      vertex 16 -27.21 6.9
      vertex 16 -27.2 8.5
      vertex 16 -27.2 6.9
    endloop
  endfacet
  facet normal -1 0 0
    outer loop
      vertex 16 -27.21 6.9
      vertex 16 -27.21 8.5
      vertex 16 -27.2 8.5
    endloop
  endfacet
  facet normal -1 0 0
    outer loop
      vertex 16 -28 7.7
      vertex 16 -27.21 8.5
      vertex 16 -27.21 6.9
    endloop
  endfacet
  facet normal -1 0 0
    outer loop
      vertex 16 -27.21 8.5
      vertex 16 -28 7.7
      vertex 16 -28 7.71
    endloop
  endfacet
  facet normal -1 0 0
    outer loop
      vertex 16 -27.2 2
      vertex 16 -25.8 9.99
      vertex 16 -25.8 2
    endloop
  endfacet
  facet normal -1 -0 0
    outer loop
      vertex 16 -25.8 9.99
      vertex 16 -27.2 2
      vertex 16 -27.2 9.99
    endloop
  endfacet
  facet normal 0 -0.71154 -0.702646
    outer loop
      vertex 16 -27.21 6.9
      vertex 28 -28 7.7
      vertex 16 -28 7.7
    endloop
  endfacet
  facet normal 0 -0.71154 -0.702646
    outer loop
      vertex 28 -28 7.7
      vertex 16 -27.21 6.9
      vertex 28 -27.21 6.9
    endloop
  endfacet
  facet normal 1 -0 0
    outer loop
      vertex 28 -27.21 8.5
      vertex 28 -27.2 6.9
      vertex 28 -27.2 8.5
    endloop
  endfacet
  facet normal 1 0 0
    outer loop
      vertex 28 -27.21 8.5
      vertex 28 -27.21 6.9
      vertex 28 -27.2 6.9
    endloop
  endfacet
  facet normal 1 -0 0
    outer loop
      vertex 28 -28 7.71
      vertex 28 -27.21 6.9
      vertex 28 -27.21 8.5
    endloop
  endfacet
  facet normal 1 0 0
    outer loop
      vertex 28 -27.21 6.9
      vertex 28 -28 7.71
      vertex 28 -28 7.7
    endloop
  endfacet
  facet normal 1 -0 0
    outer loop
      vertex 28 -27.2 9.99
      vertex 28 -25.8 2
      vertex 28 -25.8 9.99
    endloop
  endfacet
  facet normal 1 0 0
    outer loop
      vertex 28 -25.8 2
      vertex 28 -27.2 9.99
      vertex 28 -27.2 2
    endloop
  endfacet
  facet normal 0.595485 0.803367 -0
    outer loop
      vertex -37.2554 -18.8742 2
      vertex -37.4722 -18.7135 7.8
      vertex -37.2554 -18.8742 7.8
    endloop
  endfacet
  facet normal 0.595485 0.803367 0
    outer loop
      vertex -37.4722 -18.7135 7.8
      vertex -37.2554 -18.8742 2
      vertex -37.4722 -18.7135 2
    endloop
  endfacet
  facet normal 0.998803 -0.0489209 0
    outer loop
      vertex -36.2632 -21.2695 7.8
      vertex -36.25 -21 2
      vertex -36.25 -21 7.8
    endloop
  endfacet
  facet normal 0.998803 -0.0489209 0
    outer loop
      vertex -36.25 -21 2
      vertex -36.2632 -21.2695 7.8
      vertex -36.2632 -21.2695 2
    endloop
  endfacet
  facet normal -0.336829 0.941566 0
    outer loop
      vertex -39.7983 -18.3684 2
      vertex -40.0524 -18.4593 7.8
      vertex -39.7983 -18.3684 7.8
    endloop
  endfacet
  facet normal -0.336829 0.941566 0
    outer loop
      vertex -40.0524 -18.4593 7.8
      vertex -39.7983 -18.3684 2
      vertex -40.0524 -18.4593 2
    endloop
  endfacet
  facet normal -0.903926 0.427688 0
    outer loop
      vertex -41.5407 -19.9476 2
      vertex -41.4253 -19.7037 7.8
      vertex -41.4253 -19.7037 2
    endloop
  endfacet
  facet normal -0.903926 0.427688 0
    outer loop
      vertex -41.4253 -19.7037 7.8
      vertex -41.5407 -19.9476 2
      vertex -41.5407 -19.9476 7.8
    endloop
  endfacet
  facet normal 0.903926 0.427688 0
    outer loop
      vertex -36.4593 -19.9476 7.8
      vertex -36.5747 -19.7037 2
      vertex -36.5747 -19.7037 7.8
    endloop
  endfacet
  facet normal 0.903926 0.427688 0
    outer loop
      vertex -36.5747 -19.7037 2
      vertex -36.4593 -19.9476 7.8
      vertex -36.4593 -19.9476 2
    endloop
  endfacet
  facet normal 0.857656 0.514223 0
    outer loop
      vertex -36.5747 -19.7037 7.8
      vertex -36.7135 -19.4722 2
      vertex -36.7135 -19.4722 7.8
    endloop
  endfacet
  facet normal 0.857656 0.514223 0
    outer loop
      vertex -36.7135 -19.4722 2
      vertex -36.5747 -19.7037 7.8
      vertex -36.5747 -19.7037 2
    endloop
  endfacet
  facet normal 0.427688 0.903926 -0
    outer loop
      vertex -37.7037 -18.5747 2
      vertex -37.9476 -18.4593 7.8
      vertex -37.7037 -18.5747 7.8
    endloop
  endfacet
  facet normal 0.427688 0.903926 0
    outer loop
      vertex -37.9476 -18.4593 7.8
      vertex -37.7037 -18.5747 2
      vertex -37.9476 -18.4593 2
    endloop
  endfacet
  facet normal 0.14671 0.98918 -0
    outer loop
      vertex -38.4635 -18.3028 2
      vertex -38.7305 -18.2632 7.8
      vertex -38.4635 -18.3028 7.8
    endloop
  endfacet
  facet normal 0.14671 0.98918 0
    outer loop
      vertex -38.7305 -18.2632 7.8
      vertex -38.4635 -18.3028 2
      vertex -38.7305 -18.2632 2
    endloop
  endfacet
  facet normal -0.98918 0.14671 0
    outer loop
      vertex -41.7368 -20.7305 2
      vertex -41.6972 -20.4635 7.8
      vertex -41.6972 -20.4635 2
    endloop
  endfacet
  facet normal -0.98918 0.14671 0
    outer loop
      vertex -41.6972 -20.4635 7.8
      vertex -41.7368 -20.7305 2
      vertex -41.7368 -20.7305 7.8
    endloop
  endfacet
  facet normal -0.740728 0.671805 0
    outer loop
      vertex -41.1258 -19.2554 2
      vertex -40.9445 -19.0555 7.8
      vertex -40.9445 -19.0555 2
    endloop
  endfacet
  facet normal -0.740728 0.671805 0
    outer loop
      vertex -40.9445 -19.0555 7.8
      vertex -41.1258 -19.2554 2
      vertex -41.1258 -19.2554 7.8
    endloop
  endfacet
  facet normal -0.14671 0.98918 0
    outer loop
      vertex -39.2695 -18.2632 2
      vertex -39.5365 -18.3028 7.8
      vertex -39.2695 -18.2632 7.8
    endloop
  endfacet
  facet normal -0.14671 0.98918 0
    outer loop
      vertex -39.5365 -18.3028 7.8
      vertex -39.2695 -18.2632 2
      vertex -39.5365 -18.3028 2
    endloop
  endfacet
  facet normal -0.14671 -0.98918 0
    outer loop
      vertex -39.5365 -23.6972 2
      vertex -39.2695 -23.7368 7.8
      vertex -39.5365 -23.6972 7.8
    endloop
  endfacet
  facet normal -0.14671 -0.98918 -0
    outer loop
      vertex -39.2695 -23.7368 7.8
      vertex -39.5365 -23.6972 2
      vertex -39.2695 -23.7368 2
    endloop
  endfacet
  facet normal -0.671805 -0.740728 0
    outer loop
      vertex -40.9445 -22.9445 2
      vertex -40.7446 -23.1258 7.8
      vertex -40.9445 -22.9445 7.8
    endloop
  endfacet
  facet normal -0.671805 -0.740728 -0
    outer loop
      vertex -40.7446 -23.1258 7.8
      vertex -40.9445 -22.9445 2
      vertex -40.7446 -23.1258 2
    endloop
  endfacet
  facet normal 0 0 1
    outer loop
      vertex 45.2 -21.5 2
      vertex 48.05 -21.5 2
      vertex 48.05 -7.5 2
    endloop
  endfacet
  facet normal 0 0 1
    outer loop
      vertex 48.05 -21.5 2
      vertex 45.2 -21.5 2
      vertex 48.0088 -22.338 2
    endloop
  endfacet
  facet normal -0 0 1
    outer loop
      vertex 45.1725 -22.0587 2
      vertex 48.0088 -22.338 2
      vertex 45.2 -21.5 2
    endloop
  endfacet
  facet normal 0 0 1
    outer loop
      vertex 48.0088 -22.338 2
      vertex 45.1725 -22.0587 2
      vertex 47.8857 -23.168 2
    endloop
  endfacet
  facet normal -0 0 1
    outer loop
      vertex 45.0905 -22.612 2
      vertex 47.8857 -23.168 2
      vertex 45.1725 -22.0587 2
    endloop
  endfacet
  facet normal 0 0 1
    outer loop
      vertex 47.8857 -23.168 2
      vertex 45.0905 -22.612 2
      vertex 47.6818 -23.9819 2
    endloop
  endfacet
  facet normal -0 0 1
    outer loop
      vertex 44.9546 -23.1546 2
      vertex 47.6818 -23.9819 2
      vertex 45.0905 -22.612 2
    endloop
  endfacet
  facet normal 0 0 1
    outer loop
      vertex 47.6818 -23.9819 2
      vertex 44.9546 -23.1546 2
      vertex 47.3992 -24.7719 2
    endloop
  endfacet
  facet normal 0 0 1
    outer loop
      vertex 45.2 -21.5 2
      vertex 48.05 -7.5 2
      vertex 45.2 -7.5 2
    endloop
  endfacet
  facet normal -0 0 1
    outer loop
      vertex 44.7661 -23.6813 2
      vertex 47.3992 -24.7719 2
      vertex 44.9546 -23.1546 2
    endloop
  endfacet
  facet normal 0 0 1
    outer loop
      vertex 47.3992 -24.7719 2
      vertex 44.7661 -23.6813 2
      vertex 47.0404 -25.5304 2
    endloop
  endfacet
  facet normal -0 0 1
    outer loop
      vertex 44.5269 -24.187 2
      vertex 47.0404 -25.5304 2
      vertex 44.7661 -23.6813 2
    endloop
  endfacet
  facet normal 0 0 1
    outer loop
      vertex 47.0404 -25.5304 2
      vertex 44.5269 -24.187 2
      vertex 46.6091 -26.2501 2
    endloop
  endfacet
  facet normal -0 0 1
    outer loop
      vertex 44.2394 -24.6667 2
      vertex 46.6091 -26.2501 2
      vertex 44.5269 -24.187 2
    endloop
  endfacet
  facet normal 0 0 1
    outer loop
      vertex 46.6091 -26.2501 2
      vertex 44.2394 -24.6667 2
      vertex 46.1092 -26.924 2
    endloop
  endfacet
  facet normal -0 0 1
    outer loop
      vertex 43.9062 -25.116 2
      vertex 46.1092 -26.924 2
      vertex 44.2394 -24.6667 2
    endloop
  endfacet
  facet normal 0 0 1
    outer loop
      vertex 46.1092 -26.924 2
      vertex 43.9062 -25.116 2
      vertex 45.5457 -27.5457 2
    endloop
  endfacet
  facet normal -0 0 1
    outer loop
      vertex 43.5305 -25.5305 2
      vertex 45.5457 -27.5457 2
      vertex 43.9062 -25.116 2
    endloop
  endfacet
  facet normal 0 0 1
    outer loop
      vertex 45.5457 -27.5457 2
      vertex 43.5305 -25.5305 2
      vertex 44.924 -28.1092 2
    endloop
  endfacet
  facet normal -0 0 1
    outer loop
      vertex 43.116 -25.9062 2
      vertex 44.924 -28.1092 2
      vertex 43.5305 -25.5305 2
    endloop
  endfacet
  facet normal 0 0 1
    outer loop
      vertex 44.924 -28.1092 2
      vertex 43.116 -25.9062 2
      vertex 44.2501 -28.6091 2
    endloop
  endfacet
  facet normal -0 0 1
    outer loop
      vertex 42.6667 -26.2394 2
      vertex 44.2501 -28.6091 2
      vertex 43.116 -25.9062 2
    endloop
  endfacet
  facet normal 0 0 1
    outer loop
      vertex 44.2501 -28.6091 2
      vertex 42.6667 -26.2394 2
      vertex 43.5304 -29.0404 2
    endloop
  endfacet
  facet normal -0 0 1
    outer loop
      vertex 42.187 -26.5269 2
      vertex 43.5304 -29.0404 2
      vertex 42.6667 -26.2394 2
    endloop
  endfacet
  facet normal 0 0 1
    outer loop
      vertex 43.5304 -29.0404 2
      vertex 42.187 -26.5269 2
      vertex 42.7719 -29.3992 2
    endloop
  endfacet
  facet normal -0 0 1
    outer loop
      vertex 41.6813 -26.7661 2
      vertex 42.7719 -29.3992 2
      vertex 42.187 -26.5269 2
    endloop
  endfacet
  facet normal 0 0 1
    outer loop
      vertex 42.7719 -29.3992 2
      vertex 41.6813 -26.7661 2
      vertex 41.9819 -29.6818 2
    endloop
  endfacet
  facet normal -0 0 1
    outer loop
      vertex 41.1546 -26.9546 2
      vertex 41.9819 -29.6818 2
      vertex 41.6813 -26.7661 2
    endloop
  endfacet
  facet normal 0 0 1
    outer loop
      vertex 41.9819 -29.6818 2
      vertex 41.1546 -26.9546 2
      vertex 41.168 -29.8857 2
    endloop
  endfacet
  facet normal -0 0 1
    outer loop
      vertex 40.612 -27.0905 2
      vertex 41.168 -29.8857 2
      vertex 41.1546 -26.9546 2
    endloop
  endfacet
  facet normal 0 0 1
    outer loop
      vertex 40.612 -27.0905 2
      vertex 40.338 -30.0088 2
      vertex 41.168 -29.8857 2
    endloop
  endfacet
  facet normal -0 0 1
    outer loop
      vertex 40.0587 -27.1725 2
      vertex 40.338 -30.0088 2
      vertex 40.612 -27.0905 2
    endloop
  endfacet
  facet normal -0 0 1
    outer loop
      vertex 39.5 -27.2 2
      vertex 40.338 -30.0088 2
      vertex 40.0587 -27.1725 2
    endloop
  endfacet
  facet normal 0 0 1
    outer loop
      vertex 39.5 -27.2 2
      vertex 39.5 -30.05 2
      vertex 40.338 -30.0088 2
    endloop
  endfacet
  facet normal -0 0 1
    outer loop
      vertex 29.5 -27.2 2
      vertex 39.5 -30.05 2
      vertex 39.5 -27.2 2
    endloop
  endfacet
  facet normal 0 0 1
    outer loop
      vertex 39.5 -30.05 2
      vertex 29.5 -27.2 2
      vertex 29.5 -30.05 2
    endloop
  endfacet
  facet normal -0 0 1
    outer loop
      vertex -39.5 30.05 2
      vertex -29.5 27.2 2
      vertex -29.5 30.05 2
    endloop
  endfacet
  facet normal 0 0 1
    outer loop
      vertex -39.5 30.05 2
      vertex -39.5 27.2 2
      vertex -29.5 27.2 2
    endloop
  endfacet
  facet normal 0 0 1
    outer loop
      vertex -39.5 30.05 2
      vertex -40.0587 27.1725 2
      vertex -39.5 27.2 2
    endloop
  endfacet
  facet normal -0 0 1
    outer loop
      vertex -40.338 30.0088 2
      vertex -40.0587 27.1725 2
      vertex -39.5 30.05 2
    endloop
  endfacet
  facet normal 0 0 1
    outer loop
      vertex -40.338 30.0088 2
      vertex -40.612 27.0905 2
      vertex -40.0587 27.1725 2
    endloop
  endfacet
  facet normal -0 0 1
    outer loop
      vertex -41.168 29.8857 2
      vertex -40.612 27.0905 2
      vertex -40.338 30.0088 2
    endloop
  endfacet
  facet normal 0 0 1
    outer loop
      vertex -40.612 27.0905 2
      vertex -41.168 29.8857 2
      vertex -41.1546 26.9546 2
    endloop
  endfacet
  facet normal -0 0 1
    outer loop
      vertex -41.9819 29.6818 2
      vertex -41.1546 26.9546 2
      vertex -41.168 29.8857 2
    endloop
  endfacet
  facet normal 0 0 1
    outer loop
      vertex -41.1546 26.9546 2
      vertex -41.9819 29.6818 2
      vertex -41.6813 26.7661 2
    endloop
  endfacet
  facet normal -0 0 1
    outer loop
      vertex -42.7719 29.3992 2
      vertex -41.6813 26.7661 2
      vertex -41.9819 29.6818 2
    endloop
  endfacet
  facet normal 0 0 1
    outer loop
      vertex -41.6813 26.7661 2
      vertex -42.7719 29.3992 2
      vertex -42.187 26.5269 2
    endloop
  endfacet
  facet normal -0 0 1
    outer loop
      vertex -43.5304 29.0404 2
      vertex -42.187 26.5269 2
      vertex -42.7719 29.3992 2
    endloop
  endfacet
  facet normal 0 0 1
    outer loop
      vertex -42.187 26.5269 2
      vertex -43.5304 29.0404 2
      vertex -42.6667 26.2394 2
    endloop
  endfacet
  facet normal -0 0 1
    outer loop
      vertex -44.2501 28.6091 2
      vertex -42.6667 26.2394 2
      vertex -43.5304 29.0404 2
    endloop
  endfacet
  facet normal 0 0 1
    outer loop
      vertex -42.6667 26.2394 2
      vertex -44.2501 28.6091 2
      vertex -43.116 25.9062 2
    endloop
  endfacet
  facet normal -0 0 1
    outer loop
      vertex -44.924 28.1092 2
      vertex -43.116 25.9062 2
      vertex -44.2501 28.6091 2
    endloop
  endfacet
  facet normal 0 0 1
    outer loop
      vertex -43.116 25.9062 2
      vertex -44.924 28.1092 2
      vertex -43.5305 25.5305 2
    endloop
  endfacet
  facet normal -0 0 1
    outer loop
      vertex -45.5457 27.5457 2
      vertex -43.5305 25.5305 2
      vertex -44.924 28.1092 2
    endloop
  endfacet
  facet normal 0 0 1
    outer loop
      vertex -43.5305 25.5305 2
      vertex -45.5457 27.5457 2
      vertex -43.9062 25.116 2
    endloop
  endfacet
  facet normal -0 0 1
    outer loop
      vertex -46.1092 26.924 2
      vertex -43.9062 25.116 2
      vertex -45.5457 27.5457 2
    endloop
  endfacet
  facet normal 0 0 1
    outer loop
      vertex -43.9062 25.116 2
      vertex -46.1092 26.924 2
      vertex -44.2394 24.6667 2
    endloop
  endfacet
  facet normal -0 0 1
    outer loop
      vertex -46.6091 26.2501 2
      vertex -44.2394 24.6667 2
      vertex -46.1092 26.924 2
    endloop
  endfacet
  facet normal 0 0 1
    outer loop
      vertex -44.2394 24.6667 2
      vertex -46.6091 26.2501 2
      vertex -44.5269 24.187 2
    endloop
  endfacet
  facet normal -0 0 1
    outer loop
      vertex -47.0404 25.5304 2
      vertex -44.5269 24.187 2
      vertex -46.6091 26.2501 2
    endloop
  endfacet
  facet normal 0 0 1
    outer loop
      vertex -44.5269 24.187 2
      vertex -47.0404 25.5304 2
      vertex -44.7661 23.6813 2
    endloop
  endfacet
  facet normal 0 0 1
    outer loop
      vertex -44.7661 23.6813 2
      vertex -47.3992 24.7719 2
      vertex -44.9546 23.1546 2
    endloop
  endfacet
  facet normal -0 0 1
    outer loop
      vertex -47.3992 24.7719 2
      vertex -44.7661 23.6813 2
      vertex -47.0404 25.5304 2
    endloop
  endfacet
  facet normal 0 0 1
    outer loop
      vertex -29.5 -27.2 2
      vertex -39.5 -30.05 2
      vertex -29.5 -30.05 2
    endloop
  endfacet
  facet normal -0 0 1
    outer loop
      vertex -39.5 -27.2 2
      vertex -39.5 -30.05 2
      vertex -29.5 -27.2 2
    endloop
  endfacet
  facet normal 0 0 1
    outer loop
      vertex -40.0587 -27.1725 2
      vertex -39.5 -30.05 2
      vertex -39.5 -27.2 2
    endloop
  endfacet
  facet normal 0 0 1
    outer loop
      vertex -40.0587 -27.1725 2
      vertex -40.338 -30.0088 2
      vertex -39.5 -30.05 2
    endloop
  endfacet
  facet normal 0 0 1
    outer loop
      vertex -40.612 -27.0905 2
      vertex -40.338 -30.0088 2
      vertex -40.0587 -27.1725 2
    endloop
  endfacet
  facet normal 0 0 1
    outer loop
      vertex -41.168 -29.8857 2
      vertex -40.612 -27.0905 2
      vertex -41.1546 -26.9546 2
    endloop
  endfacet
  facet normal 0 0 1
    outer loop
      vertex -40.612 -27.0905 2
      vertex -41.168 -29.8857 2
      vertex -40.338 -30.0088 2
    endloop
  endfacet
  facet normal 0 0 1
    outer loop
      vertex -41.9819 -29.6818 2
      vertex -41.1546 -26.9546 2
      vertex -41.6813 -26.7661 2
    endloop
  endfacet
  facet normal 0 0 1
    outer loop
      vertex -41.1546 -26.9546 2
      vertex -41.9819 -29.6818 2
      vertex -41.168 -29.8857 2
    endloop
  endfacet
  facet normal 0 0 1
    outer loop
      vertex -42.7719 -29.3992 2
      vertex -41.6813 -26.7661 2
      vertex -42.187 -26.5269 2
    endloop
  endfacet
  facet normal 0 0 1
    outer loop
      vertex -43.5304 -29.0404 2
      vertex -42.187 -26.5269 2
      vertex -42.6667 -26.2394 2
    endloop
  endfacet
  facet normal 0 0 1
    outer loop
      vertex -41.6813 -26.7661 2
      vertex -42.7719 -29.3992 2
      vertex -41.9819 -29.6818 2
    endloop
  endfacet
  facet normal 0 0 1
    outer loop
      vertex -44.2501 -28.6091 2
      vertex -42.6667 -26.2394 2
      vertex -43.116 -25.9062 2
    endloop
  endfacet
  facet normal 0 0 1
    outer loop
      vertex -42.187 -26.5269 2
      vertex -43.5304 -29.0404 2
      vertex -42.7719 -29.3992 2
    endloop
  endfacet
  facet normal 0 0 1
    outer loop
      vertex -44.924 -28.1092 2
      vertex -43.116 -25.9062 2
      vertex -43.5305 -25.5305 2
    endloop
  endfacet
  facet normal 0 0 1
    outer loop
      vertex -45.5457 -27.5457 2
      vertex -43.5305 -25.5305 2
      vertex -43.9062 -25.116 2
    endloop
  endfacet
  facet normal 0 0 1
    outer loop
      vertex -46.1092 -26.924 2
      vertex -43.9062 -25.116 2
      vertex -44.2394 -24.6667 2
    endloop
  endfacet
  facet normal 0 0 1
    outer loop
      vertex -42.6667 -26.2394 2
      vertex -44.2501 -28.6091 2
      vertex -43.5304 -29.0404 2
    endloop
  endfacet
  facet normal 0 0 1
    outer loop
      vertex -46.6091 -26.2501 2
      vertex -44.2394 -24.6667 2
      vertex -44.5269 -24.187 2
    endloop
  endfacet
  facet normal 0 0 1
    outer loop
      vertex -47.0404 -25.5304 2
      vertex -44.5269 -24.187 2
      vertex -44.7661 -23.6813 2
    endloop
  endfacet
  facet normal 0 0 1
    outer loop
      vertex -43.116 -25.9062 2
      vertex -44.924 -28.1092 2
      vertex -44.2501 -28.6091 2
    endloop
  endfacet
  facet normal 0 0 1
    outer loop
      vertex -47.3992 -24.7719 2
      vertex -44.7661 -23.6813 2
      vertex -44.9546 -23.1546 2
    endloop
  endfacet
  facet normal 0 0 1
    outer loop
      vertex -47.6818 -23.9819 2
      vertex -44.9546 -23.1546 2
      vertex -45.0905 -22.612 2
    endloop
  endfacet
  facet normal 0 0 1
    outer loop
      vertex -47.8857 -23.168 2
      vertex -45.0905 -22.612 2
      vertex -45.1725 -22.0587 2
    endloop
  endfacet
  facet normal 0 0 1
    outer loop
      vertex -48.0088 -22.338 2
      vertex -45.1725 -22.0587 2
      vertex -45.2 -21.5 2
    endloop
  endfacet
  facet normal 0 0 1
    outer loop
      vertex -43.5305 -25.5305 2
      vertex -45.5457 -27.5457 2
      vertex -44.924 -28.1092 2
    endloop
  endfacet
  facet normal 0 0 1
    outer loop
      vertex -45.2 21.5 2
      vertex -48.05 21.5 2
      vertex -45.2 -21.5 2
    endloop
  endfacet
  facet normal -0 0 1
    outer loop
      vertex -47.6818 23.9819 2
      vertex -44.9546 23.1546 2
      vertex -47.3992 24.7719 2
    endloop
  endfacet
  facet normal 0 0 1
    outer loop
      vertex -48.05 -21.5 2
      vertex -45.2 -21.5 2
      vertex -48.05 21.5 2
    endloop
  endfacet
  facet normal 0 0 1
    outer loop
      vertex -44.9546 23.1546 2
      vertex -47.6818 23.9819 2
      vertex -45.0905 22.612 2
    endloop
  endfacet
  facet normal 0 -0 1
    outer loop
      vertex -48.0088 -22.338 2
      vertex -45.2 -21.5 2
      vertex -48.05 -21.5 2
    endloop
  endfacet
  facet normal -0 0 1
    outer loop
      vertex -47.8857 23.168 2
      vertex -45.0905 22.612 2
      vertex -47.6818 23.9819 2
    endloop
  endfacet
  facet normal 0 0 1
    outer loop
      vertex -43.9062 -25.116 2
      vertex -46.1092 -26.924 2
      vertex -45.5457 -27.5457 2
    endloop
  endfacet
  facet normal 0 0 1
    outer loop
      vertex -45.0905 22.612 2
      vertex -47.8857 23.168 2
      vertex -45.1725 22.0587 2
    endloop
  endfacet
  facet normal 0 0 1
    outer loop
      vertex -44.2394 -24.6667 2
      vertex -46.6091 -26.2501 2
      vertex -46.1092 -26.924 2
    endloop
  endfacet
  facet normal -0 0 1
    outer loop
      vertex -48.0088 22.338 2
      vertex -45.1725 22.0587 2
      vertex -47.8857 23.168 2
    endloop
  endfacet
  facet normal 0 0 1
    outer loop
      vertex -44.5269 -24.187 2
      vertex -47.0404 -25.5304 2
      vertex -46.6091 -26.2501 2
    endloop
  endfacet
  facet normal 0 0 1
    outer loop
      vertex -45.1725 22.0587 2
      vertex -48.0088 22.338 2
      vertex -45.2 21.5 2
    endloop
  endfacet
  facet normal 0 0 1
    outer loop
      vertex -44.7661 -23.6813 2
      vertex -47.3992 -24.7719 2
      vertex -47.0404 -25.5304 2
    endloop
  endfacet
  facet normal 0 0 1
    outer loop
      vertex -45.2 21.5 2
      vertex -48.0088 22.338 2
      vertex -48.05 21.5 2
    endloop
  endfacet
  facet normal 0 0 1
    outer loop
      vertex -44.9546 -23.1546 2
      vertex -47.6818 -23.9819 2
      vertex -47.3992 -24.7719 2
    endloop
  endfacet
  facet normal 0 0 1
    outer loop
      vertex -45.0905 -22.612 2
      vertex -47.8857 -23.168 2
      vertex -47.6818 -23.9819 2
    endloop
  endfacet
  facet normal 0 0 1
    outer loop
      vertex -45.1725 -22.0587 2
      vertex -48.0088 -22.338 2
      vertex -47.8857 -23.168 2
    endloop
  endfacet
  facet normal 0 0 1
    outer loop
      vertex 48.0088 22.338 2
      vertex 45.1725 22.0587 2
      vertex 45.2 21.5 2
    endloop
  endfacet
  facet normal 0 0 1
    outer loop
      vertex 46.1092 26.924 2
      vertex 45.0905 22.612 2
      vertex 45.1725 22.0587 2
    endloop
  endfacet
  facet normal 0 0 1
    outer loop
      vertex 46.1092 26.924 2
      vertex 44.9546 23.1546 2
      vertex 45.0905 22.612 2
    endloop
  endfacet
  facet normal 0 0 1
    outer loop
      vertex 43.5305 25.5305 2
      vertex 45.5457 27.5457 2
      vertex 44.924 28.1092 2
    endloop
  endfacet
  facet normal 0 0 1
    outer loop
      vertex 46.1092 26.924 2
      vertex 44.7661 23.6813 2
      vertex 44.9546 23.1546 2
    endloop
  endfacet
  facet normal 0 0 1
    outer loop
      vertex 46.1092 26.924 2
      vertex 44.5269 24.187 2
      vertex 44.7661 23.6813 2
    endloop
  endfacet
  facet normal 0 0 1
    outer loop
      vertex 43.116 25.9062 2
      vertex 44.924 28.1092 2
      vertex 44.2501 28.6091 2
    endloop
  endfacet
  facet normal 0 0 1
    outer loop
      vertex 46.1092 26.924 2
      vertex 44.2394 24.6667 2
      vertex 44.5269 24.187 2
    endloop
  endfacet
  facet normal 0 0 1
    outer loop
      vertex 46.1092 26.924 2
      vertex 43.9062 25.116 2
      vertex 44.2394 24.6667 2
    endloop
  endfacet
  facet normal 0 0 1
    outer loop
      vertex 45.5457 27.5457 2
      vertex 43.5305 25.5305 2
      vertex 43.9062 25.116 2
    endloop
  endfacet
  facet normal 0 0 1
    outer loop
      vertex 42.6667 26.2394 2
      vertex 44.2501 28.6091 2
      vertex 43.5304 29.0404 2
    endloop
  endfacet
  facet normal 0 0 1
    outer loop
      vertex 44.924 28.1092 2
      vertex 43.116 25.9062 2
      vertex 43.5305 25.5305 2
    endloop
  endfacet
  facet normal 0 0 1
    outer loop
      vertex 42.187 26.5269 2
      vertex 43.5304 29.0404 2
      vertex 42.7719 29.3992 2
    endloop
  endfacet
  facet normal 0 0 1
    outer loop
      vertex 44.2501 28.6091 2
      vertex 42.6667 26.2394 2
      vertex 43.116 25.9062 2
    endloop
  endfacet
  facet normal 0 0 1
    outer loop
      vertex 43.5304 29.0404 2
      vertex 42.187 26.5269 2
      vertex 42.6667 26.2394 2
    endloop
  endfacet
  facet normal 0 0 1
    outer loop
      vertex 41.6813 26.7661 2
      vertex 42.7719 29.3992 2
      vertex 41.9819 29.6818 2
    endloop
  endfacet
  facet normal 0 0 1
    outer loop
      vertex 42.7719 29.3992 2
      vertex 41.6813 26.7661 2
      vertex 42.187 26.5269 2
    endloop
  endfacet
  facet normal 0 0 1
    outer loop
      vertex 41.1546 26.9546 2
      vertex 41.9819 29.6818 2
      vertex 41.168 29.8857 2
    endloop
  endfacet
  facet normal 0 0 1
    outer loop
      vertex 41.9819 29.6818 2
      vertex 41.1546 26.9546 2
      vertex 41.6813 26.7661 2
    endloop
  endfacet
  facet normal 0 0 1
    outer loop
      vertex 41.168 29.8857 2
      vertex 40.612 27.0905 2
      vertex 41.1546 26.9546 2
    endloop
  endfacet
  facet normal 0 0 1
    outer loop
      vertex 40.338 30.0088 2
      vertex 40.612 27.0905 2
      vertex 41.168 29.8857 2
    endloop
  endfacet
  facet normal 0 0 1
    outer loop
      vertex 40.338 30.0088 2
      vertex 40.0587 27.1725 2
      vertex 40.612 27.0905 2
    endloop
  endfacet
  facet normal 0 0 1
    outer loop
      vertex 40.338 30.0088 2
      vertex 39.5 27.2 2
      vertex 40.0587 27.1725 2
    endloop
  endfacet
  facet normal 0 0 1
    outer loop
      vertex 39.5 30.05 2
      vertex 39.5 27.2 2
      vertex 40.338 30.0088 2
    endloop
  endfacet
  facet normal -0 0 1
    outer loop
      vertex 29.5 30.05 2
      vertex 39.5 27.2 2
      vertex 39.5 30.05 2
    endloop
  endfacet
  facet normal 0 0 1
    outer loop
      vertex 39.5 27.2 2
      vertex 29.5 30.05 2
      vertex 29.5 27.2 2
    endloop
  endfacet
  facet normal 0 0 1
    outer loop
      vertex 45.2 21.5 2
      vertex 48.05 21.5 2
      vertex 48.0088 22.338 2
    endloop
  endfacet
  facet normal 0 0 1
    outer loop
      vertex 45.1725 22.0587 2
      vertex 48.0088 22.338 2
      vertex 47.8857 23.168 2
    endloop
  endfacet
  facet normal 0 0 1
    outer loop
      vertex 45.1725 22.0587 2
      vertex 47.8857 23.168 2
      vertex 47.6818 23.9819 2
    endloop
  endfacet
  facet normal 0 0 1
    outer loop
      vertex 45.1725 22.0587 2
      vertex 47.6818 23.9819 2
      vertex 47.3992 24.7719 2
    endloop
  endfacet
  facet normal 0 0 1
    outer loop
      vertex 45.1725 22.0587 2
      vertex 47.3992 24.7719 2
      vertex 47.0404 25.5304 2
    endloop
  endfacet
  facet normal 0 0 1
    outer loop
      vertex 45.1725 22.0587 2
      vertex 47.0404 25.5304 2
      vertex 46.6091 26.2501 2
    endloop
  endfacet
  facet normal 0 0 1
    outer loop
      vertex 45.1725 22.0587 2
      vertex 46.6091 26.2501 2
      vertex 46.1092 26.924 2
    endloop
  endfacet
  facet normal 0 0 1
    outer loop
      vertex 43.9062 25.116 2
      vertex 46.1092 26.924 2
      vertex 45.5457 27.5457 2
    endloop
  endfacet
  facet normal 0 0 1
    outer loop
      vertex 48.05 21.5 2
      vertex 45.2 21.5 2
      vertex 48.05 7.5 2
    endloop
  endfacet
  facet normal 0 0 1
    outer loop
      vertex 48.05 7.5 2
      vertex 45.2 21.5 2
      vertex 45.2 7.5 2
    endloop
  endfacet
  facet normal 0 0 1
    outer loop
      vertex 43.8 21.5 2
      vertex 41.7368 21.2695 2
      vertex 41.75 21 2
    endloop
  endfacet
  facet normal 0 0 1
    outer loop
      vertex 42.2279 24.8239 2
      vertex 41.6972 21.5365 2
      vertex 41.7368 21.2695 2
    endloop
  endfacet
  facet normal 0 0 1
    outer loop
      vertex 42.2279 24.8239 2
      vertex 41.6316 21.7983 2
      vertex 41.6972 21.5365 2
    endloop
  endfacet
  facet normal 0 0 1
    outer loop
      vertex 42.2279 24.8239 2
      vertex 41.5407 22.0524 2
      vertex 41.6316 21.7983 2
    endloop
  endfacet
  facet normal 0 0 1
    outer loop
      vertex 40.5278 23.2865 2
      vertex 41.8889 25.0753 2
      vertex 41.527 25.2923 2
    endloop
  endfacet
  facet normal 0 0 1
    outer loop
      vertex 42.2279 24.8239 2
      vertex 41.4253 22.2963 2
      vertex 41.5407 22.0524 2
    endloop
  endfacet
  facet normal 0 0 1
    outer loop
      vertex 42.2279 24.8239 2
      vertex 41.2865 22.5278 2
      vertex 41.4253 22.2963 2
    endloop
  endfacet
  facet normal 0 0 1
    outer loop
      vertex 40.2963 23.4253 2
      vertex 41.527 25.2923 2
      vertex 41.1455 25.4727 2
    endloop
  endfacet
  facet normal 0 0 1
    outer loop
      vertex 42.2279 24.8239 2
      vertex 41.1258 22.7446 2
      vertex 41.2865 22.5278 2
    endloop
  endfacet
  facet normal 0 0 1
    outer loop
      vertex 42.2279 24.8239 2
      vertex 40.9445 22.9445 2
      vertex 41.1258 22.7446 2
    endloop
  endfacet
  facet normal 0 0 1
    outer loop
      vertex 40.0524 23.5407 2
      vertex 41.1455 25.4727 2
      vertex 40.7482 25.6148 2
    endloop
  endfacet
  facet normal 0 0 1
    outer loop
      vertex 42.2279 24.8239 2
      vertex 40.7446 23.1258 2
      vertex 40.9445 22.9445 2
    endloop
  endfacet
  facet normal 0 0 1
    outer loop
      vertex 41.8889 25.0753 2
      vertex 40.5278 23.2865 2
      vertex 40.7446 23.1258 2
    endloop
  endfacet
  facet normal 0 0 1
    outer loop
      vertex 39.7983 23.6316 2
      vertex 40.7482 25.6148 2
      vertex 40.3389 25.7174 2
    endloop
  endfacet
  facet normal 0 0 1
    outer loop
      vertex 41.527 25.2923 2
      vertex 40.2963 23.4253 2
      vertex 40.5278 23.2865 2
    endloop
  endfacet
  facet normal 0 0 1
    outer loop
      vertex 41.1455 25.4727 2
      vertex 40.0524 23.5407 2
      vertex 40.2963 23.4253 2
    endloop
  endfacet
  facet normal 0 0 1
    outer loop
      vertex 39.7983 23.6316 2
      vertex 40.3389 25.7174 2
      vertex 39.9215 25.7793 2
    endloop
  endfacet
  facet normal 0 0 1
    outer loop
      vertex 40.7482 25.6148 2
      vertex 39.7983 23.6316 2
      vertex 40.0524 23.5407 2
    endloop
  endfacet
  facet normal 0 0 1
    outer loop
      vertex 39.9215 25.7793 2
      vertex 39.5365 23.6972 2
      vertex 39.7983 23.6316 2
    endloop
  endfacet
  facet normal 0 0 1
    outer loop
      vertex 39.5 25.8 2
      vertex 39.5365 23.6972 2
      vertex 39.9215 25.7793 2
    endloop
  endfacet
  facet normal 0 0 1
    outer loop
      vertex 39.5 25.8 2
      vertex 39.2695 23.7368 2
      vertex 39.5365 23.6972 2
    endloop
  endfacet
  facet normal 0 0 1
    outer loop
      vertex 39.5 25.8 2
      vertex 39 23.75 2
      vertex 39.2695 23.7368 2
    endloop
  endfacet
  facet normal 0 0 1
    outer loop
      vertex 39.5 25.8 2
      vertex 38.7305 23.7368 2
      vertex 39 23.75 2
    endloop
  endfacet
  facet normal 0 0 1
    outer loop
      vertex 39.5 25.8 2
      vertex 38.4635 23.6972 2
      vertex 38.7305 23.7368 2
    endloop
  endfacet
  facet normal 0 0 1
    outer loop
      vertex 39.5 25.8 2
      vertex 38.2017 23.6316 2
      vertex 38.4635 23.6972 2
    endloop
  endfacet
  facet normal 0 0 1
    outer loop
      vertex 39.5 25.8 2
      vertex 37.9476 23.5407 2
      vertex 38.2017 23.6316 2
    endloop
  endfacet
  facet normal 0 0 1
    outer loop
      vertex 39.5 25.8 2
      vertex 37.7037 23.4253 2
      vertex 37.9476 23.5407 2
    endloop
  endfacet
  facet normal 0 0 1
    outer loop
      vertex 39.5 25.8 2
      vertex 37.4722 23.2865 2
      vertex 37.7037 23.4253 2
    endloop
  endfacet
  facet normal -0 0 1
    outer loop
      vertex 29.5 25.8 2
      vertex 37.4722 23.2865 2
      vertex 39.5 25.8 2
    endloop
  endfacet
  facet normal 0 0 1
    outer loop
      vertex 37.4722 23.2865 2
      vertex 29.5 25.8 2
      vertex 37.2554 23.1258 2
    endloop
  endfacet
  facet normal 0 0 1
    outer loop
      vertex 37.2554 23.1258 2
      vertex 29.5 25.8 2
      vertex 37.0555 22.9445 2
    endloop
  endfacet
  facet normal 0 0 1
    outer loop
      vertex 38.2017 -18.3684 2
      vertex 31.4849 -7.48492 2
      vertex 37.9476 -18.4593 2
    endloop
  endfacet
  facet normal 0 0 1
    outer loop
      vertex 29.5 22.8 2
      vertex 36.25 21 2
      vertex 36.2632 21.2695 2
    endloop
  endfacet
  facet normal 0 0 1
    outer loop
      vertex 36.2632 20.7305 2
      vertex 33.9807 0.392068 2
      vertex 34 0 2
    endloop
  endfacet
  facet normal 0 0 1
    outer loop
      vertex 36.2632 20.7305 2
      vertex 33.9231 0.780361 2
      vertex 33.9807 0.392068 2
    endloop
  endfacet
  facet normal 0 0 1
    outer loop
      vertex 36.2632 20.7305 2
      vertex 33.8278 1.16114 2
      vertex 33.9231 0.780361 2
    endloop
  endfacet
  facet normal 0 0 1
    outer loop
      vertex 36.2632 20.7305 2
      vertex 33.6955 1.53073 2
      vertex 33.8278 1.16114 2
    endloop
  endfacet
  facet normal 0 0 1
    outer loop
      vertex 36.2632 20.7305 2
      vertex 33.5277 1.88559 2
      vertex 33.6955 1.53073 2
    endloop
  endfacet
  facet normal 0 0 1
    outer loop
      vertex 36.2632 20.7305 2
      vertex 33.3259 2.22228 2
      vertex 33.5277 1.88559 2
    endloop
  endfacet
  facet normal 0 0 1
    outer loop
      vertex 29.5 22.8 2
      vertex 36.2632 21.2695 2
      vertex 36.3028 21.5365 2
    endloop
  endfacet
  facet normal 0 0 1
    outer loop
      vertex 36.2632 20.7305 2
      vertex 33.092 2.53757 2
      vertex 33.3259 2.22228 2
    endloop
  endfacet
  facet normal 0 0 1
    outer loop
      vertex 36.2632 20.7305 2
      vertex 32.8284 2.82843 2
      vertex 33.092 2.53757 2
    endloop
  endfacet
  facet normal 0 0 1
    outer loop
      vertex 36.2632 20.7305 2
      vertex 32.5376 3.09204 2
      vertex 32.8284 2.82843 2
    endloop
  endfacet
  facet normal 0 0 1
    outer loop
      vertex 36.2632 20.7305 2
      vertex 32.2223 3.32588 2
      vertex 32.5376 3.09204 2
    endloop
  endfacet
  facet normal 0 0 1
    outer loop
      vertex 36.2632 20.7305 2
      vertex 31.8856 3.52768 2
      vertex 32.2223 3.32588 2
    endloop
  endfacet
  facet normal 0 0 1
    outer loop
      vertex 36.2632 20.7305 2
      vertex 31.5307 3.69552 2
      vertex 31.8856 3.52768 2
    endloop
  endfacet
  facet normal 0 0 1
    outer loop
      vertex 29.5 22.8 2
      vertex 36.3028 21.5365 2
      vertex 36.3684 21.7983 2
    endloop
  endfacet
  facet normal 0 0 1
    outer loop
      vertex 36.2632 20.7305 2
      vertex 31.1611 3.82776 2
      vertex 31.5307 3.69552 2
    endloop
  endfacet
  facet normal 0 0 1
    outer loop
      vertex 36.2632 20.7305 2
      vertex 30.7804 3.92314 2
      vertex 31.1611 3.82776 2
    endloop
  endfacet
  facet normal 0 0 1
    outer loop
      vertex 36.2632 20.7305 2
      vertex 30.3921 3.98074 2
      vertex 30.7804 3.92314 2
    endloop
  endfacet
  facet normal 0 -0 1
    outer loop
      vertex 30 4 2
      vertex 36.2632 20.7305 2
      vertex 29.5 22.8 2
    endloop
  endfacet
  facet normal 0 0 1
    outer loop
      vertex 29.5 22.8 2
      vertex 36.3684 21.7983 2
      vertex 36.4593 22.0524 2
    endloop
  endfacet
  facet normal 0 0 1
    outer loop
      vertex 36.2632 20.7305 2
      vertex 30 4 2
      vertex 30.3921 3.98074 2
    endloop
  endfacet
  facet normal 0 0 1
    outer loop
      vertex 37.0555 22.9445 2
      vertex 29.5 25.8 2
      vertex 36.8742 22.7446 2
    endloop
  endfacet
  facet normal 0 0 1
    outer loop
      vertex 29.5 25.8 2
      vertex 36.7135 22.5278 2
      vertex 36.8742 22.7446 2
    endloop
  endfacet
  facet normal 0 0 1
    outer loop
      vertex 29.5 25.8 2
      vertex 36.5747 22.2963 2
      vertex 36.7135 22.5278 2
    endloop
  endfacet
  facet normal -0 0 1
    outer loop
      vertex 29.5 22.8 2
      vertex 36.5747 22.2963 2
      vertex 29.5 25.8 2
    endloop
  endfacet
  facet normal 0 0 1
    outer loop
      vertex 36.5747 22.2963 2
      vertex 29.5 22.8 2
      vertex 36.4593 22.0524 2
    endloop
  endfacet
  facet normal 0 0 1
    outer loop
      vertex 30 4 2
      vertex 29.5 22.8 2
      vertex 29.6079 3.98074 2
    endloop
  endfacet
  facet normal -0 0 1
    outer loop
      vertex 28 22.8 2
      vertex 29.6079 3.98074 2
      vertex 29.5 22.8 2
    endloop
  endfacet
  facet normal 0 0 1
    outer loop
      vertex 29.6079 3.98074 2
      vertex 28 22.8 2
      vertex 29.2196 3.92314 2
    endloop
  endfacet
  facet normal 0 0 1
    outer loop
      vertex 29.2196 3.92314 2
      vertex 28 22.8 2
      vertex 28.8389 3.82776 2
    endloop
  endfacet
  facet normal 0 0 1
    outer loop
      vertex 28.8389 3.82776 2
      vertex 28 22.8 2
      vertex 28.4693 3.69552 2
    endloop
  endfacet
  facet normal 0 0 1
    outer loop
      vertex 28.4693 3.69552 2
      vertex 28 22.8 2
      vertex 28.1144 3.52768 2
    endloop
  endfacet
  facet normal 0 0 1
    outer loop
      vertex 28.1144 3.52768 2
      vertex 28 22.8 2
      vertex 27.7777 3.32588 2
    endloop
  endfacet
  facet normal 0 0 1
    outer loop
      vertex 41.7368 21.2695 2
      vertex 43.8 21.5 2
      vertex 43.7793 21.9215 2
    endloop
  endfacet
  facet normal 0 0 1
    outer loop
      vertex 41.7368 21.2695 2
      vertex 43.7793 21.9215 2
      vertex 43.7174 22.3389 2
    endloop
  endfacet
  facet normal 0 0 1
    outer loop
      vertex 41.7368 21.2695 2
      vertex 43.7174 22.3389 2
      vertex 43.6148 22.7482 2
    endloop
  endfacet
  facet normal 0 0 1
    outer loop
      vertex 41.7368 21.2695 2
      vertex 43.6148 22.7482 2
      vertex 43.4727 23.1455 2
    endloop
  endfacet
  facet normal 0 0 1
    outer loop
      vertex 41.7368 21.2695 2
      vertex 43.4727 23.1455 2
      vertex 43.2923 23.527 2
    endloop
  endfacet
  facet normal 0 0 1
    outer loop
      vertex 41.7368 21.2695 2
      vertex 43.2923 23.527 2
      vertex 43.0753 23.8889 2
    endloop
  endfacet
  facet normal 0 0 1
    outer loop
      vertex 41.7368 21.2695 2
      vertex 43.0753 23.8889 2
      vertex 42.8239 24.2279 2
    endloop
  endfacet
  facet normal 0 0 1
    outer loop
      vertex 41.7368 21.2695 2
      vertex 42.8239 24.2279 2
      vertex 42.5405 24.5405 2
    endloop
  endfacet
  facet normal 0 0 1
    outer loop
      vertex 41.7368 21.2695 2
      vertex 42.5405 24.5405 2
      vertex 42.2279 24.8239 2
    endloop
  endfacet
  facet normal 0 0 1
    outer loop
      vertex 40.7446 23.1258 2
      vertex 42.2279 24.8239 2
      vertex 41.8889 25.0753 2
    endloop
  endfacet
  facet normal 0 0 1
    outer loop
      vertex 43.8 21.5 2
      vertex 41.75 21 2
      vertex 41.7368 20.7305 2
    endloop
  endfacet
  facet normal 0 0 1
    outer loop
      vertex 43.8 21.5 2
      vertex 41.7368 20.7305 2
      vertex 41.6972 20.4635 2
    endloop
  endfacet
  facet normal 0 0 1
    outer loop
      vertex 43.8 21.5 2
      vertex 41.6972 20.4635 2
      vertex 41.6316 20.2017 2
    endloop
  endfacet
  facet normal 0 0 1
    outer loop
      vertex 43.8 21.5 2
      vertex 41.6316 20.2017 2
      vertex 41.5407 19.9476 2
    endloop
  endfacet
  facet normal 0 0 1
    outer loop
      vertex 43.8 21.5 2
      vertex 41.5407 19.9476 2
      vertex 41.4253 19.7037 2
    endloop
  endfacet
  facet normal 0 0 1
    outer loop
      vertex 43.8 21.5 2
      vertex 41.4253 19.7037 2
      vertex 41.2865 19.4722 2
    endloop
  endfacet
  facet normal 0 0 1
    outer loop
      vertex 41.1258 19.2554 2
      vertex 43.8 21.5 2
      vertex 41.2865 19.4722 2
    endloop
  endfacet
  facet normal 0 0 1
    outer loop
      vertex 43.8 21.5 2
      vertex 41.1258 19.2554 2
      vertex 43.8 7.5 2
    endloop
  endfacet
  facet normal -0 0 1
    outer loop
      vertex 40.7446 18.8742 2
      vertex 43.8 7.5 2
      vertex 40.9445 19.0555 2
    endloop
  endfacet
  facet normal -0 0 1
    outer loop
      vertex 40.9445 19.0555 2
      vertex 43.8 7.5 2
      vertex 41.1258 19.2554 2
    endloop
  endfacet
  facet normal -0 0 1
    outer loop
      vertex 41.1258 -19.2554 2
      vertex 43.8 -21.5 2
      vertex 43.8 -7.5 2
    endloop
  endfacet
  facet normal -0 -0 1
    outer loop
      vertex 41.4253 -19.7037 2
      vertex 43.8 -21.5 2
      vertex 41.2865 -19.4722 2
    endloop
  endfacet
  facet normal -0 -0 1
    outer loop
      vertex 41.6316 -20.2017 2
      vertex 43.8 -21.5 2
      vertex 41.5407 -19.9476 2
    endloop
  endfacet
  facet normal -0 -0 1
    outer loop
      vertex 41.6972 -20.4635 2
      vertex 43.8 -21.5 2
      vertex 41.6316 -20.2017 2
    endloop
  endfacet
  facet normal -0 -0 1
    outer loop
      vertex 41.75 -21 2
      vertex 43.8 -21.5 2
      vertex 41.7368 -20.7305 2
    endloop
  endfacet
  facet normal 0 0 1
    outer loop
      vertex 41.6972 -21.5365 2
      vertex 43.8 -21.5 2
      vertex 41.7368 -21.2695 2
    endloop
  endfacet
  facet normal 0 0 1
    outer loop
      vertex 43.8 -21.5 2
      vertex 41.6972 -21.5365 2
      vertex 43.7793 -21.9215 2
    endloop
  endfacet
  facet normal 0 0 1
    outer loop
      vertex 43.7793 -21.9215 2
      vertex 41.6316 -21.7983 2
      vertex 43.7174 -22.3389 2
    endloop
  endfacet
  facet normal -0 0 1
    outer loop
      vertex 41.5407 -22.0524 2
      vertex 43.6148 -22.7482 2
      vertex 41.6316 -21.7983 2
    endloop
  endfacet
  facet normal 0 0 1
    outer loop
      vertex 43.6148 -22.7482 2
      vertex 41.5407 -22.0524 2
      vertex 43.4727 -23.1455 2
    endloop
  endfacet
  facet normal 0 0 1
    outer loop
      vertex 43.4727 -23.1455 2
      vertex 41.4253 -22.2963 2
      vertex 43.2923 -23.527 2
    endloop
  endfacet
  facet normal -0 0 1
    outer loop
      vertex 41.4253 -22.2963 2
      vertex 43.4727 -23.1455 2
      vertex 41.5407 -22.0524 2
    endloop
  endfacet
  facet normal 0 0 1
    outer loop
      vertex 43.7174 -22.3389 2
      vertex 41.6316 -21.7983 2
      vertex 43.6148 -22.7482 2
    endloop
  endfacet
  facet normal -0 0 1
    outer loop
      vertex 41.6316 -21.7983 2
      vertex 43.7793 -21.9215 2
      vertex 41.6972 -21.5365 2
    endloop
  endfacet
  facet normal -0 0 1
    outer loop
      vertex 41.7368 -21.2695 2
      vertex 43.8 -21.5 2
      vertex 41.75 -21 2
    endloop
  endfacet
  facet normal -0 -0 1
    outer loop
      vertex 41.7368 -20.7305 2
      vertex 43.8 -21.5 2
      vertex 41.6972 -20.4635 2
    endloop
  endfacet
  facet normal -0 -0 1
    outer loop
      vertex 41.5407 -19.9476 2
      vertex 43.8 -21.5 2
      vertex 41.4253 -19.7037 2
    endloop
  endfacet
  facet normal 0 0 1
    outer loop
      vertex 40.0524 -18.4593 2
      vertex 43.8 -7.5 2
      vertex 41.15 -7.5 2
    endloop
  endfacet
  facet normal 0 0 1
    outer loop
      vertex 43.8 -21.5 2
      vertex 41.1258 -19.2554 2
      vertex 41.2865 -19.4722 2
    endloop
  endfacet
  facet normal -0 0 1
    outer loop
      vertex 40.5278 18.7135 2
      vertex 43.8 7.5 2
      vertex 40.7446 18.8742 2
    endloop
  endfacet
  facet normal -0 0 1
    outer loop
      vertex 40.2963 18.5747 2
      vertex 43.8 7.5 2
      vertex 40.5278 18.7135 2
    endloop
  endfacet
  facet normal 0 0 1
    outer loop
      vertex 43.8 -7.5 2
      vertex 40.9445 -19.0555 2
      vertex 41.1258 -19.2554 2
    endloop
  endfacet
  facet normal -0 0 1
    outer loop
      vertex 40.0524 18.4593 2
      vertex 43.8 7.5 2
      vertex 40.2963 18.5747 2
    endloop
  endfacet
  facet normal 0 0 1
    outer loop
      vertex 43.8 -7.5 2
      vertex 40.7446 -18.8742 2
      vertex 40.9445 -19.0555 2
    endloop
  endfacet
  facet normal 0 0 1
    outer loop
      vertex 43.8 7.5 2
      vertex 40.0524 18.4593 2
      vertex 41.15 7.5 2
    endloop
  endfacet
  facet normal 0 0 1
    outer loop
      vertex 43.8 -7.5 2
      vertex 40.5278 -18.7135 2
      vertex 40.7446 -18.8742 2
    endloop
  endfacet
  facet normal -0 0 1
    outer loop
      vertex 39.7983 18.3684 2
      vertex 41.15 7.5 2
      vertex 40.0524 18.4593 2
    endloop
  endfacet
  facet normal 0 0 1
    outer loop
      vertex 43.8 -7.5 2
      vertex 40.2963 -18.5747 2
      vertex 40.5278 -18.7135 2
    endloop
  endfacet
  facet normal -0 0 1
    outer loop
      vertex 39.5365 18.3028 2
      vertex 41.15 7.5 2
      vertex 39.7983 18.3684 2
    endloop
  endfacet
  facet normal 0 0 1
    outer loop
      vertex 43.8 -7.5 2
      vertex 40.0524 -18.4593 2
      vertex 40.2963 -18.5747 2
    endloop
  endfacet
  facet normal -0 0 1
    outer loop
      vertex 39.2695 18.2632 2
      vertex 41.15 7.5 2
      vertex 39.5365 18.3028 2
    endloop
  endfacet
  facet normal 0 0 1
    outer loop
      vertex 41.15 -7.5 2
      vertex 39.7983 -18.3684 2
      vertex 40.0524 -18.4593 2
    endloop
  endfacet
  facet normal -0 0 1
    outer loop
      vertex 39 18.25 2
      vertex 41.15 7.5 2
      vertex 39.2695 18.2632 2
    endloop
  endfacet
  facet normal 0 0 1
    outer loop
      vertex 41.15 -7.5 2
      vertex 39.5365 -18.3028 2
      vertex 39.7983 -18.3684 2
    endloop
  endfacet
  facet normal 0 0 1
    outer loop
      vertex 38.7305 18.2632 2
      vertex 41.15 7.5 2
      vertex 39 18.25 2
    endloop
  endfacet
  facet normal 0 0 1
    outer loop
      vertex 41.15 -7.5 2
      vertex 39.2695 -18.2632 2
      vertex 39.5365 -18.3028 2
    endloop
  endfacet
  facet normal 0 0 1
    outer loop
      vertex 38.4635 18.3028 2
      vertex 41.15 7.5 2
      vertex 38.7305 18.2632 2
    endloop
  endfacet
  facet normal 0 0 1
    outer loop
      vertex 41.15 -7.5 2
      vertex 39 -18.25 2
      vertex 39.2695 -18.2632 2
    endloop
  endfacet
  facet normal 0 0 1
    outer loop
      vertex 38.2017 18.3684 2
      vertex 41.15 7.5 2
      vertex 38.4635 18.3028 2
    endloop
  endfacet
  facet normal 0 0 1
    outer loop
      vertex 41.15 -7.5 2
      vertex 38.7305 -18.2632 2
      vertex 39 -18.25 2
    endloop
  endfacet
  facet normal 0 0 1
    outer loop
      vertex 37.9476 18.4593 2
      vertex 41.15 7.5 2
      vertex 38.2017 18.3684 2
    endloop
  endfacet
  facet normal 0 0 1
    outer loop
      vertex 41.15 -7.5 2
      vertex 38.4635 -18.3028 2
      vertex 38.7305 -18.2632 2
    endloop
  endfacet
  facet normal 0 0 1
    outer loop
      vertex 37.7037 18.5747 2
      vertex 41.15 7.5 2
      vertex 37.9476 18.4593 2
    endloop
  endfacet
  facet normal 0 0 1
    outer loop
      vertex 41.15 -7.5 2
      vertex 38.2017 -18.3684 2
      vertex 38.4635 -18.3028 2
    endloop
  endfacet
  facet normal 0 0 1
    outer loop
      vertex 37.4722 18.7135 2
      vertex 41.15 7.5 2
      vertex 37.7037 18.5747 2
    endloop
  endfacet
  facet normal -0 0 1
    outer loop
      vertex 32.0096 -6.6096 2
      vertex 41.15 -7.5 2
      vertex 32.0596 -6.40969 2
    endloop
  endfacet
  facet normal 0 0 1
    outer loop
      vertex 37.2554 18.8742 2
      vertex 41.15 7.5 2
      vertex 37.4722 18.7135 2
    endloop
  endfacet
  facet normal -0 0 1
    outer loop
      vertex 31.9401 -6.80363 2
      vertex 41.15 -7.5 2
      vertex 32.0096 -6.6096 2
    endloop
  endfacet
  facet normal 0 0 1
    outer loop
      vertex 34 0 2
      vertex 37.2554 18.8742 2
      vertex 37.0555 19.0555 2
    endloop
  endfacet
  facet normal -0 0 1
    outer loop
      vertex 31.852 -6.98993 2
      vertex 41.15 -7.5 2
      vertex 31.9401 -6.80363 2
    endloop
  endfacet
  facet normal 0 0 1
    outer loop
      vertex 34 0 2
      vertex 37.0555 19.0555 2
      vertex 36.8742 19.2554 2
    endloop
  endfacet
  facet normal -0 0 1
    outer loop
      vertex 33.8278 -1.16114 2
      vertex 41.15 -7.5 2
      vertex 33.9231 -0.780361 2
    endloop
  endfacet
  facet normal 0 0 1
    outer loop
      vertex 34 0 2
      vertex 36.8742 19.2554 2
      vertex 36.7135 19.4722 2
    endloop
  endfacet
  facet normal -0 0 1
    outer loop
      vertex 33.9807 -0.392068 2
      vertex 41.15 -7.5 2
      vertex 34 0 2
    endloop
  endfacet
  facet normal 0 0 1
    outer loop
      vertex 34 0 2
      vertex 36.7135 19.4722 2
      vertex 36.5747 19.7037 2
    endloop
  endfacet
  facet normal -0 0 1
    outer loop
      vertex 33.9231 -0.780361 2
      vertex 41.15 -7.5 2
      vertex 33.9807 -0.392068 2
    endloop
  endfacet
  facet normal 0 0 1
    outer loop
      vertex 37.2554 18.8742 2
      vertex 34 0 2
      vertex 41.15 7.5 2
    endloop
  endfacet
  facet normal -0 0 1
    outer loop
      vertex 33.6955 -1.53073 2
      vertex 41.15 -7.5 2
      vertex 33.8278 -1.16114 2
    endloop
  endfacet
  facet normal 0 0 1
    outer loop
      vertex 41.15 7.5 2
      vertex 34 0 2
      vertex 41.15 -7.5 2
    endloop
  endfacet
  facet normal -0 0 1
    outer loop
      vertex 33.5277 -1.88559 2
      vertex 41.15 -7.5 2
      vertex 33.6955 -1.53073 2
    endloop
  endfacet
  facet normal 0 0 1
    outer loop
      vertex 34 0 2
      vertex 36.5747 19.7037 2
      vertex 36.4593 19.9476 2
    endloop
  endfacet
  facet normal -0 0 1
    outer loop
      vertex 32.0596 -6.40969 2
      vertex 41.15 -7.5 2
      vertex 33.5277 -1.88559 2
    endloop
  endfacet
  facet normal 0 0 1
    outer loop
      vertex 34 0 2
      vertex 36.4593 19.9476 2
      vertex 36.3684 20.2017 2
    endloop
  endfacet
  facet normal -0 0 1
    outer loop
      vertex 31.7461 -7.1667 2
      vertex 41.15 -7.5 2
      vertex 31.852 -6.98993 2
    endloop
  endfacet
  facet normal 0 0 1
    outer loop
      vertex 34 0 2
      vertex 36.3684 20.2017 2
      vertex 36.3028 20.4635 2
    endloop
  endfacet
  facet normal -0 0 1
    outer loop
      vertex 31.6233 -7.33223 2
      vertex 41.15 -7.5 2
      vertex 31.7461 -7.1667 2
    endloop
  endfacet
  facet normal 0 0 1
    outer loop
      vertex 34 0 2
      vertex 36.3028 20.4635 2
      vertex 36.2632 20.7305 2
    endloop
  endfacet
  facet normal -0 0 1
    outer loop
      vertex 31.4849 -7.48492 2
      vertex 41.15 -7.5 2
      vertex 31.6233 -7.33223 2
    endloop
  endfacet
  facet normal 0 0 1
    outer loop
      vertex 29.5 22.8 2
      vertex 36.2632 20.7305 2
      vertex 36.25 21 2
    endloop
  endfacet
  facet normal 0 0 1
    outer loop
      vertex 41.15 -7.5 2
      vertex 31.4849 -7.48492 2
      vertex 38.2017 -18.3684 2
    endloop
  endfacet
  facet normal -0 0 1
    outer loop
      vertex 41.2865 -22.5278 2
      vertex 43.2923 -23.527 2
      vertex 41.4253 -22.2963 2
    endloop
  endfacet
  facet normal 0 0 1
    outer loop
      vertex 43.2923 -23.527 2
      vertex 41.2865 -22.5278 2
      vertex 43.0753 -23.8889 2
    endloop
  endfacet
  facet normal -0 0 1
    outer loop
      vertex 41.1258 -22.7446 2
      vertex 43.0753 -23.8889 2
      vertex 41.2865 -22.5278 2
    endloop
  endfacet
  facet normal 0 0 1
    outer loop
      vertex 43.0753 -23.8889 2
      vertex 41.1258 -22.7446 2
      vertex 42.8239 -24.2279 2
    endloop
  endfacet
  facet normal -0 0 1
    outer loop
      vertex 40.9445 -22.9445 2
      vertex 42.8239 -24.2279 2
      vertex 41.1258 -22.7446 2
    endloop
  endfacet
  facet normal 0 0 1
    outer loop
      vertex 42.8239 -24.2279 2
      vertex 40.9445 -22.9445 2
      vertex 42.5405 -24.5405 2
    endloop
  endfacet
  facet normal 0 0 1
    outer loop
      vertex 42.5405 -24.5405 2
      vertex 40.9445 -22.9445 2
      vertex 42.2279 -24.8239 2
    endloop
  endfacet
  facet normal -0 0 1
    outer loop
      vertex 40.7446 -23.1258 2
      vertex 42.2279 -24.8239 2
      vertex 40.9445 -22.9445 2
    endloop
  endfacet
  facet normal 0 0 1
    outer loop
      vertex 42.2279 -24.8239 2
      vertex 40.7446 -23.1258 2
      vertex 41.8889 -25.0753 2
    endloop
  endfacet
  facet normal -0 0 1
    outer loop
      vertex 40.5278 -23.2865 2
      vertex 41.8889 -25.0753 2
      vertex 40.7446 -23.1258 2
    endloop
  endfacet
  facet normal 0 0 1
    outer loop
      vertex 41.8889 -25.0753 2
      vertex 40.5278 -23.2865 2
      vertex 41.527 -25.2923 2
    endloop
  endfacet
  facet normal -0 0 1
    outer loop
      vertex 40.2963 -23.4253 2
      vertex 41.527 -25.2923 2
      vertex 40.5278 -23.2865 2
    endloop
  endfacet
  facet normal 0 0 1
    outer loop
      vertex 41.527 -25.2923 2
      vertex 40.2963 -23.4253 2
      vertex 41.1455 -25.4727 2
    endloop
  endfacet
  facet normal -0 0 1
    outer loop
      vertex 40.0524 -23.5407 2
      vertex 41.1455 -25.4727 2
      vertex 40.2963 -23.4253 2
    endloop
  endfacet
  facet normal 0 0 1
    outer loop
      vertex 41.1455 -25.4727 2
      vertex 40.0524 -23.5407 2
      vertex 40.7482 -25.6148 2
    endloop
  endfacet
  facet normal -0 0 1
    outer loop
      vertex 39.7983 -23.6316 2
      vertex 40.7482 -25.6148 2
      vertex 40.0524 -23.5407 2
    endloop
  endfacet
  facet normal 0 0 1
    outer loop
      vertex 40.7482 -25.6148 2
      vertex 39.7983 -23.6316 2
      vertex 40.3389 -25.7174 2
    endloop
  endfacet
  facet normal 0 0 1
    outer loop
      vertex 40.3389 -25.7174 2
      vertex 39.7983 -23.6316 2
      vertex 39.9215 -25.7793 2
    endloop
  endfacet
  facet normal -0 0 1
    outer loop
      vertex 39.5365 -23.6972 2
      vertex 39.9215 -25.7793 2
      vertex 39.7983 -23.6316 2
    endloop
  endfacet
  facet normal 0 0 1
    outer loop
      vertex 39.5365 -23.6972 2
      vertex 39.5 -25.8 2
      vertex 39.9215 -25.7793 2
    endloop
  endfacet
  facet normal -0 0 1
    outer loop
      vertex 39.2695 -23.7368 2
      vertex 39.5 -25.8 2
      vertex 39.5365 -23.6972 2
    endloop
  endfacet
  facet normal -0 0 1
    outer loop
      vertex 39 -23.75 2
      vertex 39.5 -25.8 2
      vertex 39.2695 -23.7368 2
    endloop
  endfacet
  facet normal 0 0 1
    outer loop
      vertex 38.7305 -23.7368 2
      vertex 39.5 -25.8 2
      vertex 39 -23.75 2
    endloop
  endfacet
  facet normal 0 0 1
    outer loop
      vertex 38.4635 -23.6972 2
      vertex 39.5 -25.8 2
      vertex 38.7305 -23.7368 2
    endloop
  endfacet
  facet normal 0 0 1
    outer loop
      vertex 38.2017 -23.6316 2
      vertex 39.5 -25.8 2
      vertex 38.4635 -23.6972 2
    endloop
  endfacet
  facet normal 0 0 1
    outer loop
      vertex 37.9476 -23.5407 2
      vertex 39.5 -25.8 2
      vertex 38.2017 -23.6316 2
    endloop
  endfacet
  facet normal 0 0 1
    outer loop
      vertex 37.7037 -23.4253 2
      vertex 39.5 -25.8 2
      vertex 37.9476 -23.5407 2
    endloop
  endfacet
  facet normal 0 0 1
    outer loop
      vertex 37.4722 -23.2865 2
      vertex 39.5 -25.8 2
      vertex 37.7037 -23.4253 2
    endloop
  endfacet
  facet normal 0 0 1
    outer loop
      vertex 29.5 -25.8 2
      vertex 37.4722 -23.2865 2
      vertex 37.2554 -23.1258 2
    endloop
  endfacet
  facet normal 0 0 1
    outer loop
      vertex 29.5 -25.8 2
      vertex 37.2554 -23.1258 2
      vertex 37.0555 -22.9445 2
    endloop
  endfacet
  facet normal 0 0 1
    outer loop
      vertex 29.5 -25.8 2
      vertex 37.0555 -22.9445 2
      vertex 36.8742 -22.7446 2
    endloop
  endfacet
  facet normal -0 0 1
    outer loop
      vertex 31.3322 -7.62332 2
      vertex 37.9476 -18.4593 2
      vertex 31.4849 -7.48492 2
    endloop
  endfacet
  facet normal 0 0 1
    outer loop
      vertex 37.9476 -18.4593 2
      vertex 31.3322 -7.62332 2
      vertex 37.7037 -18.5747 2
    endloop
  endfacet
  facet normal -0 0 1
    outer loop
      vertex 31.1667 -7.74609 2
      vertex 37.7037 -18.5747 2
      vertex 31.3322 -7.62332 2
    endloop
  endfacet
  facet normal 0 0 1
    outer loop
      vertex 37.7037 -18.5747 2
      vertex 31.1667 -7.74609 2
      vertex 37.4722 -18.7135 2
    endloop
  endfacet
  facet normal -0 0 1
    outer loop
      vertex 30.9899 -7.85203 2
      vertex 37.4722 -18.7135 2
      vertex 31.1667 -7.74609 2
    endloop
  endfacet
  facet normal 0 0 1
    outer loop
      vertex 37.4722 -18.7135 2
      vertex 30.9899 -7.85203 2
      vertex 37.2554 -18.8742 2
    endloop
  endfacet
  facet normal 0 0 1
    outer loop
      vertex 32.0899 -6.20584 2
      vertex 33.5277 -1.88559 2
      vertex 33.3259 -2.22228 2
    endloop
  endfacet
  facet normal -0 0 1
    outer loop
      vertex 30.8036 -7.94015 2
      vertex 37.2554 -18.8742 2
      vertex 30.9899 -7.85203 2
    endloop
  endfacet
  facet normal 0 0 1
    outer loop
      vertex 32.1 -6 2
      vertex 33.3259 -2.22228 2
      vertex 33.092 -2.53757 2
    endloop
  endfacet
  facet normal 0 0 1
    outer loop
      vertex 32.1 -6 2
      vertex 33.092 -2.53757 2
      vertex 32.8284 -2.82843 2
    endloop
  endfacet
  facet normal 0 0 1
    outer loop
      vertex 32.1 -6 2
      vertex 32.8284 -2.82843 2
      vertex 32.5376 -3.09204 2
    endloop
  endfacet
  facet normal 0 0 1
    outer loop
      vertex 32.1 -6 2
      vertex 32.5376 -3.09204 2
      vertex 32.2223 -3.32588 2
    endloop
  endfacet
  facet normal 0 0 1
    outer loop
      vertex 32.1 -6 2
      vertex 32.2223 -3.32588 2
      vertex 32.1 -3.39917 2
    endloop
  endfacet
  facet normal 0 0 1
    outer loop
      vertex 33.3259 -2.22228 2
      vertex 32.1 -6 2
      vertex 32.0899 -6.20584 2
    endloop
  endfacet
  facet normal 0 0 1
    outer loop
      vertex 33.5277 -1.88559 2
      vertex 32.0899 -6.20584 2
      vertex 32.0596 -6.40969 2
    endloop
  endfacet
  facet normal -0 0 1
    outer loop
      vertex 30.6096 -8.00957 2
      vertex 37.2554 -18.8742 2
      vertex 30.8036 -7.94015 2
    endloop
  endfacet
  facet normal 0 0 1
    outer loop
      vertex 37.2554 -18.8742 2
      vertex 30.6096 -8.00957 2
      vertex 37.0555 -19.0555 2
    endloop
  endfacet
  facet normal -0 0 1
    outer loop
      vertex 30.4097 -8.05965 2
      vertex 37.0555 -19.0555 2
      vertex 30.6096 -8.00957 2
    endloop
  endfacet
  facet normal 0 0 1
    outer loop
      vertex 37.0555 -19.0555 2
      vertex 30.4097 -8.05965 2
      vertex 36.8742 -19.2554 2
    endloop
  endfacet
  facet normal -0 0 1
    outer loop
      vertex 30.2058 -8.08989 2
      vertex 36.8742 -19.2554 2
      vertex 30.4097 -8.05965 2
    endloop
  endfacet
  facet normal 0 0 1
    outer loop
      vertex 36.8742 -19.2554 2
      vertex 30.2058 -8.08989 2
      vertex 36.7135 -19.4722 2
    endloop
  endfacet
  facet normal 0 0 1
    outer loop
      vertex 29.5 -22.8 2
      vertex 36.7135 -19.4722 2
      vertex 30.2058 -8.08989 2
    endloop
  endfacet
  facet normal 0 0 1
    outer loop
      vertex 36.7135 -19.4722 2
      vertex 29.5 -22.8 2
      vertex 36.5747 -19.7037 2
    endloop
  endfacet
  facet normal 0 0 1
    outer loop
      vertex 36.5747 -19.7037 2
      vertex 29.5 -22.8 2
      vertex 36.4593 -19.9476 2
    endloop
  endfacet
  facet normal 0 0 1
    outer loop
      vertex 36.4593 -19.9476 2
      vertex 29.5 -22.8 2
      vertex 36.3684 -20.2017 2
    endloop
  endfacet
  facet normal 0 0 1
    outer loop
      vertex 36.3684 -20.2017 2
      vertex 29.5 -22.8 2
      vertex 36.3028 -20.4635 2
    endloop
  endfacet
  facet normal 0 0 1
    outer loop
      vertex 36.3028 -20.4635 2
      vertex 29.5 -22.8 2
      vertex 36.2632 -20.7305 2
    endloop
  endfacet
  facet normal 0 0 1
    outer loop
      vertex 36.25 -21 2
      vertex 29.5 -22.8 2
      vertex 36.2632 -21.2695 2
    endloop
  endfacet
  facet normal 0 0 1
    outer loop
      vertex 36.2632 -21.2695 2
      vertex 29.5 -22.8 2
      vertex 36.3028 -21.5365 2
    endloop
  endfacet
  facet normal 0 0 1
    outer loop
      vertex 36.3028 -21.5365 2
      vertex 29.5 -22.8 2
      vertex 36.3684 -21.7983 2
    endloop
  endfacet
  facet normal 0 0 1
    outer loop
      vertex 36.2632 -20.7305 2
      vertex 29.5 -22.8 2
      vertex 36.25 -21 2
    endloop
  endfacet
  facet normal 0 0 1
    outer loop
      vertex 29.5 -22.8 2
      vertex 30.2058 -8.08989 2
      vertex 30 -8.1 2
    endloop
  endfacet
  facet normal 0 0 1
    outer loop
      vertex 29.5 -22.8 2
      vertex 30 -8.1 2
      vertex 29.7942 -8.08989 2
    endloop
  endfacet
  facet normal 0 0 1
    outer loop
      vertex 36.3684 -21.7983 2
      vertex 29.5 -22.8 2
      vertex 36.4593 -22.0524 2
    endloop
  endfacet
  facet normal 0 0 1
    outer loop
      vertex 28 -22.8 2
      vertex 29.7942 -8.08989 2
      vertex 29.5903 -8.05965 2
    endloop
  endfacet
  facet normal 0 0 1
    outer loop
      vertex 36.4593 -22.0524 2
      vertex 29.5 -22.8 2
      vertex 36.5747 -22.2963 2
    endloop
  endfacet
  facet normal 0 0 1
    outer loop
      vertex 29.5 -25.8 2
      vertex 36.5747 -22.2963 2
      vertex 29.5 -22.8 2
    endloop
  endfacet
  facet normal 0 0 1
    outer loop
      vertex 36.5747 -22.2963 2
      vertex 29.5 -25.8 2
      vertex 36.7135 -22.5278 2
    endloop
  endfacet
  facet normal 0 0 1
    outer loop
      vertex 36.7135 -22.5278 2
      vertex 29.5 -25.8 2
      vertex 36.8742 -22.7446 2
    endloop
  endfacet
  facet normal 0 0 1
    outer loop
      vertex 37.4722 -23.2865 2
      vertex 29.5 -25.8 2
      vertex 39.5 -25.8 2
    endloop
  endfacet
  facet normal -0 0 1
    outer loop
      vertex -38.2017 18.3684 2
      vertex -31.8856 3.52768 2
      vertex -37.9476 18.4593 2
    endloop
  endfacet
  facet normal 0 0 1
    outer loop
      vertex -34 0 2
      vertex -36.2632 -20.7305 2
      vertex -36.25 -21 2
    endloop
  endfacet
  facet normal 0 0 1
    outer loop
      vertex -31.8856 3.52768 2
      vertex -38.2017 18.3684 2
      vertex -32.2223 3.32588 2
    endloop
  endfacet
  facet normal 0 0 1
    outer loop
      vertex -34 0 2
      vertex -36.3028 -20.4635 2
      vertex -36.2632 -20.7305 2
    endloop
  endfacet
  facet normal -0 0 1
    outer loop
      vertex -38.4635 18.3028 2
      vertex -32.2223 3.32588 2
      vertex -38.2017 18.3684 2
    endloop
  endfacet
  facet normal 0 0 1
    outer loop
      vertex -34 0 2
      vertex -36.3684 -20.2017 2
      vertex -36.3028 -20.4635 2
    endloop
  endfacet
  facet normal 0 0 1
    outer loop
      vertex -32.2223 3.32588 2
      vertex -38.4635 18.3028 2
      vertex -32.5376 3.09204 2
    endloop
  endfacet
  facet normal 0 0 1
    outer loop
      vertex -34 0 2
      vertex -36.4593 -19.9476 2
      vertex -36.3684 -20.2017 2
    endloop
  endfacet
  facet normal -0 0 1
    outer loop
      vertex -38.7305 18.2632 2
      vertex -32.5376 3.09204 2
      vertex -38.4635 18.3028 2
    endloop
  endfacet
  facet normal 0 0 1
    outer loop
      vertex -34 0 2
      vertex -36.5747 -19.7037 2
      vertex -36.4593 -19.9476 2
    endloop
  endfacet
  facet normal -0 0 1
    outer loop
      vertex -39 18.25 2
      vertex -32.5376 3.09204 2
      vertex -38.7305 18.2632 2
    endloop
  endfacet
  facet normal 0 0 1
    outer loop
      vertex -34 0 2
      vertex -36.7135 -19.4722 2
      vertex -36.5747 -19.7037 2
    endloop
  endfacet
  facet normal 0 0 1
    outer loop
      vertex -32.5376 3.09204 2
      vertex -39 18.25 2
      vertex -32.8284 2.82843 2
    endloop
  endfacet
  facet normal 0 0 1
    outer loop
      vertex -34 0 2
      vertex -36.8742 -19.2554 2
      vertex -36.7135 -19.4722 2
    endloop
  endfacet
  facet normal 0 0 1
    outer loop
      vertex -39.2695 18.2632 2
      vertex -32.8284 2.82843 2
      vertex -39 18.25 2
    endloop
  endfacet
  facet normal 0 0 1
    outer loop
      vertex -34 0 2
      vertex -37.0555 -19.0555 2
      vertex -36.8742 -19.2554 2
    endloop
  endfacet
  facet normal 0 0 1
    outer loop
      vertex -32.8284 2.82843 2
      vertex -39.2695 18.2632 2
      vertex -33.092 2.53757 2
    endloop
  endfacet
  facet normal 0 0 1
    outer loop
      vertex -34 0 2
      vertex -37.2554 -18.8742 2
      vertex -37.0555 -19.0555 2
    endloop
  endfacet
  facet normal 0 0 1
    outer loop
      vertex -39.5365 18.3028 2
      vertex -33.092 2.53757 2
      vertex -39.2695 18.2632 2
    endloop
  endfacet
  facet normal 0 0 1
    outer loop
      vertex -34 0 2
      vertex -37.4722 -18.7135 2
      vertex -37.2554 -18.8742 2
    endloop
  endfacet
  facet normal 0 0 1
    outer loop
      vertex -33.092 2.53757 2
      vertex -39.5365 18.3028 2
      vertex -33.3259 2.22228 2
    endloop
  endfacet
  facet normal 0 0 1
    outer loop
      vertex -34 0 2
      vertex -37.7037 -18.5747 2
      vertex -37.4722 -18.7135 2
    endloop
  endfacet
  facet normal 0 0 1
    outer loop
      vertex -39.7983 18.3684 2
      vertex -33.3259 2.22228 2
      vertex -39.5365 18.3028 2
    endloop
  endfacet
  facet normal 0 0 1
    outer loop
      vertex -34 0 2
      vertex -37.9476 -18.4593 2
      vertex -37.7037 -18.5747 2
    endloop
  endfacet
  facet normal 0 0 1
    outer loop
      vertex -33.3259 2.22228 2
      vertex -39.7983 18.3684 2
      vertex -33.5277 1.88559 2
    endloop
  endfacet
  facet normal 0 0 1
    outer loop
      vertex -34 0 2
      vertex -38.2017 -18.3684 2
      vertex -37.9476 -18.4593 2
    endloop
  endfacet
  facet normal 0 0 1
    outer loop
      vertex -40.0524 18.4593 2
      vertex -33.5277 1.88559 2
      vertex -39.7983 18.3684 2
    endloop
  endfacet
  facet normal 0 0 1
    outer loop
      vertex -34 0 2
      vertex -38.4635 -18.3028 2
      vertex -38.2017 -18.3684 2
    endloop
  endfacet
  facet normal 0 0 1
    outer loop
      vertex -33.5277 1.88559 2
      vertex -40.0524 18.4593 2
      vertex -33.6955 1.53073 2
    endloop
  endfacet
  facet normal 0 0 1
    outer loop
      vertex -34 0 2
      vertex -38.7305 -18.2632 2
      vertex -38.4635 -18.3028 2
    endloop
  endfacet
  facet normal 0 0 1
    outer loop
      vertex -40.2963 18.5747 2
      vertex -33.6955 1.53073 2
      vertex -40.0524 18.4593 2
    endloop
  endfacet
  facet normal 0 0 1
    outer loop
      vertex -34 0 2
      vertex -39 -18.25 2
      vertex -38.7305 -18.2632 2
    endloop
  endfacet
  facet normal 0 0 1
    outer loop
      vertex -33.6955 1.53073 2
      vertex -40.2963 18.5747 2
      vertex -33.8278 1.16114 2
    endloop
  endfacet
  facet normal 0 0 1
    outer loop
      vertex -34 0 2
      vertex -39.2695 -18.2632 2
      vertex -39 -18.25 2
    endloop
  endfacet
  facet normal 0 0 1
    outer loop
      vertex -40.5278 18.7135 2
      vertex -33.8278 1.16114 2
      vertex -40.2963 18.5747 2
    endloop
  endfacet
  facet normal 0 0 1
    outer loop
      vertex -34 0 2
      vertex -39.5365 -18.3028 2
      vertex -39.2695 -18.2632 2
    endloop
  endfacet
  facet normal 0 0 1
    outer loop
      vertex -33.8278 1.16114 2
      vertex -40.5278 18.7135 2
      vertex -33.9231 0.780361 2
    endloop
  endfacet
  facet normal 0 0 1
    outer loop
      vertex -34 0 2
      vertex -39.7983 -18.3684 2
      vertex -39.5365 -18.3028 2
    endloop
  endfacet
  facet normal 0 0 1
    outer loop
      vertex -40.7446 18.8742 2
      vertex -33.9231 0.780361 2
      vertex -40.5278 18.7135 2
    endloop
  endfacet
  facet normal 0 0 1
    outer loop
      vertex -34 0 2
      vertex -40.0524 -18.4593 2
      vertex -39.7983 -18.3684 2
    endloop
  endfacet
  facet normal 0 0 1
    outer loop
      vertex -33.9231 0.780361 2
      vertex -40.7446 18.8742 2
      vertex -33.9807 0.392068 2
    endloop
  endfacet
  facet normal 0 0 1
    outer loop
      vertex -34 0 2
      vertex -40.2963 -18.5747 2
      vertex -40.0524 -18.4593 2
    endloop
  endfacet
  facet normal 0 0 1
    outer loop
      vertex -40.9445 19.0555 2
      vertex -33.9807 0.392068 2
      vertex -40.7446 18.8742 2
    endloop
  endfacet
  facet normal 0 0 1
    outer loop
      vertex -34 0 2
      vertex -40.5278 -18.7135 2
      vertex -40.2963 -18.5747 2
    endloop
  endfacet
  facet normal 0 0 1
    outer loop
      vertex -43.8 21.5 2
      vertex -33.9807 0.392068 2
      vertex -40.9445 19.0555 2
    endloop
  endfacet
  facet normal 0 0 1
    outer loop
      vertex -34 0 2
      vertex -40.7446 -18.8742 2
      vertex -40.5278 -18.7135 2
    endloop
  endfacet
  facet normal 0 0 1
    outer loop
      vertex -33.9807 0.392068 2
      vertex -43.8 21.5 2
      vertex -34 0 2
    endloop
  endfacet
  facet normal 0 0 1
    outer loop
      vertex -34 0 2
      vertex -40.9445 -19.0555 2
      vertex -40.7446 -18.8742 2
    endloop
  endfacet
  facet normal 0 0 1
    outer loop
      vertex -43.8 21.5 2
      vertex -40.9445 19.0555 2
      vertex -41.1258 19.2554 2
    endloop
  endfacet
  facet normal 0 0 1
    outer loop
      vertex -43.8 -21.5 2
      vertex -34 0 2
      vertex -43.8 21.5 2
    endloop
  endfacet
  facet normal 0 0 1
    outer loop
      vertex -43.8 21.5 2
      vertex -41.1258 19.2554 2
      vertex -41.2865 19.4722 2
    endloop
  endfacet
  facet normal 0 0 1
    outer loop
      vertex -34 0 2
      vertex -43.8 -21.5 2
      vertex -40.9445 -19.0555 2
    endloop
  endfacet
  facet normal 0 0 1
    outer loop
      vertex -43.8 21.5 2
      vertex -41.2865 19.4722 2
      vertex -41.4253 19.7037 2
    endloop
  endfacet
  facet normal 0 0 1
    outer loop
      vertex -40.9445 -19.0555 2
      vertex -43.8 -21.5 2
      vertex -41.1258 -19.2554 2
    endloop
  endfacet
  facet normal 0 0 1
    outer loop
      vertex -43.8 21.5 2
      vertex -41.4253 19.7037 2
      vertex -41.5407 19.9476 2
    endloop
  endfacet
  facet normal 0 0 1
    outer loop
      vertex -41.1258 -19.2554 2
      vertex -43.8 -21.5 2
      vertex -41.2865 -19.4722 2
    endloop
  endfacet
  facet normal 0 0 1
    outer loop
      vertex -43.8 21.5 2
      vertex -41.5407 19.9476 2
      vertex -41.6316 20.2017 2
    endloop
  endfacet
  facet normal 0 0 1
    outer loop
      vertex -41.2865 -19.4722 2
      vertex -43.8 -21.5 2
      vertex -41.4253 -19.7037 2
    endloop
  endfacet
  facet normal 0 0 1
    outer loop
      vertex -43.8 21.5 2
      vertex -41.6316 20.2017 2
      vertex -41.6972 20.4635 2
    endloop
  endfacet
  facet normal 0 0 1
    outer loop
      vertex -41.4253 -19.7037 2
      vertex -43.8 -21.5 2
      vertex -41.5407 -19.9476 2
    endloop
  endfacet
  facet normal 0 0 1
    outer loop
      vertex -43.8 21.5 2
      vertex -41.6972 20.4635 2
      vertex -41.7368 20.7305 2
    endloop
  endfacet
  facet normal 0 0 1
    outer loop
      vertex -41.5407 -19.9476 2
      vertex -43.8 -21.5 2
      vertex -41.6316 -20.2017 2
    endloop
  endfacet
  facet normal 0 0 1
    outer loop
      vertex -43.8 21.5 2
      vertex -41.7368 20.7305 2
      vertex -41.75 21 2
    endloop
  endfacet
  facet normal 0 0 1
    outer loop
      vertex -41.6316 -20.2017 2
      vertex -43.8 -21.5 2
      vertex -41.6972 -20.4635 2
    endloop
  endfacet
  facet normal 0 0 1
    outer loop
      vertex -32.1 -3.39917 2
      vertex -32.2223 -3.32588 2
      vertex -32.1 -6 2
    endloop
  endfacet
  facet normal 0 0 1
    outer loop
      vertex -36.5747 22.2963 2
      vertex -29.5 22.8 2
      vertex -29.5 25.8 2
    endloop
  endfacet
  facet normal 0 0 1
    outer loop
      vertex -36.2632 20.7305 2
      vertex -29.5 22.8 2
      vertex -36.25 21 2
    endloop
  endfacet
  facet normal 0 0 1
    outer loop
      vertex -29.5 22.8 2
      vertex -30 4 2
      vertex -29.6079 3.98074 2
    endloop
  endfacet
  facet normal 0 0 1
    outer loop
      vertex -36.3028 20.4635 2
      vertex -29.5 22.8 2
      vertex -36.2632 20.7305 2
    endloop
  endfacet
  facet normal 0 0 1
    outer loop
      vertex -36.3684 20.2017 2
      vertex -29.5 22.8 2
      vertex -36.3028 20.4635 2
    endloop
  endfacet
  facet normal 0 0 1
    outer loop
      vertex -36.4593 19.9476 2
      vertex -29.5 22.8 2
      vertex -36.3684 20.2017 2
    endloop
  endfacet
  facet normal 0 0 1
    outer loop
      vertex -36.5747 19.7037 2
      vertex -29.5 22.8 2
      vertex -36.4593 19.9476 2
    endloop
  endfacet
  facet normal 0 0 1
    outer loop
      vertex -36.7135 19.4722 2
      vertex -29.5 22.8 2
      vertex -36.5747 19.7037 2
    endloop
  endfacet
  facet normal 0 0 1
    outer loop
      vertex -36.8742 19.2554 2
      vertex -29.5 22.8 2
      vertex -36.7135 19.4722 2
    endloop
  endfacet
  facet normal 0 0 1
    outer loop
      vertex -29.5 22.8 2
      vertex -36.8742 19.2554 2
      vertex -30 4 2
    endloop
  endfacet
  facet normal -0 0 1
    outer loop
      vertex -37.0555 19.0555 2
      vertex -30 4 2
      vertex -36.8742 19.2554 2
    endloop
  endfacet
  facet normal 0 0 1
    outer loop
      vertex -30 4 2
      vertex -37.0555 19.0555 2
      vertex -30.3921 3.98074 2
    endloop
  endfacet
  facet normal -0 0 1
    outer loop
      vertex -37.2554 18.8742 2
      vertex -30.3921 3.98074 2
      vertex -37.0555 19.0555 2
    endloop
  endfacet
  facet normal 0 0 1
    outer loop
      vertex -30.3921 3.98074 2
      vertex -37.2554 18.8742 2
      vertex -30.7804 3.92314 2
    endloop
  endfacet
  facet normal -0 0 1
    outer loop
      vertex -37.4722 18.7135 2
      vertex -30.7804 3.92314 2
      vertex -37.2554 18.8742 2
    endloop
  endfacet
  facet normal 0 0 1
    outer loop
      vertex -30.7804 3.92314 2
      vertex -37.4722 18.7135 2
      vertex -31.1611 3.82776 2
    endloop
  endfacet
  facet normal -0 0 1
    outer loop
      vertex -37.9476 18.4593 2
      vertex -31.5307 3.69552 2
      vertex -37.7037 18.5747 2
    endloop
  endfacet
  facet normal 0 0 1
    outer loop
      vertex -31.1611 3.82776 2
      vertex -37.7037 18.5747 2
      vertex -31.5307 3.69552 2
    endloop
  endfacet
  facet normal -0 0 1
    outer loop
      vertex -37.7037 18.5747 2
      vertex -31.1611 3.82776 2
      vertex -37.4722 18.7135 2
    endloop
  endfacet
  facet normal 0 0 1
    outer loop
      vertex -29.5 22.8 2
      vertex -36.2632 21.2695 2
      vertex -36.25 21 2
    endloop
  endfacet
  facet normal 0 0 1
    outer loop
      vertex -29.5 22.8 2
      vertex -36.3028 21.5365 2
      vertex -36.2632 21.2695 2
    endloop
  endfacet
  facet normal 0 0 1
    outer loop
      vertex -29.5 22.8 2
      vertex -36.3684 21.7983 2
      vertex -36.3028 21.5365 2
    endloop
  endfacet
  facet normal 0 0 1
    outer loop
      vertex -29.5 22.8 2
      vertex -36.4593 22.0524 2
      vertex -36.3684 21.7983 2
    endloop
  endfacet
  facet normal 0 0 1
    outer loop
      vertex -29.5 22.8 2
      vertex -36.5747 22.2963 2
      vertex -36.4593 22.0524 2
    endloop
  endfacet
  facet normal 0 0 1
    outer loop
      vertex -29.5 25.8 2
      vertex -36.7135 22.5278 2
      vertex -36.5747 22.2963 2
    endloop
  endfacet
  facet normal 0 0 1
    outer loop
      vertex -29.5 25.8 2
      vertex -36.8742 22.7446 2
      vertex -36.7135 22.5278 2
    endloop
  endfacet
  facet normal 0 0 1
    outer loop
      vertex -29.5 25.8 2
      vertex -37.0555 22.9445 2
      vertex -36.8742 22.7446 2
    endloop
  endfacet
  facet normal 0 0 1
    outer loop
      vertex -29.5 25.8 2
      vertex -37.2554 23.1258 2
      vertex -37.0555 22.9445 2
    endloop
  endfacet
  facet normal 0 0 1
    outer loop
      vertex -29.5 25.8 2
      vertex -37.4722 23.2865 2
      vertex -37.2554 23.1258 2
    endloop
  endfacet
  facet normal -0 0 1
    outer loop
      vertex -39.5 25.8 2
      vertex -37.4722 23.2865 2
      vertex -29.5 25.8 2
    endloop
  endfacet
  facet normal 0 0 1
    outer loop
      vertex -37.4722 23.2865 2
      vertex -39.5 25.8 2
      vertex -37.7037 23.4253 2
    endloop
  endfacet
  facet normal 0 0 1
    outer loop
      vertex -37.7037 23.4253 2
      vertex -39.5 25.8 2
      vertex -37.9476 23.5407 2
    endloop
  endfacet
  facet normal 0 0 1
    outer loop
      vertex -37.9476 23.5407 2
      vertex -39.5 25.8 2
      vertex -38.2017 23.6316 2
    endloop
  endfacet
  facet normal 0 0 1
    outer loop
      vertex -38.2017 23.6316 2
      vertex -39.5 25.8 2
      vertex -38.4635 23.6972 2
    endloop
  endfacet
  facet normal 0 0 1
    outer loop
      vertex -38.4635 23.6972 2
      vertex -39.5 25.8 2
      vertex -38.7305 23.7368 2
    endloop
  endfacet
  facet normal 0 0 1
    outer loop
      vertex -38.7305 23.7368 2
      vertex -39.5 25.8 2
      vertex -39 23.75 2
    endloop
  endfacet
  facet normal 0 0 1
    outer loop
      vertex -39 23.75 2
      vertex -39.5 25.8 2
      vertex -39.2695 23.7368 2
    endloop
  endfacet
  facet normal 0 0 1
    outer loop
      vertex -39.5 25.8 2
      vertex -39.5365 23.6972 2
      vertex -39.2695 23.7368 2
    endloop
  endfacet
  facet normal -0 0 1
    outer loop
      vertex -39.9215 25.7793 2
      vertex -39.5365 23.6972 2
      vertex -39.5 25.8 2
    endloop
  endfacet
  facet normal 0 0 1
    outer loop
      vertex -39.5365 23.6972 2
      vertex -39.9215 25.7793 2
      vertex -39.7983 23.6316 2
    endloop
  endfacet
  facet normal -0 0 1
    outer loop
      vertex -40.3389 25.7174 2
      vertex -39.7983 23.6316 2
      vertex -39.9215 25.7793 2
    endloop
  endfacet
  facet normal -0 0 1
    outer loop
      vertex -40.7482 25.6148 2
      vertex -39.7983 23.6316 2
      vertex -40.3389 25.7174 2
    endloop
  endfacet
  facet normal 0 0 1
    outer loop
      vertex -39.7983 23.6316 2
      vertex -40.7482 25.6148 2
      vertex -40.0524 23.5407 2
    endloop
  endfacet
  facet normal -0 0 1
    outer loop
      vertex -41.1455 25.4727 2
      vertex -40.0524 23.5407 2
      vertex -40.7482 25.6148 2
    endloop
  endfacet
  facet normal 0 0 1
    outer loop
      vertex -40.0524 23.5407 2
      vertex -41.1455 25.4727 2
      vertex -40.2963 23.4253 2
    endloop
  endfacet
  facet normal -0 0 1
    outer loop
      vertex -41.527 25.2923 2
      vertex -40.2963 23.4253 2
      vertex -41.1455 25.4727 2
    endloop
  endfacet
  facet normal 0 0 1
    outer loop
      vertex -40.2963 23.4253 2
      vertex -41.527 25.2923 2
      vertex -40.5278 23.2865 2
    endloop
  endfacet
  facet normal -0 0 1
    outer loop
      vertex -41.8889 25.0753 2
      vertex -40.5278 23.2865 2
      vertex -41.527 25.2923 2
    endloop
  endfacet
  facet normal 0 0 1
    outer loop
      vertex -40.5278 23.2865 2
      vertex -41.8889 25.0753 2
      vertex -40.7446 23.1258 2
    endloop
  endfacet
  facet normal -0 0 1
    outer loop
      vertex -42.2279 24.8239 2
      vertex -40.7446 23.1258 2
      vertex -41.8889 25.0753 2
    endloop
  endfacet
  facet normal 0 0 1
    outer loop
      vertex -40.7446 23.1258 2
      vertex -42.2279 24.8239 2
      vertex -40.9445 22.9445 2
    endloop
  endfacet
  facet normal -0 0 1
    outer loop
      vertex -42.5405 24.5405 2
      vertex -40.9445 22.9445 2
      vertex -42.2279 24.8239 2
    endloop
  endfacet
  facet normal -0 0 1
    outer loop
      vertex -42.8239 24.2279 2
      vertex -40.9445 22.9445 2
      vertex -42.5405 24.5405 2
    endloop
  endfacet
  facet normal 0 0 1
    outer loop
      vertex -40.9445 22.9445 2
      vertex -42.8239 24.2279 2
      vertex -41.1258 22.7446 2
    endloop
  endfacet
  facet normal -0 0 1
    outer loop
      vertex -43.0753 23.8889 2
      vertex -41.1258 22.7446 2
      vertex -42.8239 24.2279 2
    endloop
  endfacet
  facet normal 0 0 1
    outer loop
      vertex -41.1258 22.7446 2
      vertex -43.0753 23.8889 2
      vertex -41.2865 22.5278 2
    endloop
  endfacet
  facet normal -0 0 1
    outer loop
      vertex -43.4727 23.1455 2
      vertex -41.4253 22.2963 2
      vertex -43.2923 23.527 2
    endloop
  endfacet
  facet normal 0 0 1
    outer loop
      vertex -41.2865 22.5278 2
      vertex -43.2923 23.527 2
      vertex -41.4253 22.2963 2
    endloop
  endfacet
  facet normal -0 0 1
    outer loop
      vertex -43.2923 23.527 2
      vertex -41.2865 22.5278 2
      vertex -43.0753 23.8889 2
    endloop
  endfacet
  facet normal -0 0 1
    outer loop
      vertex -28.148 -6.98993 2
      vertex -16 -22.8 2
      vertex -28.0599 -6.80363 2
    endloop
  endfacet
  facet normal -0 0 1
    outer loop
      vertex -28.2539 -7.1667 2
      vertex -16 -22.8 2
      vertex -28.148 -6.98993 2
    endloop
  endfacet
  facet normal -0 0 1
    outer loop
      vertex -28.3767 -7.33223 2
      vertex -16 -22.8 2
      vertex -28.2539 -7.1667 2
    endloop
  endfacet
  facet normal -0 0 1
    outer loop
      vertex -28.5151 -7.48492 2
      vertex -16 -22.8 2
      vertex -28.3767 -7.33223 2
    endloop
  endfacet
  facet normal 0 0 1
    outer loop
      vertex -16 -22.8 2
      vertex -28.5151 -7.48492 2
      vertex -28 -22.8 2
    endloop
  endfacet
  facet normal -0 0 1
    outer loop
      vertex -28.6678 -7.62332 2
      vertex -28 -22.8 2
      vertex -28.5151 -7.48492 2
    endloop
  endfacet
  facet normal -0 0 1
    outer loop
      vertex -28.8333 -7.74609 2
      vertex -28 -22.8 2
      vertex -28.6678 -7.62332 2
    endloop
  endfacet
  facet normal -0 0 1
    outer loop
      vertex -29.0101 -7.85203 2
      vertex -28 -22.8 2
      vertex -28.8333 -7.74609 2
    endloop
  endfacet
  facet normal -0 0 1
    outer loop
      vertex -29.1964 -7.94015 2
      vertex -28 -22.8 2
      vertex -29.0101 -7.85203 2
    endloop
  endfacet
  facet normal -0 0 1
    outer loop
      vertex -29.3904 -8.00957 2
      vertex -28 -22.8 2
      vertex -29.1964 -7.94015 2
    endloop
  endfacet
  facet normal -0 0 1
    outer loop
      vertex -29.5903 -8.05965 2
      vertex -28 -22.8 2
      vertex -29.3904 -8.00957 2
    endloop
  endfacet
  facet normal -0 0 1
    outer loop
      vertex -29.7942 -8.08989 2
      vertex -28 -22.8 2
      vertex -29.5903 -8.05965 2
    endloop
  endfacet
  facet normal 0 0 1
    outer loop
      vertex -28 -22.8 2
      vertex -29.7942 -8.08989 2
      vertex -29.5 -22.8 2
    endloop
  endfacet
  facet normal -0 0 1
    outer loop
      vertex -30 -8.1 2
      vertex -29.5 -22.8 2
      vertex -29.7942 -8.08989 2
    endloop
  endfacet
  facet normal 0 0 1
    outer loop
      vertex -30.2058 -8.08989 2
      vertex -29.5 -22.8 2
      vertex -30 -8.1 2
    endloop
  endfacet
  facet normal 0 0 1
    outer loop
      vertex -29.5 -22.8 2
      vertex -30.2058 -8.08989 2
      vertex -36.25 -21 2
    endloop
  endfacet
  facet normal 0 0 1
    outer loop
      vertex -36.25 -21 2
      vertex -30.2058 -8.08989 2
      vertex -30.4097 -8.05965 2
    endloop
  endfacet
  facet normal 0 0 1
    outer loop
      vertex -36.25 -21 2
      vertex -30.4097 -8.05965 2
      vertex -30.6096 -8.00957 2
    endloop
  endfacet
  facet normal 0 0 1
    outer loop
      vertex -36.25 -21 2
      vertex -30.6096 -8.00957 2
      vertex -30.8036 -7.94015 2
    endloop
  endfacet
  facet normal 0 0 1
    outer loop
      vertex -36.25 -21 2
      vertex -30.8036 -7.94015 2
      vertex -30.9899 -7.85203 2
    endloop
  endfacet
  facet normal 0 0 1
    outer loop
      vertex -36.25 -21 2
      vertex -30.9899 -7.85203 2
      vertex -31.1667 -7.74609 2
    endloop
  endfacet
  facet normal 0 0 1
    outer loop
      vertex -36.25 -21 2
      vertex -31.1667 -7.74609 2
      vertex -31.3322 -7.62332 2
    endloop
  endfacet
  facet normal 0 0 1
    outer loop
      vertex -36.25 -21 2
      vertex -31.3322 -7.62332 2
      vertex -31.4849 -7.48492 2
    endloop
  endfacet
  facet normal 0 0 1
    outer loop
      vertex -36.25 -21 2
      vertex -31.4849 -7.48492 2
      vertex -31.6233 -7.33223 2
    endloop
  endfacet
  facet normal 0 0 1
    outer loop
      vertex -36.25 -21 2
      vertex -31.6233 -7.33223 2
      vertex -31.7461 -7.1667 2
    endloop
  endfacet
  facet normal 0 0 1
    outer loop
      vertex -36.25 -21 2
      vertex -31.7461 -7.1667 2
      vertex -31.852 -6.98993 2
    endloop
  endfacet
  facet normal 0 0 1
    outer loop
      vertex -36.25 -21 2
      vertex -31.852 -6.98993 2
      vertex -31.9401 -6.80363 2
    endloop
  endfacet
  facet normal 0 0 1
    outer loop
      vertex -36.25 -21 2
      vertex -31.9401 -6.80363 2
      vertex -32.0096 -6.6096 2
    endloop
  endfacet
  facet normal 0 0 1
    outer loop
      vertex -36.25 -21 2
      vertex -32.0096 -6.6096 2
      vertex -32.0596 -6.40969 2
    endloop
  endfacet
  facet normal 0 0 1
    outer loop
      vertex -33.5277 -1.88559 2
      vertex -32.0596 -6.40969 2
      vertex -32.0899 -6.20584 2
    endloop
  endfacet
  facet normal 0 0 1
    outer loop
      vertex -32.5376 -3.09204 2
      vertex -32.1 -6 2
      vertex -32.2223 -3.32588 2
    endloop
  endfacet
  facet normal 0 0 1
    outer loop
      vertex -32.8284 -2.82843 2
      vertex -32.1 -6 2
      vertex -32.5376 -3.09204 2
    endloop
  endfacet
  facet normal 0 0 1
    outer loop
      vertex -33.092 -2.53757 2
      vertex -32.1 -6 2
      vertex -32.8284 -2.82843 2
    endloop
  endfacet
  facet normal 0 0 1
    outer loop
      vertex -33.3259 -2.22228 2
      vertex -32.1 -6 2
      vertex -33.092 -2.53757 2
    endloop
  endfacet
  facet normal 0 0 1
    outer loop
      vertex -32.1 -6 2
      vertex -33.3259 -2.22228 2
      vertex -32.0899 -6.20584 2
    endloop
  endfacet
  facet normal 0 0 1
    outer loop
      vertex -33.5277 -1.88559 2
      vertex -32.0899 -6.20584 2
      vertex -33.3259 -2.22228 2
    endloop
  endfacet
  facet normal 0 0 1
    outer loop
      vertex -32.0596 -6.40969 2
      vertex -33.5277 -1.88559 2
      vertex -36.25 -21 2
    endloop
  endfacet
  facet normal 0 0 1
    outer loop
      vertex -36.25 -21 2
      vertex -33.5277 -1.88559 2
      vertex -33.6955 -1.53073 2
    endloop
  endfacet
  facet normal 0 0 1
    outer loop
      vertex -36.25 -21 2
      vertex -33.6955 -1.53073 2
      vertex -33.8278 -1.16114 2
    endloop
  endfacet
  facet normal 0 0 1
    outer loop
      vertex -36.25 -21 2
      vertex -33.8278 -1.16114 2
      vertex -33.9231 -0.780361 2
    endloop
  endfacet
  facet normal 0 0 1
    outer loop
      vertex -31.5307 3.69552 2
      vertex -37.9476 18.4593 2
      vertex -31.8856 3.52768 2
    endloop
  endfacet
  facet normal 0 0 1
    outer loop
      vertex -34 0 2
      vertex -36.25 -21 2
      vertex -33.9807 -0.392068 2
    endloop
  endfacet
  facet normal 0 0 1
    outer loop
      vertex -36.25 -21 2
      vertex -33.9231 -0.780361 2
      vertex -33.9807 -0.392068 2
    endloop
  endfacet
  facet normal -0 0 1
    outer loop
      vertex -36.2632 -21.2695 2
      vertex -29.5 -22.8 2
      vertex -36.25 -21 2
    endloop
  endfacet
  facet normal -0 0 1
    outer loop
      vertex -36.3028 -21.5365 2
      vertex -29.5 -22.8 2
      vertex -36.2632 -21.2695 2
    endloop
  endfacet
  facet normal -0 0 1
    outer loop
      vertex -36.3684 -21.7983 2
      vertex -29.5 -22.8 2
      vertex -36.3028 -21.5365 2
    endloop
  endfacet
  facet normal -0 0 1
    outer loop
      vertex -36.4593 -22.0524 2
      vertex -29.5 -22.8 2
      vertex -36.3684 -21.7983 2
    endloop
  endfacet
  facet normal -0 0 1
    outer loop
      vertex -36.5747 -22.2963 2
      vertex -29.5 -22.8 2
      vertex -36.4593 -22.0524 2
    endloop
  endfacet
  facet normal 0 0 1
    outer loop
      vertex -29.5 -22.8 2
      vertex -36.5747 -22.2963 2
      vertex -29.5 -25.8 2
    endloop
  endfacet
  facet normal -0 0 1
    outer loop
      vertex -36.7135 -22.5278 2
      vertex -29.5 -25.8 2
      vertex -36.5747 -22.2963 2
    endloop
  endfacet
  facet normal -0 0 1
    outer loop
      vertex -36.8742 -22.7446 2
      vertex -29.5 -25.8 2
      vertex -36.7135 -22.5278 2
    endloop
  endfacet
  facet normal -0 0 1
    outer loop
      vertex -37.0555 -22.9445 2
      vertex -29.5 -25.8 2
      vertex -36.8742 -22.7446 2
    endloop
  endfacet
  facet normal -0 0 1
    outer loop
      vertex -37.2554 -23.1258 2
      vertex -29.5 -25.8 2
      vertex -37.0555 -22.9445 2
    endloop
  endfacet
  facet normal -0 0 1
    outer loop
      vertex -37.4722 -23.2865 2
      vertex -29.5 -25.8 2
      vertex -37.2554 -23.1258 2
    endloop
  endfacet
  facet normal 0 0 1
    outer loop
      vertex -39.5 -25.8 2
      vertex -37.4722 -23.2865 2
      vertex -37.7037 -23.4253 2
    endloop
  endfacet
  facet normal 0 0 1
    outer loop
      vertex -39.5 -25.8 2
      vertex -37.7037 -23.4253 2
      vertex -37.9476 -23.5407 2
    endloop
  endfacet
  facet normal 0 0 1
    outer loop
      vertex -39.5 -25.8 2
      vertex -37.9476 -23.5407 2
      vertex -38.2017 -23.6316 2
    endloop
  endfacet
  facet normal 0 0 1
    outer loop
      vertex -39.5 -25.8 2
      vertex -38.2017 -23.6316 2
      vertex -38.4635 -23.6972 2
    endloop
  endfacet
  facet normal 0 0 1
    outer loop
      vertex -39.5 -25.8 2
      vertex -38.4635 -23.6972 2
      vertex -38.7305 -23.7368 2
    endloop
  endfacet
  facet normal 0 0 1
    outer loop
      vertex -39.5 -25.8 2
      vertex -38.7305 -23.7368 2
      vertex -39 -23.75 2
    endloop
  endfacet
  facet normal 0 0 1
    outer loop
      vertex -39.5 -25.8 2
      vertex -39 -23.75 2
      vertex -39.2695 -23.7368 2
    endloop
  endfacet
  facet normal 0 0 1
    outer loop
      vertex -37.4722 -23.2865 2
      vertex -39.5 -25.8 2
      vertex -29.5 -25.8 2
    endloop
  endfacet
  facet normal 0 0 1
    outer loop
      vertex -39.5365 -23.6972 2
      vertex -39.5 -25.8 2
      vertex -39.2695 -23.7368 2
    endloop
  endfacet
  facet normal 0 0 1
    outer loop
      vertex -39.9215 -25.7793 2
      vertex -39.5365 -23.6972 2
      vertex -39.7983 -23.6316 2
    endloop
  endfacet
  facet normal 0 0 1
    outer loop
      vertex -39.5365 -23.6972 2
      vertex -39.9215 -25.7793 2
      vertex -39.5 -25.8 2
    endloop
  endfacet
  facet normal 0 0 1
    outer loop
      vertex -40.7482 -25.6148 2
      vertex -39.7983 -23.6316 2
      vertex -40.0524 -23.5407 2
    endloop
  endfacet
  facet normal 0 0 1
    outer loop
      vertex -41.1455 -25.4727 2
      vertex -40.0524 -23.5407 2
      vertex -40.2963 -23.4253 2
    endloop
  endfacet
  facet normal 0 0 1
    outer loop
      vertex -39.7983 -23.6316 2
      vertex -40.3389 -25.7174 2
      vertex -39.9215 -25.7793 2
    endloop
  endfacet
  facet normal 0 0 1
    outer loop
      vertex -41.527 -25.2923 2
      vertex -40.2963 -23.4253 2
      vertex -40.5278 -23.2865 2
    endloop
  endfacet
  facet normal 0 0 1
    outer loop
      vertex -41.8889 -25.0753 2
      vertex -40.5278 -23.2865 2
      vertex -40.7446 -23.1258 2
    endloop
  endfacet
  facet normal 0 0 1
    outer loop
      vertex -39.7983 -23.6316 2
      vertex -40.7482 -25.6148 2
      vertex -40.3389 -25.7174 2
    endloop
  endfacet
  facet normal 0 0 1
    outer loop
      vertex -42.2279 -24.8239 2
      vertex -40.7446 -23.1258 2
      vertex -40.9445 -22.9445 2
    endloop
  endfacet
  facet normal 0 0 1
    outer loop
      vertex -42.8239 -24.2279 2
      vertex -40.9445 -22.9445 2
      vertex -41.1258 -22.7446 2
    endloop
  endfacet
  facet normal 0 0 1
    outer loop
      vertex -40.0524 -23.5407 2
      vertex -41.1455 -25.4727 2
      vertex -40.7482 -25.6148 2
    endloop
  endfacet
  facet normal 0 0 1
    outer loop
      vertex -43.0753 -23.8889 2
      vertex -41.1258 -22.7446 2
      vertex -41.2865 -22.5278 2
    endloop
  endfacet
  facet normal 0 0 1
    outer loop
      vertex -43.2923 -23.527 2
      vertex -41.2865 -22.5278 2
      vertex -41.4253 -22.2963 2
    endloop
  endfacet
  facet normal 0 0 1
    outer loop
      vertex -40.2963 -23.4253 2
      vertex -41.527 -25.2923 2
      vertex -41.1455 -25.4727 2
    endloop
  endfacet
  facet normal 0 0 1
    outer loop
      vertex -43.4727 -23.1455 2
      vertex -41.4253 -22.2963 2
      vertex -41.5407 -22.0524 2
    endloop
  endfacet
  facet normal 0 0 1
    outer loop
      vertex -43.6148 -22.7482 2
      vertex -41.5407 -22.0524 2
      vertex -41.6316 -21.7983 2
    endloop
  endfacet
  facet normal 0 0 1
    outer loop
      vertex -43.7793 -21.9215 2
      vertex -41.6316 -21.7983 2
      vertex -41.6972 -21.5365 2
    endloop
  endfacet
  facet normal -0 0 1
    outer loop
      vertex -43.8 -21.5 2
      vertex -41.6972 -21.5365 2
      vertex -41.7368 -21.2695 2
    endloop
  endfacet
  facet normal 0 0 1
    outer loop
      vertex -40.5278 -23.2865 2
      vertex -41.8889 -25.0753 2
      vertex -41.527 -25.2923 2
    endloop
  endfacet
  facet normal 0 0 1
    outer loop
      vertex -43.8 -21.5 2
      vertex -41.7368 -21.2695 2
      vertex -41.75 -21 2
    endloop
  endfacet
  facet normal 0 0 1
    outer loop
      vertex -41.6972 -20.4635 2
      vertex -43.8 -21.5 2
      vertex -41.7368 -20.7305 2
    endloop
  endfacet
  facet normal 0 0 1
    outer loop
      vertex -41.4253 22.2963 2
      vertex -43.4727 23.1455 2
      vertex -41.5407 22.0524 2
    endloop
  endfacet
  facet normal 0 0 1
    outer loop
      vertex -41.7368 -20.7305 2
      vertex -43.8 -21.5 2
      vertex -41.75 -21 2
    endloop
  endfacet
  facet normal -0 0 1
    outer loop
      vertex -43.6148 22.7482 2
      vertex -41.5407 22.0524 2
      vertex -43.4727 23.1455 2
    endloop
  endfacet
  facet normal 0 0 1
    outer loop
      vertex -41.6972 -21.5365 2
      vertex -43.8 -21.5 2
      vertex -43.7793 -21.9215 2
    endloop
  endfacet
  facet normal 0 0 1
    outer loop
      vertex -41.5407 22.0524 2
      vertex -43.6148 22.7482 2
      vertex -41.6316 21.7983 2
    endloop
  endfacet
  facet normal 0 0 1
    outer loop
      vertex -40.7446 -23.1258 2
      vertex -42.2279 -24.8239 2
      vertex -41.8889 -25.0753 2
    endloop
  endfacet
  facet normal -0 0 1
    outer loop
      vertex -43.7174 22.3389 2
      vertex -41.6316 21.7983 2
      vertex -43.6148 22.7482 2
    endloop
  endfacet
  facet normal 0 0 1
    outer loop
      vertex -40.9445 -22.9445 2
      vertex -42.5405 -24.5405 2
      vertex -42.2279 -24.8239 2
    endloop
  endfacet
  facet normal -0 0 1
    outer loop
      vertex -43.7793 21.9215 2
      vertex -41.6316 21.7983 2
      vertex -43.7174 22.3389 2
    endloop
  endfacet
  facet normal 0 0 1
    outer loop
      vertex -40.9445 -22.9445 2
      vertex -42.8239 -24.2279 2
      vertex -42.5405 -24.5405 2
    endloop
  endfacet
  facet normal 0 0 1
    outer loop
      vertex -41.6316 21.7983 2
      vertex -43.7793 21.9215 2
      vertex -41.6972 21.5365 2
    endloop
  endfacet
  facet normal 0 0 1
    outer loop
      vertex -41.1258 -22.7446 2
      vertex -43.0753 -23.8889 2
      vertex -42.8239 -24.2279 2
    endloop
  endfacet
  facet normal 0 0 1
    outer loop
      vertex -43.8 21.5 2
      vertex -41.6972 21.5365 2
      vertex -43.7793 21.9215 2
    endloop
  endfacet
  facet normal 0 0 1
    outer loop
      vertex -41.2865 -22.5278 2
      vertex -43.2923 -23.527 2
      vertex -43.0753 -23.8889 2
    endloop
  endfacet
  facet normal 0 0 1
    outer loop
      vertex -41.6972 21.5365 2
      vertex -43.8 21.5 2
      vertex -41.7368 21.2695 2
    endloop
  endfacet
  facet normal 0 0 1
    outer loop
      vertex -41.4253 -22.2963 2
      vertex -43.4727 -23.1455 2
      vertex -43.2923 -23.527 2
    endloop
  endfacet
  facet normal 0 0 1
    outer loop
      vertex -41.7368 21.2695 2
      vertex -43.8 21.5 2
      vertex -41.75 21 2
    endloop
  endfacet
  facet normal 0 0 1
    outer loop
      vertex -41.5407 -22.0524 2
      vertex -43.6148 -22.7482 2
      vertex -43.4727 -23.1455 2
    endloop
  endfacet
  facet normal 0 0 1
    outer loop
      vertex -41.6316 -21.7983 2
      vertex -43.7174 -22.3389 2
      vertex -43.6148 -22.7482 2
    endloop
  endfacet
  facet normal 0 0 1
    outer loop
      vertex -41.6316 -21.7983 2
      vertex -43.7793 -21.9215 2
      vertex -43.7174 -22.3389 2
    endloop
  endfacet
  facet normal 0 0 1
    outer loop
      vertex -28 22.8 2
      vertex -16 22.8 2
      vertex -16 25.8 2
    endloop
  endfacet
  facet normal 0 0 1
    outer loop
      vertex -16 22.8 2
      vertex -26 0 2
      vertex -16 -22.8 2
    endloop
  endfacet
  facet normal -0 0 1
    outer loop
      vertex -26.0193 -0.392068 2
      vertex -16 -22.8 2
      vertex -26 0 2
    endloop
  endfacet
  facet normal 0 0 1
    outer loop
      vertex -16 22.8 2
      vertex -26.0193 0.392068 2
      vertex -26 0 2
    endloop
  endfacet
  facet normal 0 0 1
    outer loop
      vertex -16 22.8 2
      vertex -26.0769 0.780361 2
      vertex -26.0193 0.392068 2
    endloop
  endfacet
  facet normal 0 0 1
    outer loop
      vertex -16 22.8 2
      vertex -26.1722 1.16114 2
      vertex -26.0769 0.780361 2
    endloop
  endfacet
  facet normal 0 0 1
    outer loop
      vertex -16 22.8 2
      vertex -26.3045 1.53073 2
      vertex -26.1722 1.16114 2
    endloop
  endfacet
  facet normal 0 0 1
    outer loop
      vertex -16 22.8 2
      vertex -26.4723 1.88559 2
      vertex -26.3045 1.53073 2
    endloop
  endfacet
  facet normal 0 0 1
    outer loop
      vertex -16 22.8 2
      vertex -26.6741 2.22228 2
      vertex -26.4723 1.88559 2
    endloop
  endfacet
  facet normal 0 0 1
    outer loop
      vertex -16 22.8 2
      vertex -26.908 2.53757 2
      vertex -26.6741 2.22228 2
    endloop
  endfacet
  facet normal 0 0 1
    outer loop
      vertex -16 22.8 2
      vertex -27.1716 2.82843 2
      vertex -26.908 2.53757 2
    endloop
  endfacet
  facet normal 0 0 1
    outer loop
      vertex -16 22.8 2
      vertex -27.4624 3.09204 2
      vertex -27.1716 2.82843 2
    endloop
  endfacet
  facet normal 0 -0 1
    outer loop
      vertex -27.7777 3.32588 2
      vertex -16 22.8 2
      vertex -28 22.8 2
    endloop
  endfacet
  facet normal 0 0 1
    outer loop
      vertex -28 22.8 2
      vertex -16 25.8 2
      vertex -28 25.8 2
    endloop
  endfacet
  facet normal 0 0 1
    outer loop
      vertex -16 22.8 2
      vertex -27.7777 3.32588 2
      vertex -27.4624 3.09204 2
    endloop
  endfacet
  facet normal 0 0 1
    outer loop
      vertex -28 22.8 2
      vertex -28.1144 3.52768 2
      vertex -27.7777 3.32588 2
    endloop
  endfacet
  facet normal 0 0 1
    outer loop
      vertex -28 22.8 2
      vertex -28.4693 3.69552 2
      vertex -28.1144 3.52768 2
    endloop
  endfacet
  facet normal 0 0 1
    outer loop
      vertex -28 22.8 2
      vertex -28.8389 3.82776 2
      vertex -28.4693 3.69552 2
    endloop
  endfacet
  facet normal 0 0 1
    outer loop
      vertex -28 22.8 2
      vertex -29.2196 3.92314 2
      vertex -28.8389 3.82776 2
    endloop
  endfacet
  facet normal 0 0 1
    outer loop
      vertex -29.6079 3.98074 2
      vertex -28 22.8 2
      vertex -29.5 22.8 2
    endloop
  endfacet
  facet normal 0 0 1
    outer loop
      vertex -28 22.8 2
      vertex -29.6079 3.98074 2
      vertex -29.2196 3.92314 2
    endloop
  endfacet
  facet normal -0 0 1
    outer loop
      vertex -16 22.8 2
      vertex -14.5 -22.8 2
      vertex -14.5 22.8 2
    endloop
  endfacet
  facet normal 0 0 1
    outer loop
      vertex -14.5 -22.8 2
      vertex -16 22.8 2
      vertex -16 -22.8 2
    endloop
  endfacet
  facet normal 0 0 1
    outer loop
      vertex -14.5 22.8 2
      vertex 14.5 22.8 2
      vertex 14.5 25.8 2
    endloop
  endfacet
  facet normal 0 0 1
    outer loop
      vertex 14.5 22.8 2
      vertex -14.5 22.8 2
      vertex 14.5 -22.8 2
    endloop
  endfacet
  facet normal 0 0 1
    outer loop
      vertex -14.5 22.8 2
      vertex 14.5 25.8 2
      vertex -14.5 25.8 2
    endloop
  endfacet
  facet normal 0 0 1
    outer loop
      vertex -14.5 -22.8 2
      vertex 14.5 -22.8 2
      vertex -14.5 22.8 2
    endloop
  endfacet
  facet normal 0 0 1
    outer loop
      vertex 14.5 -22.8 2
      vertex -14.5 -22.8 2
      vertex 14.5 -25.8 2
    endloop
  endfacet
  facet normal 0 0 1
    outer loop
      vertex 14.5 -25.8 2
      vertex -14.5 -22.8 2
      vertex -14.5 -25.8 2
    endloop
  endfacet
  facet normal 0 0 1
    outer loop
      vertex 14.5 -22.8 2
      vertex 26 0 2
      vertex 14.5 22.8 2
    endloop
  endfacet
  facet normal 0 0 1
    outer loop
      vertex 26 0 2
      vertex 14.5 -22.8 2
      vertex 16 -22.8 2
    endloop
  endfacet
  facet normal -0 0 1
    outer loop
      vertex -26.0769 -0.780361 2
      vertex -16 -22.8 2
      vertex -26.0193 -0.392068 2
    endloop
  endfacet
  facet normal -0 0 1
    outer loop
      vertex -26.1722 -1.16114 2
      vertex -16 -22.8 2
      vertex -26.0769 -0.780361 2
    endloop
  endfacet
  facet normal -0 0 1
    outer loop
      vertex -26.3045 -1.53073 2
      vertex -16 -22.8 2
      vertex -26.1722 -1.16114 2
    endloop
  endfacet
  facet normal -0 0 1
    outer loop
      vertex -26.4723 -1.88559 2
      vertex -16 -22.8 2
      vertex -26.3045 -1.53073 2
    endloop
  endfacet
  facet normal -0 0 1
    outer loop
      vertex -27.9404 -6.40969 2
      vertex -16 -22.8 2
      vertex -26.4723 -1.88559 2
    endloop
  endfacet
  facet normal 0 0 1
    outer loop
      vertex -27.9101 -6.20584 2
      vertex -26.4723 -1.88559 2
      vertex -26.6741 -2.22228 2
    endloop
  endfacet
  facet normal 0 0 1
    outer loop
      vertex -27.9 -6 2
      vertex -26.6741 -2.22228 2
      vertex -26.908 -2.53757 2
    endloop
  endfacet
  facet normal 0 0 1
    outer loop
      vertex -27.9 -6 2
      vertex -26.908 -2.53757 2
      vertex -27.1716 -2.82843 2
    endloop
  endfacet
  facet normal 0 0 1
    outer loop
      vertex -27.9 -6 2
      vertex -27.1716 -2.82843 2
      vertex -27.4624 -3.09204 2
    endloop
  endfacet
  facet normal 0 0 1
    outer loop
      vertex -27.9 -6 2
      vertex -27.4624 -3.09204 2
      vertex -27.7777 -3.32588 2
    endloop
  endfacet
  facet normal 0 0 1
    outer loop
      vertex -27.9 -6 2
      vertex -27.7777 -3.32588 2
      vertex -27.9 -3.39917 2
    endloop
  endfacet
  facet normal 0 0 1
    outer loop
      vertex -26.6741 -2.22228 2
      vertex -27.9 -6 2
      vertex -27.9101 -6.20584 2
    endloop
  endfacet
  facet normal 0 0 1
    outer loop
      vertex -26.4723 -1.88559 2
      vertex -27.9101 -6.20584 2
      vertex -27.9404 -6.40969 2
    endloop
  endfacet
  facet normal -0 0 1
    outer loop
      vertex -27.9904 -6.6096 2
      vertex -16 -22.8 2
      vertex -27.9404 -6.40969 2
    endloop
  endfacet
  facet normal -0 0 1
    outer loop
      vertex -28.0599 -6.80363 2
      vertex -16 -22.8 2
      vertex -27.9904 -6.6096 2
    endloop
  endfacet
  facet normal 0 0 1
    outer loop
      vertex -16 -22.8 2
      vertex -28 -22.8 2
      vertex -16 -25.8 2
    endloop
  endfacet
  facet normal 0 0 1
    outer loop
      vertex -16 -25.8 2
      vertex -28 -22.8 2
      vertex -28 -25.8 2
    endloop
  endfacet
  facet normal 0 0 1
    outer loop
      vertex 27.9 -3.39917 2
      vertex 27.7777 -3.32588 2
      vertex 27.9 -6 2
    endloop
  endfacet
  facet normal 0 0 1
    outer loop
      vertex 16 22.8 2
      vertex 28 22.8 2
      vertex 28 25.8 2
    endloop
  endfacet
  facet normal 0 0 1
    outer loop
      vertex 28 22.8 2
      vertex 16 22.8 2
      vertex 27.7777 3.32588 2
    endloop
  endfacet
  facet normal 0 0 1
    outer loop
      vertex 27.7777 3.32588 2
      vertex 16 22.8 2
      vertex 27.4624 3.09204 2
    endloop
  endfacet
  facet normal 0 0 1
    outer loop
      vertex 27.4624 3.09204 2
      vertex 16 22.8 2
      vertex 27.1716 2.82843 2
    endloop
  endfacet
  facet normal 0 0 1
    outer loop
      vertex 27.1716 2.82843 2
      vertex 16 22.8 2
      vertex 26.908 2.53757 2
    endloop
  endfacet
  facet normal 0 0 1
    outer loop
      vertex 26.908 2.53757 2
      vertex 16 22.8 2
      vertex 26.6741 2.22228 2
    endloop
  endfacet
  facet normal -0 0 1
    outer loop
      vertex 14.5 22.8 2
      vertex 26.6741 2.22228 2
      vertex 16 22.8 2
    endloop
  endfacet
  facet normal 0 0 1
    outer loop
      vertex 26.6741 2.22228 2
      vertex 14.5 22.8 2
      vertex 26.4723 1.88559 2
    endloop
  endfacet
  facet normal 0 0 1
    outer loop
      vertex 26.4723 1.88559 2
      vertex 14.5 22.8 2
      vertex 26.3045 1.53073 2
    endloop
  endfacet
  facet normal 0 0 1
    outer loop
      vertex 26.3045 1.53073 2
      vertex 14.5 22.8 2
      vertex 26.1722 1.16114 2
    endloop
  endfacet
  facet normal 0 0 1
    outer loop
      vertex 26.1722 1.16114 2
      vertex 14.5 22.8 2
      vertex 26.0769 0.780361 2
    endloop
  endfacet
  facet normal 0 0 1
    outer loop
      vertex 16 22.8 2
      vertex 28 25.8 2
      vertex 16 25.8 2
    endloop
  endfacet
  facet normal 0 0 1
    outer loop
      vertex 28 -22.8 2
      vertex 29.5903 -8.05965 2
      vertex 29.3904 -8.00957 2
    endloop
  endfacet
  facet normal 0 0 1
    outer loop
      vertex 28 -22.8 2
      vertex 29.3904 -8.00957 2
      vertex 29.1964 -7.94015 2
    endloop
  endfacet
  facet normal 0 0 1
    outer loop
      vertex 28 -22.8 2
      vertex 29.1964 -7.94015 2
      vertex 29.0101 -7.85203 2
    endloop
  endfacet
  facet normal 0 0 1
    outer loop
      vertex 28 -22.8 2
      vertex 29.0101 -7.85203 2
      vertex 28.8333 -7.74609 2
    endloop
  endfacet
  facet normal 0 0 1
    outer loop
      vertex 28 -22.8 2
      vertex 28.8333 -7.74609 2
      vertex 28.6678 -7.62332 2
    endloop
  endfacet
  facet normal 0 0 1
    outer loop
      vertex 28 -22.8 2
      vertex 28.6678 -7.62332 2
      vertex 28.5151 -7.48492 2
    endloop
  endfacet
  facet normal 0 0 1
    outer loop
      vertex 16 -22.8 2
      vertex 28.5151 -7.48492 2
      vertex 28.3767 -7.33223 2
    endloop
  endfacet
  facet normal 0 0 1
    outer loop
      vertex 16 -22.8 2
      vertex 28.3767 -7.33223 2
      vertex 28.2539 -7.1667 2
    endloop
  endfacet
  facet normal 0 0 1
    outer loop
      vertex 16 -22.8 2
      vertex 28.2539 -7.1667 2
      vertex 28.148 -6.98993 2
    endloop
  endfacet
  facet normal 0 0 1
    outer loop
      vertex 16 -22.8 2
      vertex 28.148 -6.98993 2
      vertex 28.0599 -6.80363 2
    endloop
  endfacet
  facet normal 0 0 1
    outer loop
      vertex 29.7942 -8.08989 2
      vertex 28 -22.8 2
      vertex 29.5 -22.8 2
    endloop
  endfacet
  facet normal 0 0 1
    outer loop
      vertex 16 -22.8 2
      vertex 28.0599 -6.80363 2
      vertex 27.9904 -6.6096 2
    endloop
  endfacet
  facet normal 0 0 1
    outer loop
      vertex 28.5151 -7.48492 2
      vertex 16 -22.8 2
      vertex 28 -22.8 2
    endloop
  endfacet
  facet normal 0 0 1
    outer loop
      vertex 16 -22.8 2
      vertex 27.9904 -6.6096 2
      vertex 27.9404 -6.40969 2
    endloop
  endfacet
  facet normal 0 0 1
    outer loop
      vertex 16 -22.8 2
      vertex 27.9404 -6.40969 2
      vertex 27.9101 -6.20584 2
    endloop
  endfacet
  facet normal 0 0 1
    outer loop
      vertex 26.6741 -2.22228 2
      vertex 27.9101 -6.20584 2
      vertex 27.9 -6 2
    endloop
  endfacet
  facet normal 0 0 1
    outer loop
      vertex 27.4624 -3.09204 2
      vertex 27.9 -6 2
      vertex 27.7777 -3.32588 2
    endloop
  endfacet
  facet normal 0 0 1
    outer loop
      vertex 27.1716 -2.82843 2
      vertex 27.9 -6 2
      vertex 27.4624 -3.09204 2
    endloop
  endfacet
  facet normal 0 0 1
    outer loop
      vertex 26.908 -2.53757 2
      vertex 27.9 -6 2
      vertex 27.1716 -2.82843 2
    endloop
  endfacet
  facet normal 0 0 1
    outer loop
      vertex 26.6741 -2.22228 2
      vertex 27.9 -6 2
      vertex 26.908 -2.53757 2
    endloop
  endfacet
  facet normal 0 0 1
    outer loop
      vertex 27.9101 -6.20584 2
      vertex 26.6741 -2.22228 2
      vertex 26.4723 -1.88559 2
    endloop
  endfacet
  facet normal 0 0 1
    outer loop
      vertex 27.9101 -6.20584 2
      vertex 26.4723 -1.88559 2
      vertex 16 -22.8 2
    endloop
  endfacet
  facet normal 0 0 1
    outer loop
      vertex 16 -22.8 2
      vertex 26.4723 -1.88559 2
      vertex 26.3045 -1.53073 2
    endloop
  endfacet
  facet normal 0 0 1
    outer loop
      vertex 16 -22.8 2
      vertex 26.3045 -1.53073 2
      vertex 26.1722 -1.16114 2
    endloop
  endfacet
  facet normal 0 0 1
    outer loop
      vertex 16 -22.8 2
      vertex 26.1722 -1.16114 2
      vertex 26.0769 -0.780361 2
    endloop
  endfacet
  facet normal 0 0 1
    outer loop
      vertex 16 -22.8 2
      vertex 26.0769 -0.780361 2
      vertex 26.0193 -0.392068 2
    endloop
  endfacet
  facet normal 0 0 1
    outer loop
      vertex 26.0769 0.780361 2
      vertex 14.5 22.8 2
      vertex 26.0193 0.392068 2
    endloop
  endfacet
  facet normal 0 0 1
    outer loop
      vertex 26.0193 0.392068 2
      vertex 14.5 22.8 2
      vertex 26 0 2
    endloop
  endfacet
  facet normal 0 0 1
    outer loop
      vertex 26 0 2
      vertex 16 -22.8 2
      vertex 26.0193 -0.392068 2
    endloop
  endfacet
  facet normal 0 0 1
    outer loop
      vertex 28 -22.8 2
      vertex 16 -22.8 2
      vertex 28 -25.8 2
    endloop
  endfacet
  facet normal 0 0 1
    outer loop
      vertex 28 -25.8 2
      vertex 16 -22.8 2
      vertex 16 -25.8 2
    endloop
  endfacet
  facet normal 0 0 1
    outer loop
      vertex -29.5 27.2 2
      vertex -28 27.2 2
      vertex -28 30.05 2
    endloop
  endfacet
  facet normal 0 0 1
    outer loop
      vertex -28 27.2 2
      vertex -29.5 27.2 2
      vertex -28 25.8 2
    endloop
  endfacet
  facet normal 0 0 1
    outer loop
      vertex -29.5 27.2 2
      vertex -28 30.05 2
      vertex -29.5 30.05 2
    endloop
  endfacet
  facet normal 0 0 1
    outer loop
      vertex -28 25.8 2
      vertex -29.5 27.2 2
      vertex -29.5 25.8 2
    endloop
  endfacet
  facet normal 0 0 1
    outer loop
      vertex -28 25.8 2
      vertex -29.5 25.8 2
      vertex -28 22.8 2
    endloop
  endfacet
  facet normal 0 0 1
    outer loop
      vertex -28 22.8 2
      vertex -29.5 25.8 2
      vertex -29.5 22.8 2
    endloop
  endfacet
  facet normal 0 0 1
    outer loop
      vertex -16 27.2 2
      vertex -14.5 27.2 2
      vertex -14.5 30.05 2
    endloop
  endfacet
  facet normal 0 0 1
    outer loop
      vertex -14.5 27.2 2
      vertex -16 27.2 2
      vertex -14.5 25.8 2
    endloop
  endfacet
  facet normal 0 0 1
    outer loop
      vertex -16 27.2 2
      vertex -14.5 30.05 2
      vertex -16 30.05 2
    endloop
  endfacet
  facet normal 0 0 1
    outer loop
      vertex -14.5 25.8 2
      vertex -16 27.2 2
      vertex -16 25.8 2
    endloop
  endfacet
  facet normal 0 0 1
    outer loop
      vertex -14.5 25.8 2
      vertex -16 25.8 2
      vertex -14.5 22.8 2
    endloop
  endfacet
  facet normal 0 0 1
    outer loop
      vertex -14.5 22.8 2
      vertex -16 25.8 2
      vertex -16 22.8 2
    endloop
  endfacet
  facet normal 0 0 1
    outer loop
      vertex -29.5 -25.8 2
      vertex -28 -25.8 2
      vertex -28 -22.8 2
    endloop
  endfacet
  facet normal 0 0 1
    outer loop
      vertex -28 -25.8 2
      vertex -29.5 -25.8 2
      vertex -28 -27.2 2
    endloop
  endfacet
  facet normal 0 0 1
    outer loop
      vertex -29.5 -25.8 2
      vertex -28 -22.8 2
      vertex -29.5 -22.8 2
    endloop
  endfacet
  facet normal 0 0 1
    outer loop
      vertex -29.5 -27.2 2
      vertex -28 -27.2 2
      vertex -29.5 -25.8 2
    endloop
  endfacet
  facet normal 0 0 1
    outer loop
      vertex -28 -27.2 2
      vertex -29.5 -27.2 2
      vertex -28 -30.05 2
    endloop
  endfacet
  facet normal 0 0 1
    outer loop
      vertex -28 -30.05 2
      vertex -29.5 -27.2 2
      vertex -29.5 -30.05 2
    endloop
  endfacet
  facet normal 0 0 1
    outer loop
      vertex -16 -25.8 2
      vertex -14.5 -25.8 2
      vertex -14.5 -22.8 2
    endloop
  endfacet
  facet normal 0 0 1
    outer loop
      vertex -14.5 -25.8 2
      vertex -16 -25.8 2
      vertex -14.5 -27.2 2
    endloop
  endfacet
  facet normal 0 0 1
    outer loop
      vertex -16 -25.8 2
      vertex -14.5 -22.8 2
      vertex -16 -22.8 2
    endloop
  endfacet
  facet normal 0 0 1
    outer loop
      vertex -16 -27.2 2
      vertex -14.5 -27.2 2
      vertex -16 -25.8 2
    endloop
  endfacet
  facet normal 0 0 1
    outer loop
      vertex -14.5 -27.2 2
      vertex -16 -27.2 2
      vertex -14.5 -30.05 2
    endloop
  endfacet
  facet normal 0 0 1
    outer loop
      vertex -14.5 -30.05 2
      vertex -16 -27.2 2
      vertex -16 -30.05 2
    endloop
  endfacet
  facet normal 0 0 1
    outer loop
      vertex 14.5 27.2 2
      vertex 16 27.2 2
      vertex 16 30.05 2
    endloop
  endfacet
  facet normal 0 0 1
    outer loop
      vertex 16 27.2 2
      vertex 14.5 27.2 2
      vertex 16 25.8 2
    endloop
  endfacet
  facet normal 0 0 1
    outer loop
      vertex 14.5 27.2 2
      vertex 16 30.05 2
      vertex 14.5 30.05 2
    endloop
  endfacet
  facet normal 0 0 1
    outer loop
      vertex 16 25.8 2
      vertex 14.5 27.2 2
      vertex 14.5 25.8 2
    endloop
  endfacet
  facet normal 0 0 1
    outer loop
      vertex 16 25.8 2
      vertex 14.5 25.8 2
      vertex 16 22.8 2
    endloop
  endfacet
  facet normal 0 0 1
    outer loop
      vertex 16 22.8 2
      vertex 14.5 25.8 2
      vertex 14.5 22.8 2
    endloop
  endfacet
  facet normal 0 0 1
    outer loop
      vertex 28 27.2 2
      vertex 29.5 27.2 2
      vertex 29.5 30.05 2
    endloop
  endfacet
  facet normal 0 0 1
    outer loop
      vertex 29.5 27.2 2
      vertex 28 27.2 2
      vertex 29.5 25.8 2
    endloop
  endfacet
  facet normal 0 0 1
    outer loop
      vertex 28 27.2 2
      vertex 29.5 30.05 2
      vertex 28 30.05 2
    endloop
  endfacet
  facet normal 0 0 1
    outer loop
      vertex 29.5 25.8 2
      vertex 28 27.2 2
      vertex 28 25.8 2
    endloop
  endfacet
  facet normal 0 0 1
    outer loop
      vertex 29.5 25.8 2
      vertex 28 25.8 2
      vertex 29.5 22.8 2
    endloop
  endfacet
  facet normal 0 0 1
    outer loop
      vertex 29.5 22.8 2
      vertex 28 25.8 2
      vertex 28 22.8 2
    endloop
  endfacet
  facet normal 0 0 1
    outer loop
      vertex 14.5 -25.8 2
      vertex 16 -25.8 2
      vertex 16 -22.8 2
    endloop
  endfacet
  facet normal 0 0 1
    outer loop
      vertex 16 -25.8 2
      vertex 14.5 -25.8 2
      vertex 16 -27.2 2
    endloop
  endfacet
  facet normal 0 0 1
    outer loop
      vertex 14.5 -25.8 2
      vertex 16 -22.8 2
      vertex 14.5 -22.8 2
    endloop
  endfacet
  facet normal 0 0 1
    outer loop
      vertex 14.5 -27.2 2
      vertex 16 -27.2 2
      vertex 14.5 -25.8 2
    endloop
  endfacet
  facet normal 0 0 1
    outer loop
      vertex 16 -27.2 2
      vertex 14.5 -27.2 2
      vertex 16 -30.05 2
    endloop
  endfacet
  facet normal 0 0 1
    outer loop
      vertex 16 -30.05 2
      vertex 14.5 -27.2 2
      vertex 14.5 -30.05 2
    endloop
  endfacet
  facet normal 0 0 1
    outer loop
      vertex 28 -25.8 2
      vertex 29.5 -25.8 2
      vertex 29.5 -22.8 2
    endloop
  endfacet
  facet normal 0 0 1
    outer loop
      vertex 29.5 -25.8 2
      vertex 28 -25.8 2
      vertex 29.5 -27.2 2
    endloop
  endfacet
  facet normal 0 0 1
    outer loop
      vertex 28 -25.8 2
      vertex 29.5 -22.8 2
      vertex 28 -22.8 2
    endloop
  endfacet
  facet normal 0 0 1
    outer loop
      vertex 28 -27.2 2
      vertex 29.5 -27.2 2
      vertex 28 -25.8 2
    endloop
  endfacet
  facet normal 0 0 1
    outer loop
      vertex 29.5 -27.2 2
      vertex 28 -27.2 2
      vertex 29.5 -30.05 2
    endloop
  endfacet
  facet normal 0 0 1
    outer loop
      vertex 29.5 -30.05 2
      vertex 28 -27.2 2
      vertex 28 -30.05 2
    endloop
  endfacet
  facet normal -0 0 1
    outer loop
      vertex -28 -27.2 2
      vertex -16 -30.05 2
      vertex -16 -27.2 2
    endloop
  endfacet
  facet normal 0 0 1
    outer loop
      vertex -16 -30.05 2
      vertex -28 -27.2 2
      vertex -28 -30.05 2
    endloop
  endfacet
  facet normal -0 0 1
    outer loop
      vertex -14.5 -27.2 2
      vertex 14.5 -30.05 2
      vertex 14.5 -27.2 2
    endloop
  endfacet
  facet normal 0 0 1
    outer loop
      vertex 14.5 -30.05 2
      vertex -14.5 -27.2 2
      vertex -14.5 -30.05 2
    endloop
  endfacet
  facet normal -0 0 1
    outer loop
      vertex 16 -27.2 2
      vertex 28 -30.05 2
      vertex 28 -27.2 2
    endloop
  endfacet
  facet normal 0 0 1
    outer loop
      vertex 28 -30.05 2
      vertex 16 -27.2 2
      vertex 16 -30.05 2
    endloop
  endfacet
  facet normal -0 0 1
    outer loop
      vertex -28 30.05 2
      vertex -16 27.2 2
      vertex -16 30.05 2
    endloop
  endfacet
  facet normal 0 0 1
    outer loop
      vertex -16 27.2 2
      vertex -28 30.05 2
      vertex -28 27.2 2
    endloop
  endfacet
  facet normal -0 0 1
    outer loop
      vertex -14.5 30.05 2
      vertex 14.5 27.2 2
      vertex 14.5 30.05 2
    endloop
  endfacet
  facet normal 0 0 1
    outer loop
      vertex 14.5 27.2 2
      vertex -14.5 30.05 2
      vertex -14.5 27.2 2
    endloop
  endfacet
  facet normal -0 0 1
    outer loop
      vertex 16 30.05 2
      vertex 28 27.2 2
      vertex 28 30.05 2
    endloop
  endfacet
  facet normal 0 0 1
    outer loop
      vertex 28 27.2 2
      vertex 16 30.05 2
      vertex 16 27.2 2
    endloop
  endfacet
  facet normal -0.740728 -0.671805 0
    outer loop
      vertex -40.9445 -22.9445 2
      vertex -41.1258 -22.7446 7.8
      vertex -41.1258 -22.7446 2
    endloop
  endfacet
  facet normal -0.740728 -0.671805 0
    outer loop
      vertex -41.1258 -22.7446 7.8
      vertex -40.9445 -22.9445 2
      vertex -40.9445 -22.9445 7.8
    endloop
  endfacet
  facet normal 0.98918 0.14671 0
    outer loop
      vertex -36.2632 -20.7305 7.8
      vertex -36.3028 -20.4635 2
      vertex -36.3028 -20.4635 7.8
    endloop
  endfacet
  facet normal 0.98918 0.14671 0
    outer loop
      vertex -36.3028 -20.4635 2
      vertex -36.2632 -20.7305 7.8
      vertex -36.2632 -20.7305 2
    endloop
  endfacet
  facet normal 0.970012 0.243059 0
    outer loop
      vertex -36.3028 -20.4635 7.8
      vertex -36.3684 -20.2017 2
      vertex -36.3684 -20.2017 7.8
    endloop
  endfacet
  facet normal 0.970012 0.243059 0
    outer loop
      vertex -36.3684 -20.2017 2
      vertex -36.3028 -20.4635 7.8
      vertex -36.3028 -20.4635 2
    endloop
  endfacet
  facet normal 0.941566 0.336829 0
    outer loop
      vertex -36.3684 -20.2017 7.8
      vertex -36.4593 -19.9476 2
      vertex -36.4593 -19.9476 7.8
    endloop
  endfacet
  facet normal 0.941566 0.336829 0
    outer loop
      vertex -36.4593 -19.9476 2
      vertex -36.3684 -20.2017 7.8
      vertex -36.3684 -20.2017 2
    endloop
  endfacet
  facet normal 0.740728 0.671805 0
    outer loop
      vertex -36.8742 -19.2554 7.8
      vertex -37.0555 -19.0555 2
      vertex -37.0555 -19.0555 7.8
    endloop
  endfacet
  facet normal 0.740728 0.671805 0
    outer loop
      vertex -37.0555 -19.0555 2
      vertex -36.8742 -19.2554 7.8
      vertex -36.8742 -19.2554 2
    endloop
  endfacet
  facet normal 0.803367 0.595485 0
    outer loop
      vertex -36.7135 -19.4722 7.8
      vertex -36.8742 -19.2554 2
      vertex -36.8742 -19.2554 7.8
    endloop
  endfacet
  facet normal 0.803367 0.595485 0
    outer loop
      vertex -36.8742 -19.2554 2
      vertex -36.7135 -19.4722 7.8
      vertex -36.7135 -19.4722 2
    endloop
  endfacet
  facet normal 0.671805 0.740728 -0
    outer loop
      vertex -37.0555 -19.0555 2
      vertex -37.2554 -18.8742 7.8
      vertex -37.0555 -19.0555 7.8
    endloop
  endfacet
  facet normal 0.671805 0.740728 0
    outer loop
      vertex -37.2554 -18.8742 7.8
      vertex -37.0555 -19.0555 2
      vertex -37.2554 -18.8742 2
    endloop
  endfacet
  facet normal 0.514223 0.857656 -0
    outer loop
      vertex -37.4722 -18.7135 2
      vertex -37.7037 -18.5747 7.8
      vertex -37.4722 -18.7135 7.8
    endloop
  endfacet
  facet normal 0.514223 0.857656 0
    outer loop
      vertex -37.7037 -18.5747 7.8
      vertex -37.4722 -18.7135 2
      vertex -37.7037 -18.5747 2
    endloop
  endfacet
  facet normal 0.0489209 0.998803 -0
    outer loop
      vertex -38.7305 -18.2632 2
      vertex -39 -18.25 7.8
      vertex -38.7305 -18.2632 7.8
    endloop
  endfacet
  facet normal 0.0489209 0.998803 0
    outer loop
      vertex -39 -18.25 7.8
      vertex -38.7305 -18.2632 2
      vertex -39 -18.25 2
    endloop
  endfacet
  facet normal 0.336829 0.941566 -0
    outer loop
      vertex -37.9476 -18.4593 2
      vertex -38.2017 -18.3684 7.8
      vertex -37.9476 -18.4593 7.8
    endloop
  endfacet
  facet normal 0.336829 0.941566 0
    outer loop
      vertex -38.2017 -18.3684 7.8
      vertex -37.9476 -18.4593 2
      vertex -38.2017 -18.3684 2
    endloop
  endfacet
  facet normal 0.243059 0.970012 -0
    outer loop
      vertex -38.2017 -18.3684 2
      vertex -38.4635 -18.3028 7.8
      vertex -38.2017 -18.3684 7.8
    endloop
  endfacet
  facet normal 0.243059 0.970012 0
    outer loop
      vertex -38.4635 -18.3028 7.8
      vertex -38.2017 -18.3684 2
      vertex -38.4635 -18.3028 2
    endloop
  endfacet
  facet normal -0.998803 0.0489209 0
    outer loop
      vertex -41.75 -21 2
      vertex -41.7368 -20.7305 7.8
      vertex -41.7368 -20.7305 2
    endloop
  endfacet
  facet normal -0.998803 0.0489209 0
    outer loop
      vertex -41.7368 -20.7305 7.8
      vertex -41.75 -21 2
      vertex -41.75 -21 7.8
    endloop
  endfacet
  facet normal -0.941566 0.336829 0
    outer loop
      vertex -41.6316 -20.2017 2
      vertex -41.5407 -19.9476 7.8
      vertex -41.5407 -19.9476 2
    endloop
  endfacet
  facet normal -0.941566 0.336829 0
    outer loop
      vertex -41.5407 -19.9476 7.8
      vertex -41.6316 -20.2017 2
      vertex -41.6316 -20.2017 7.8
    endloop
  endfacet
  facet normal -0.970012 0.243059 0
    outer loop
      vertex -41.6972 -20.4635 2
      vertex -41.6316 -20.2017 7.8
      vertex -41.6316 -20.2017 2
    endloop
  endfacet
  facet normal -0.970012 0.243059 0
    outer loop
      vertex -41.6316 -20.2017 7.8
      vertex -41.6972 -20.4635 2
      vertex -41.6972 -20.4635 7.8
    endloop
  endfacet
  facet normal -0.857656 0.514223 0
    outer loop
      vertex -41.4253 -19.7037 2
      vertex -41.2865 -19.4722 7.8
      vertex -41.2865 -19.4722 2
    endloop
  endfacet
  facet normal -0.857656 0.514223 0
    outer loop
      vertex -41.2865 -19.4722 7.8
      vertex -41.4253 -19.7037 2
      vertex -41.4253 -19.7037 7.8
    endloop
  endfacet
  facet normal -0.803367 0.595485 0
    outer loop
      vertex -41.2865 -19.4722 2
      vertex -41.1258 -19.2554 7.8
      vertex -41.1258 -19.2554 2
    endloop
  endfacet
  facet normal -0.803367 0.595485 0
    outer loop
      vertex -41.1258 -19.2554 7.8
      vertex -41.2865 -19.4722 2
      vertex -41.2865 -19.4722 7.8
    endloop
  endfacet
  facet normal -0.243059 0.970012 0
    outer loop
      vertex -39.5365 -18.3028 2
      vertex -39.7983 -18.3684 7.8
      vertex -39.5365 -18.3028 7.8
    endloop
  endfacet
  facet normal -0.243059 0.970012 0
    outer loop
      vertex -39.7983 -18.3684 7.8
      vertex -39.5365 -18.3028 2
      vertex -39.7983 -18.3684 2
    endloop
  endfacet
  facet normal -0.0489209 0.998803 0
    outer loop
      vertex -39 -18.25 2
      vertex -39.2695 -18.2632 7.8
      vertex -39 -18.25 7.8
    endloop
  endfacet
  facet normal -0.0489209 0.998803 0
    outer loop
      vertex -39.2695 -18.2632 7.8
      vertex -39 -18.25 2
      vertex -39.2695 -18.2632 2
    endloop
  endfacet
  facet normal -0.514223 0.857656 0
    outer loop
      vertex -40.2963 -18.5747 2
      vertex -40.5278 -18.7135 7.8
      vertex -40.2963 -18.5747 7.8
    endloop
  endfacet
  facet normal -0.514223 0.857656 0
    outer loop
      vertex -40.5278 -18.7135 7.8
      vertex -40.2963 -18.5747 2
      vertex -40.5278 -18.7135 2
    endloop
  endfacet
  facet normal -0.595485 0.803367 0
    outer loop
      vertex -40.5278 -18.7135 2
      vertex -40.7446 -18.8742 7.8
      vertex -40.5278 -18.7135 7.8
    endloop
  endfacet
  facet normal -0.595485 0.803367 0
    outer loop
      vertex -40.7446 -18.8742 7.8
      vertex -40.5278 -18.7135 2
      vertex -40.7446 -18.8742 2
    endloop
  endfacet
  facet normal -0.427688 0.903926 0
    outer loop
      vertex -40.0524 -18.4593 2
      vertex -40.2963 -18.5747 7.8
      vertex -40.0524 -18.4593 7.8
    endloop
  endfacet
  facet normal -0.427688 0.903926 0
    outer loop
      vertex -40.2963 -18.5747 7.8
      vertex -40.0524 -18.4593 2
      vertex -40.2963 -18.5747 2
    endloop
  endfacet
  facet normal -0.671805 0.740728 0
    outer loop
      vertex -40.7446 -18.8742 2
      vertex -40.9445 -19.0555 7.8
      vertex -40.7446 -18.8742 7.8
    endloop
  endfacet
  facet normal -0.671805 0.740728 0
    outer loop
      vertex -40.9445 -19.0555 7.8
      vertex -40.7446 -18.8742 2
      vertex -40.9445 -19.0555 2
    endloop
  endfacet
  facet normal 0.998803 0.0489209 0
    outer loop
      vertex -36.25 -21 7.8
      vertex -36.2632 -20.7305 2
      vertex -36.2632 -20.7305 7.8
    endloop
  endfacet
  facet normal 0.998803 0.0489209 0
    outer loop
      vertex -36.2632 -20.7305 2
      vertex -36.25 -21 7.8
      vertex -36.25 -21 2
    endloop
  endfacet
  facet normal 0.0489209 -0.998803 0
    outer loop
      vertex -39 -23.75 2
      vertex -38.7305 -23.7368 7.8
      vertex -39 -23.75 7.8
    endloop
  endfacet
  facet normal 0.0489209 -0.998803 0
    outer loop
      vertex -38.7305 -23.7368 7.8
      vertex -39 -23.75 2
      vertex -38.7305 -23.7368 2
    endloop
  endfacet
  facet normal 0.903926 -0.427688 0
    outer loop
      vertex -36.5747 -22.2963 7.8
      vertex -36.4593 -22.0524 2
      vertex -36.4593 -22.0524 7.8
    endloop
  endfacet
  facet normal 0.903926 -0.427688 0
    outer loop
      vertex -36.4593 -22.0524 2
      vertex -36.5747 -22.2963 7.8
      vertex -36.5747 -22.2963 2
    endloop
  endfacet
  facet normal 0.14671 -0.98918 0
    outer loop
      vertex -38.7305 -23.7368 2
      vertex -38.4635 -23.6972 7.8
      vertex -38.7305 -23.7368 7.8
    endloop
  endfacet
  facet normal 0.14671 -0.98918 0
    outer loop
      vertex -38.4635 -23.6972 7.8
      vertex -38.7305 -23.7368 2
      vertex -38.4635 -23.6972 2
    endloop
  endfacet
  facet normal 0.740728 -0.671805 0
    outer loop
      vertex -37.0555 -22.9445 7.8
      vertex -36.8742 -22.7446 2
      vertex -36.8742 -22.7446 7.8
    endloop
  endfacet
  facet normal 0.740728 -0.671805 0
    outer loop
      vertex -36.8742 -22.7446 2
      vertex -37.0555 -22.9445 7.8
      vertex -37.0555 -22.9445 2
    endloop
  endfacet
  facet normal 0.671805 -0.740728 0
    outer loop
      vertex -37.2554 -23.1258 2
      vertex -37.0555 -22.9445 7.8
      vertex -37.2554 -23.1258 7.8
    endloop
  endfacet
  facet normal 0.671805 -0.740728 0
    outer loop
      vertex -37.0555 -22.9445 7.8
      vertex -37.2554 -23.1258 2
      vertex -37.0555 -22.9445 2
    endloop
  endfacet
  facet normal 0.514223 -0.857656 0
    outer loop
      vertex -37.7037 -23.4253 2
      vertex -37.4722 -23.2865 7.8
      vertex -37.7037 -23.4253 7.8
    endloop
  endfacet
  facet normal 0.514223 -0.857656 0
    outer loop
      vertex -37.4722 -23.2865 7.8
      vertex -37.7037 -23.4253 2
      vertex -37.4722 -23.2865 2
    endloop
  endfacet
  facet normal -0.0489209 -0.998803 0
    outer loop
      vertex -39.2695 -23.7368 2
      vertex -39 -23.75 7.8
      vertex -39.2695 -23.7368 7.8
    endloop
  endfacet
  facet normal -0.0489209 -0.998803 -0
    outer loop
      vertex -39 -23.75 7.8
      vertex -39.2695 -23.7368 2
      vertex -39 -23.75 2
    endloop
  endfacet
  facet normal -0.336829 -0.941566 0
    outer loop
      vertex -40.0524 -23.5407 2
      vertex -39.7983 -23.6316 7.8
      vertex -40.0524 -23.5407 7.8
    endloop
  endfacet
  facet normal -0.336829 -0.941566 -0
    outer loop
      vertex -39.7983 -23.6316 7.8
      vertex -40.0524 -23.5407 2
      vertex -39.7983 -23.6316 2
    endloop
  endfacet
  facet normal -0.514223 -0.857656 0
    outer loop
      vertex -40.5278 -23.2865 2
      vertex -40.2963 -23.4253 7.8
      vertex -40.5278 -23.2865 7.8
    endloop
  endfacet
  facet normal -0.514223 -0.857656 -0
    outer loop
      vertex -40.2963 -23.4253 7.8
      vertex -40.5278 -23.2865 2
      vertex -40.2963 -23.4253 2
    endloop
  endfacet
  facet normal -0.970012 -0.243059 0
    outer loop
      vertex -41.6316 -21.7983 2
      vertex -41.6972 -21.5365 7.8
      vertex -41.6972 -21.5365 2
    endloop
  endfacet
  facet normal -0.970012 -0.243059 0
    outer loop
      vertex -41.6972 -21.5365 7.8
      vertex -41.6316 -21.7983 2
      vertex -41.6316 -21.7983 7.8
    endloop
  endfacet
  facet normal -0.998803 -0.0489209 0
    outer loop
      vertex -41.7368 -21.2695 2
      vertex -41.75 -21 7.8
      vertex -41.75 -21 2
    endloop
  endfacet
  facet normal -0.998803 -0.0489209 0
    outer loop
      vertex -41.75 -21 7.8
      vertex -41.7368 -21.2695 2
      vertex -41.7368 -21.2695 7.8
    endloop
  endfacet
  facet normal -0.803367 -0.595485 0
    outer loop
      vertex -41.1258 -22.7446 2
      vertex -41.2865 -22.5278 7.8
      vertex -41.2865 -22.5278 2
    endloop
  endfacet
  facet normal -0.803367 -0.595485 0
    outer loop
      vertex -41.2865 -22.5278 7.8
      vertex -41.1258 -22.7446 2
      vertex -41.1258 -22.7446 7.8
    endloop
  endfacet
  facet normal -0.857656 -0.514223 0
    outer loop
      vertex -41.2865 -22.5278 2
      vertex -41.4253 -22.2963 7.8
      vertex -41.4253 -22.2963 2
    endloop
  endfacet
  facet normal -0.857656 -0.514223 0
    outer loop
      vertex -41.4253 -22.2963 7.8
      vertex -41.2865 -22.5278 2
      vertex -41.2865 -22.5278 7.8
    endloop
  endfacet
  facet normal -0.903926 -0.427688 0
    outer loop
      vertex -41.4253 -22.2963 2
      vertex -41.5407 -22.0524 7.8
      vertex -41.5407 -22.0524 2
    endloop
  endfacet
  facet normal -0.903926 -0.427688 0
    outer loop
      vertex -41.5407 -22.0524 7.8
      vertex -41.4253 -22.2963 2
      vertex -41.4253 -22.2963 7.8
    endloop
  endfacet
  facet normal 0 0 1
    outer loop
      vertex -37.5 -21 7.8
      vertex -36.25 -21 7.8
      vertex -36.2632 -20.7305 7.8
    endloop
  endfacet
  facet normal 0 0 1
    outer loop
      vertex -37.5072 -20.853 7.8
      vertex -36.2632 -20.7305 7.8
      vertex -36.3028 -20.4635 7.8
    endloop
  endfacet
  facet normal 0 0 1
    outer loop
      vertex -36.25 -21 7.8
      vertex -37.5 -21 7.8
      vertex -36.2632 -21.2695 7.8
    endloop
  endfacet
  facet normal 0 0 1
    outer loop
      vertex -37.5288 -20.7074 7.8
      vertex -36.3028 -20.4635 7.8
      vertex -36.3684 -20.2017 7.8
    endloop
  endfacet
  facet normal -0 0 1
    outer loop
      vertex -37.5072 -21.147 7.8
      vertex -36.2632 -21.2695 7.8
      vertex -37.5 -21 7.8
    endloop
  endfacet
  facet normal 0 0 1
    outer loop
      vertex -37.5646 -20.5646 7.8
      vertex -36.3684 -20.2017 7.8
      vertex -36.4593 -19.9476 7.8
    endloop
  endfacet
  facet normal 0 0 1
    outer loop
      vertex -36.2632 -21.2695 7.8
      vertex -37.5072 -21.147 7.8
      vertex -36.3028 -21.5365 7.8
    endloop
  endfacet
  facet normal 0 0 1
    outer loop
      vertex -37.6142 -20.426 7.8
      vertex -36.4593 -19.9476 7.8
      vertex -36.5747 -19.7037 7.8
    endloop
  endfacet
  facet normal -0 0 1
    outer loop
      vertex -37.5288 -21.2926 7.8
      vertex -36.3028 -21.5365 7.8
      vertex -37.5072 -21.147 7.8
    endloop
  endfacet
  facet normal 0 0 1
    outer loop
      vertex -37.6771 -20.2929 7.8
      vertex -36.5747 -19.7037 7.8
      vertex -36.7135 -19.4722 7.8
    endloop
  endfacet
  facet normal 0 0 1
    outer loop
      vertex -36.3028 -21.5365 7.8
      vertex -37.5288 -21.2926 7.8
      vertex -36.3684 -21.7983 7.8
    endloop
  endfacet
  facet normal 0 0 1
    outer loop
      vertex -37.7528 -20.1666 7.8
      vertex -36.7135 -19.4722 7.8
      vertex -36.8742 -19.2554 7.8
    endloop
  endfacet
  facet normal -0 0 1
    outer loop
      vertex -37.5646 -21.4354 7.8
      vertex -36.3684 -21.7983 7.8
      vertex -37.5288 -21.2926 7.8
    endloop
  endfacet
  facet normal 0 0 1
    outer loop
      vertex -37.8405 -20.0484 7.8
      vertex -36.8742 -19.2554 7.8
      vertex -37.0555 -19.0555 7.8
    endloop
  endfacet
  facet normal 0 0 1
    outer loop
      vertex -36.3684 -21.7983 7.8
      vertex -37.5646 -21.4354 7.8
      vertex -36.4593 -22.0524 7.8
    endloop
  endfacet
  facet normal 0 0 1
    outer loop
      vertex -37.9393 -19.9393 7.8
      vertex -37.0555 -19.0555 7.8
      vertex -37.2554 -18.8742 7.8
    endloop
  endfacet
  facet normal -0 0 1
    outer loop
      vertex -37.6142 -21.574 7.8
      vertex -36.4593 -22.0524 7.8
      vertex -37.5646 -21.4354 7.8
    endloop
  endfacet
  facet normal 0 0 1
    outer loop
      vertex -38.0484 -19.8405 7.8
      vertex -37.2554 -18.8742 7.8
      vertex -37.4722 -18.7135 7.8
    endloop
  endfacet
  facet normal 0 0 1
    outer loop
      vertex -36.4593 -22.0524 7.8
      vertex -37.6142 -21.574 7.8
      vertex -36.5747 -22.2963 7.8
    endloop
  endfacet
  facet normal -0 0 1
    outer loop
      vertex -37.6771 -21.7071 7.8
      vertex -36.5747 -22.2963 7.8
      vertex -37.6142 -21.574 7.8
    endloop
  endfacet
  facet normal 0 0 1
    outer loop
      vertex -36.2632 -20.7305 7.8
      vertex -37.5072 -20.853 7.8
      vertex -37.5 -21 7.8
    endloop
  endfacet
  facet normal 0 0 1
    outer loop
      vertex -36.3028 -20.4635 7.8
      vertex -37.5288 -20.7074 7.8
      vertex -37.5072 -20.853 7.8
    endloop
  endfacet
  facet normal 0 0 1
    outer loop
      vertex -36.3684 -20.2017 7.8
      vertex -37.5646 -20.5646 7.8
      vertex -37.5288 -20.7074 7.8
    endloop
  endfacet
  facet normal 0 0 1
    outer loop
      vertex -36.4593 -19.9476 7.8
      vertex -37.6142 -20.426 7.8
      vertex -37.5646 -20.5646 7.8
    endloop
  endfacet
  facet normal 0 0 1
    outer loop
      vertex -36.5747 -19.7037 7.8
      vertex -37.6771 -20.2929 7.8
      vertex -37.6142 -20.426 7.8
    endloop
  endfacet
  facet normal 0 0 1
    outer loop
      vertex -38.1666 -19.7528 7.8
      vertex -37.4722 -18.7135 7.8
      vertex -37.7037 -18.5747 7.8
    endloop
  endfacet
  facet normal 0 0 1
    outer loop
      vertex -36.7135 -19.4722 7.8
      vertex -37.7528 -20.1666 7.8
      vertex -37.6771 -20.2929 7.8
    endloop
  endfacet
  facet normal 0 0 1
    outer loop
      vertex -36.8742 -19.2554 7.8
      vertex -37.8405 -20.0484 7.8
      vertex -37.7528 -20.1666 7.8
    endloop
  endfacet
  facet normal 0 0 1
    outer loop
      vertex -37.0555 -19.0555 7.8
      vertex -37.9393 -19.9393 7.8
      vertex -37.8405 -20.0484 7.8
    endloop
  endfacet
  facet normal 0 0 1
    outer loop
      vertex -38.2929 -19.6771 7.8
      vertex -37.7037 -18.5747 7.8
      vertex -37.9476 -18.4593 7.8
    endloop
  endfacet
  facet normal 0 0 1
    outer loop
      vertex -37.2554 -18.8742 7.8
      vertex -38.0484 -19.8405 7.8
      vertex -37.9393 -19.9393 7.8
    endloop
  endfacet
  facet normal 0 0 1
    outer loop
      vertex -37.4722 -18.7135 7.8
      vertex -38.1666 -19.7528 7.8
      vertex -38.0484 -19.8405 7.8
    endloop
  endfacet
  facet normal 0 0 1
    outer loop
      vertex -38.426 -19.6142 7.8
      vertex -37.9476 -18.4593 7.8
      vertex -38.2017 -18.3684 7.8
    endloop
  endfacet
  facet normal 0 0 1
    outer loop
      vertex -37.7037 -18.5747 7.8
      vertex -38.2929 -19.6771 7.8
      vertex -38.1666 -19.7528 7.8
    endloop
  endfacet
  facet normal 0 0 1
    outer loop
      vertex -37.9476 -18.4593 7.8
      vertex -38.426 -19.6142 7.8
      vertex -38.2929 -19.6771 7.8
    endloop
  endfacet
  facet normal 0 0 1
    outer loop
      vertex -38.5646 -19.5646 7.8
      vertex -38.2017 -18.3684 7.8
      vertex -38.4635 -18.3028 7.8
    endloop
  endfacet
  facet normal 0 0 1
    outer loop
      vertex -38.2017 -18.3684 7.8
      vertex -38.5646 -19.5646 7.8
      vertex -38.426 -19.6142 7.8
    endloop
  endfacet
  facet normal 0 0 1
    outer loop
      vertex -38.4635 -18.3028 7.8
      vertex -38.7074 -19.5288 7.8
      vertex -38.5646 -19.5646 7.8
    endloop
  endfacet
  facet normal 0 0 1
    outer loop
      vertex -38.7305 -18.2632 7.8
      vertex -38.7074 -19.5288 7.8
      vertex -38.4635 -18.3028 7.8
    endloop
  endfacet
  facet normal 0 0 1
    outer loop
      vertex -38.7305 -18.2632 7.8
      vertex -38.853 -19.5072 7.8
      vertex -38.7074 -19.5288 7.8
    endloop
  endfacet
  facet normal 0 0 1
    outer loop
      vertex -39 -18.25 7.8
      vertex -38.853 -19.5072 7.8
      vertex -38.7305 -18.2632 7.8
    endloop
  endfacet
  facet normal 0 0 1
    outer loop
      vertex -39 -18.25 7.8
      vertex -39 -19.5 7.8
      vertex -38.853 -19.5072 7.8
    endloop
  endfacet
  facet normal 0 0 1
    outer loop
      vertex -39 -18.25 7.8
      vertex -39.147 -19.5072 7.8
      vertex -39 -19.5 7.8
    endloop
  endfacet
  facet normal -0 0 1
    outer loop
      vertex -39.2695 -18.2632 7.8
      vertex -39.147 -19.5072 7.8
      vertex -39 -18.25 7.8
    endloop
  endfacet
  facet normal 0 0 1
    outer loop
      vertex -39.2695 -18.2632 7.8
      vertex -39.2926 -19.5288 7.8
      vertex -39.147 -19.5072 7.8
    endloop
  endfacet
  facet normal -0 0 1
    outer loop
      vertex -39.5365 -18.3028 7.8
      vertex -39.2926 -19.5288 7.8
      vertex -39.2695 -18.2632 7.8
    endloop
  endfacet
  facet normal 0 0 1
    outer loop
      vertex -39.2926 -19.5288 7.8
      vertex -39.5365 -18.3028 7.8
      vertex -39.4354 -19.5646 7.8
    endloop
  endfacet
  facet normal -0 0 1
    outer loop
      vertex -39.7983 -18.3684 7.8
      vertex -39.4354 -19.5646 7.8
      vertex -39.5365 -18.3028 7.8
    endloop
  endfacet
  facet normal 0 0 1
    outer loop
      vertex -39.4354 -19.5646 7.8
      vertex -39.7983 -18.3684 7.8
      vertex -39.574 -19.6142 7.8
    endloop
  endfacet
  facet normal -0 0 1
    outer loop
      vertex -40.0524 -18.4593 7.8
      vertex -39.574 -19.6142 7.8
      vertex -39.7983 -18.3684 7.8
    endloop
  endfacet
  facet normal 0 0 1
    outer loop
      vertex -39.574 -19.6142 7.8
      vertex -40.0524 -18.4593 7.8
      vertex -39.7071 -19.6771 7.8
    endloop
  endfacet
  facet normal -0 0 1
    outer loop
      vertex -40.2963 -18.5747 7.8
      vertex -39.7071 -19.6771 7.8
      vertex -40.0524 -18.4593 7.8
    endloop
  endfacet
  facet normal 0 0 1
    outer loop
      vertex -39.7071 -19.6771 7.8
      vertex -40.2963 -18.5747 7.8
      vertex -39.8334 -19.7528 7.8
    endloop
  endfacet
  facet normal -0 0 1
    outer loop
      vertex -40.5278 -18.7135 7.8
      vertex -39.8334 -19.7528 7.8
      vertex -40.2963 -18.5747 7.8
    endloop
  endfacet
  facet normal 0 0 1
    outer loop
      vertex -39.8334 -19.7528 7.8
      vertex -40.5278 -18.7135 7.8
      vertex -39.9516 -19.8405 7.8
    endloop
  endfacet
  facet normal -0 0 1
    outer loop
      vertex -40.7446 -18.8742 7.8
      vertex -39.9516 -19.8405 7.8
      vertex -40.5278 -18.7135 7.8
    endloop
  endfacet
  facet normal 0 0 1
    outer loop
      vertex -39.9516 -19.8405 7.8
      vertex -40.7446 -18.8742 7.8
      vertex -40.0607 -19.9393 7.8
    endloop
  endfacet
  facet normal -0 0 1
    outer loop
      vertex -40.9445 -19.0555 7.8
      vertex -40.0607 -19.9393 7.8
      vertex -40.7446 -18.8742 7.8
    endloop
  endfacet
  facet normal 0 0 1
    outer loop
      vertex -40.0607 -19.9393 7.8
      vertex -40.9445 -19.0555 7.8
      vertex -40.1595 -20.0484 7.8
    endloop
  endfacet
  facet normal -0 0 1
    outer loop
      vertex -41.1258 -19.2554 7.8
      vertex -40.1595 -20.0484 7.8
      vertex -40.9445 -19.0555 7.8
    endloop
  endfacet
  facet normal 0 0 1
    outer loop
      vertex -40.1595 -20.0484 7.8
      vertex -41.1258 -19.2554 7.8
      vertex -40.2472 -20.1666 7.8
    endloop
  endfacet
  facet normal -0 0 1
    outer loop
      vertex -41.2865 -19.4722 7.8
      vertex -40.2472 -20.1666 7.8
      vertex -41.1258 -19.2554 7.8
    endloop
  endfacet
  facet normal -0 0 1
    outer loop
      vertex -41.4253 -19.7037 7.8
      vertex -40.3229 -20.2929 7.8
      vertex -41.2865 -19.4722 7.8
    endloop
  endfacet
  facet normal 0 0 1
    outer loop
      vertex -40.2472 -20.1666 7.8
      vertex -41.2865 -19.4722 7.8
      vertex -40.3229 -20.2929 7.8
    endloop
  endfacet
  facet normal 0 0 1
    outer loop
      vertex -36.5747 -22.2963 7.8
      vertex -37.6771 -21.7071 7.8
      vertex -36.7135 -22.5278 7.8
    endloop
  endfacet
  facet normal -0 0 1
    outer loop
      vertex -37.7528 -21.8334 7.8
      vertex -36.7135 -22.5278 7.8
      vertex -37.6771 -21.7071 7.8
    endloop
  endfacet
  facet normal 0 0 1
    outer loop
      vertex -36.7135 -22.5278 7.8
      vertex -37.7528 -21.8334 7.8
      vertex -36.8742 -22.7446 7.8
    endloop
  endfacet
  facet normal -0 0 1
    outer loop
      vertex -37.8405 -21.9516 7.8
      vertex -36.8742 -22.7446 7.8
      vertex -37.7528 -21.8334 7.8
    endloop
  endfacet
  facet normal 0 0 1
    outer loop
      vertex -36.8742 -22.7446 7.8
      vertex -37.8405 -21.9516 7.8
      vertex -37.0555 -22.9445 7.8
    endloop
  endfacet
  facet normal -0 0 1
    outer loop
      vertex -37.9393 -22.0607 7.8
      vertex -37.0555 -22.9445 7.8
      vertex -37.8405 -21.9516 7.8
    endloop
  endfacet
  facet normal 0 0 1
    outer loop
      vertex -37.0555 -22.9445 7.8
      vertex -37.9393 -22.0607 7.8
      vertex -37.2554 -23.1258 7.8
    endloop
  endfacet
  facet normal -0 0 1
    outer loop
      vertex -38.0484 -22.1595 7.8
      vertex -37.2554 -23.1258 7.8
      vertex -37.9393 -22.0607 7.8
    endloop
  endfacet
  facet normal 0 0 1
    outer loop
      vertex -37.2554 -23.1258 7.8
      vertex -38.0484 -22.1595 7.8
      vertex -37.4722 -23.2865 7.8
    endloop
  endfacet
  facet normal -0 0 1
    outer loop
      vertex -38.1666 -22.2472 7.8
      vertex -37.4722 -23.2865 7.8
      vertex -38.0484 -22.1595 7.8
    endloop
  endfacet
  facet normal 0 0 1
    outer loop
      vertex -37.4722 -23.2865 7.8
      vertex -38.1666 -22.2472 7.8
      vertex -37.7037 -23.4253 7.8
    endloop
  endfacet
  facet normal -0 0 1
    outer loop
      vertex -38.2929 -22.3229 7.8
      vertex -37.7037 -23.4253 7.8
      vertex -38.1666 -22.2472 7.8
    endloop
  endfacet
  facet normal 0 0 1
    outer loop
      vertex -37.7037 -23.4253 7.8
      vertex -38.2929 -22.3229 7.8
      vertex -37.9476 -23.5407 7.8
    endloop
  endfacet
  facet normal -0 0 1
    outer loop
      vertex -38.426 -22.3858 7.8
      vertex -37.9476 -23.5407 7.8
      vertex -38.2929 -22.3229 7.8
    endloop
  endfacet
  facet normal 0 0 1
    outer loop
      vertex -37.9476 -23.5407 7.8
      vertex -38.426 -22.3858 7.8
      vertex -38.2017 -23.6316 7.8
    endloop
  endfacet
  facet normal -0 0 1
    outer loop
      vertex -38.5646 -22.4354 7.8
      vertex -38.2017 -23.6316 7.8
      vertex -38.426 -22.3858 7.8
    endloop
  endfacet
  facet normal 0 0 1
    outer loop
      vertex -38.2017 -23.6316 7.8
      vertex -38.5646 -22.4354 7.8
      vertex -38.4635 -23.6972 7.8
    endloop
  endfacet
  facet normal -0 0 1
    outer loop
      vertex -38.7074 -22.4712 7.8
      vertex -38.4635 -23.6972 7.8
      vertex -38.5646 -22.4354 7.8
    endloop
  endfacet
  facet normal 0 0 1
    outer loop
      vertex -38.7074 -22.4712 7.8
      vertex -38.7305 -23.7368 7.8
      vertex -38.4635 -23.6972 7.8
    endloop
  endfacet
  facet normal -0 0 1
    outer loop
      vertex -38.853 -22.4928 7.8
      vertex -38.7305 -23.7368 7.8
      vertex -38.7074 -22.4712 7.8
    endloop
  endfacet
  facet normal -0 0 1
    outer loop
      vertex -39 -22.5 7.8
      vertex -38.7305 -23.7368 7.8
      vertex -38.853 -22.4928 7.8
    endloop
  endfacet
  facet normal 0 0 1
    outer loop
      vertex -39 -22.5 7.8
      vertex -39 -23.75 7.8
      vertex -38.7305 -23.7368 7.8
    endloop
  endfacet
  facet normal 0 0 1
    outer loop
      vertex -39.147 -22.4928 7.8
      vertex -39 -23.75 7.8
      vertex -39 -22.5 7.8
    endloop
  endfacet
  facet normal 0 0 1
    outer loop
      vertex -39.147 -22.4928 7.8
      vertex -39.2695 -23.7368 7.8
      vertex -39 -23.75 7.8
    endloop
  endfacet
  facet normal 0 0 1
    outer loop
      vertex -39.2926 -22.4712 7.8
      vertex -39.2695 -23.7368 7.8
      vertex -39.147 -22.4928 7.8
    endloop
  endfacet
  facet normal 0 0 1
    outer loop
      vertex -39.5365 -23.6972 7.8
      vertex -39.2926 -22.4712 7.8
      vertex -39.4354 -22.4354 7.8
    endloop
  endfacet
  facet normal 0 0 1
    outer loop
      vertex -39.2926 -22.4712 7.8
      vertex -39.5365 -23.6972 7.8
      vertex -39.2695 -23.7368 7.8
    endloop
  endfacet
  facet normal 0 0 1
    outer loop
      vertex -39.7983 -23.6316 7.8
      vertex -39.4354 -22.4354 7.8
      vertex -39.574 -22.3858 7.8
    endloop
  endfacet
  facet normal 0 0 1
    outer loop
      vertex -40.0524 -23.5407 7.8
      vertex -39.574 -22.3858 7.8
      vertex -39.7071 -22.3229 7.8
    endloop
  endfacet
  facet normal 0 0 1
    outer loop
      vertex -39.4354 -22.4354 7.8
      vertex -39.7983 -23.6316 7.8
      vertex -39.5365 -23.6972 7.8
    endloop
  endfacet
  facet normal 0 0 1
    outer loop
      vertex -40.2963 -23.4253 7.8
      vertex -39.7071 -22.3229 7.8
      vertex -39.8334 -22.2472 7.8
    endloop
  endfacet
  facet normal 0 0 1
    outer loop
      vertex -40.5278 -23.2865 7.8
      vertex -39.8334 -22.2472 7.8
      vertex -39.9516 -22.1595 7.8
    endloop
  endfacet
  facet normal 0 0 1
    outer loop
      vertex -39.574 -22.3858 7.8
      vertex -40.0524 -23.5407 7.8
      vertex -39.7983 -23.6316 7.8
    endloop
  endfacet
  facet normal 0 0 1
    outer loop
      vertex -40.7446 -23.1258 7.8
      vertex -39.9516 -22.1595 7.8
      vertex -40.0607 -22.0607 7.8
    endloop
  endfacet
  facet normal 0 0 1
    outer loop
      vertex -40.9445 -22.9445 7.8
      vertex -40.0607 -22.0607 7.8
      vertex -40.1595 -21.9516 7.8
    endloop
  endfacet
  facet normal 0 0 1
    outer loop
      vertex -41.1258 -22.7446 7.8
      vertex -40.1595 -21.9516 7.8
      vertex -40.2472 -21.8334 7.8
    endloop
  endfacet
  facet normal 0 0 1
    outer loop
      vertex -39.7071 -22.3229 7.8
      vertex -40.2963 -23.4253 7.8
      vertex -40.0524 -23.5407 7.8
    endloop
  endfacet
  facet normal 0 0 1
    outer loop
      vertex -41.2865 -22.5278 7.8
      vertex -40.2472 -21.8334 7.8
      vertex -40.3229 -21.7071 7.8
    endloop
  endfacet
  facet normal 0 0 1
    outer loop
      vertex -41.4253 -22.2963 7.8
      vertex -40.3229 -21.7071 7.8
      vertex -40.3858 -21.574 7.8
    endloop
  endfacet
  facet normal 0 0 1
    outer loop
      vertex -41.5407 -22.0524 7.8
      vertex -40.3858 -21.574 7.8
      vertex -40.4354 -21.4354 7.8
    endloop
  endfacet
  facet normal 0 0 1
    outer loop
      vertex -41.6316 -21.7983 7.8
      vertex -40.4354 -21.4354 7.8
      vertex -40.4712 -21.2926 7.8
    endloop
  endfacet
  facet normal 0 0 1
    outer loop
      vertex -41.6972 -21.5365 7.8
      vertex -40.4712 -21.2926 7.8
      vertex -40.4928 -21.147 7.8
    endloop
  endfacet
  facet normal 0 0 1
    outer loop
      vertex -39.8334 -22.2472 7.8
      vertex -40.5278 -23.2865 7.8
      vertex -40.2963 -23.4253 7.8
    endloop
  endfacet
  facet normal 0 0 1
    outer loop
      vertex -41.7368 -21.2695 7.8
      vertex -40.4928 -21.147 7.8
      vertex -40.5 -21 7.8
    endloop
  endfacet
  facet normal 0 0 1
    outer loop
      vertex -40.3229 -20.2929 7.8
      vertex -41.4253 -19.7037 7.8
      vertex -40.3858 -20.426 7.8
    endloop
  endfacet
  facet normal -0 0 1
    outer loop
      vertex -41.5407 -19.9476 7.8
      vertex -40.3858 -20.426 7.8
      vertex -41.4253 -19.7037 7.8
    endloop
  endfacet
  facet normal 0 0 1
    outer loop
      vertex -39.9516 -22.1595 7.8
      vertex -40.7446 -23.1258 7.8
      vertex -40.5278 -23.2865 7.8
    endloop
  endfacet
  facet normal 0 0 1
    outer loop
      vertex -40.3858 -20.426 7.8
      vertex -41.5407 -19.9476 7.8
      vertex -40.4354 -20.5646 7.8
    endloop
  endfacet
  facet normal 0 0 1
    outer loop
      vertex -40.0607 -22.0607 7.8
      vertex -40.9445 -22.9445 7.8
      vertex -40.7446 -23.1258 7.8
    endloop
  endfacet
  facet normal -0 0 1
    outer loop
      vertex -41.6316 -20.2017 7.8
      vertex -40.4354 -20.5646 7.8
      vertex -41.5407 -19.9476 7.8
    endloop
  endfacet
  facet normal 0 0 1
    outer loop
      vertex -40.1595 -21.9516 7.8
      vertex -41.1258 -22.7446 7.8
      vertex -40.9445 -22.9445 7.8
    endloop
  endfacet
  facet normal 0 0 1
    outer loop
      vertex -40.4354 -20.5646 7.8
      vertex -41.6316 -20.2017 7.8
      vertex -40.4712 -20.7074 7.8
    endloop
  endfacet
  facet normal 0 0 1
    outer loop
      vertex -40.2472 -21.8334 7.8
      vertex -41.2865 -22.5278 7.8
      vertex -41.1258 -22.7446 7.8
    endloop
  endfacet
  facet normal -0 0 1
    outer loop
      vertex -41.6972 -20.4635 7.8
      vertex -40.4712 -20.7074 7.8
      vertex -41.6316 -20.2017 7.8
    endloop
  endfacet
  facet normal 0 0 1
    outer loop
      vertex -40.3229 -21.7071 7.8
      vertex -41.4253 -22.2963 7.8
      vertex -41.2865 -22.5278 7.8
    endloop
  endfacet
  facet normal 0 0 1
    outer loop
      vertex -40.4712 -20.7074 7.8
      vertex -41.6972 -20.4635 7.8
      vertex -40.4928 -20.853 7.8
    endloop
  endfacet
  facet normal 0 0 1
    outer loop
      vertex -40.3858 -21.574 7.8
      vertex -41.5407 -22.0524 7.8
      vertex -41.4253 -22.2963 7.8
    endloop
  endfacet
  facet normal -0 0 1
    outer loop
      vertex -41.7368 -20.7305 7.8
      vertex -40.4928 -20.853 7.8
      vertex -41.6972 -20.4635 7.8
    endloop
  endfacet
  facet normal 0 0 1
    outer loop
      vertex -40.4354 -21.4354 7.8
      vertex -41.6316 -21.7983 7.8
      vertex -41.5407 -22.0524 7.8
    endloop
  endfacet
  facet normal 0 0 1
    outer loop
      vertex -40.4928 -20.853 7.8
      vertex -41.7368 -20.7305 7.8
      vertex -40.5 -21 7.8
    endloop
  endfacet
  facet normal 0 0 1
    outer loop
      vertex -40.4712 -21.2926 7.8
      vertex -41.6972 -21.5365 7.8
      vertex -41.6316 -21.7983 7.8
    endloop
  endfacet
  facet normal 0 0 1
    outer loop
      vertex -41.75 -21 7.8
      vertex -40.5 -21 7.8
      vertex -41.7368 -20.7305 7.8
    endloop
  endfacet
  facet normal 0 0 1
    outer loop
      vertex -40.4928 -21.147 7.8
      vertex -41.7368 -21.2695 7.8
      vertex -41.6972 -21.5365 7.8
    endloop
  endfacet
  facet normal 0 0 1
    outer loop
      vertex -40.5 -21 7.8
      vertex -41.75 -21 7.8
      vertex -41.7368 -21.2695 7.8
    endloop
  endfacet
  facet normal 0.98918 -0.14671 0
    outer loop
      vertex -36.3028 -21.5365 7.8
      vertex -36.2632 -21.2695 2
      vertex -36.2632 -21.2695 7.8
    endloop
  endfacet
  facet normal 0.98918 -0.14671 0
    outer loop
      vertex -36.2632 -21.2695 2
      vertex -36.3028 -21.5365 7.8
      vertex -36.3028 -21.5365 2
    endloop
  endfacet
  facet normal 0.803367 -0.595485 0
    outer loop
      vertex -36.8742 -22.7446 7.8
      vertex -36.7135 -22.5278 2
      vertex -36.7135 -22.5278 7.8
    endloop
  endfacet
  facet normal 0.803367 -0.595485 0
    outer loop
      vertex -36.7135 -22.5278 2
      vertex -36.8742 -22.7446 7.8
      vertex -36.8742 -22.7446 2
    endloop
  endfacet
  facet normal 0.857656 -0.514223 0
    outer loop
      vertex -36.7135 -22.5278 7.8
      vertex -36.5747 -22.2963 2
      vertex -36.5747 -22.2963 7.8
    endloop
  endfacet
  facet normal 0.857656 -0.514223 0
    outer loop
      vertex -36.5747 -22.2963 2
      vertex -36.7135 -22.5278 7.8
      vertex -36.7135 -22.5278 2
    endloop
  endfacet
  facet normal 0.243059 -0.970012 0
    outer loop
      vertex -38.4635 -23.6972 2
      vertex -38.2017 -23.6316 7.8
      vertex -38.4635 -23.6972 7.8
    endloop
  endfacet
  facet normal 0.243059 -0.970012 0
    outer loop
      vertex -38.2017 -23.6316 7.8
      vertex -38.4635 -23.6972 2
      vertex -38.2017 -23.6316 2
    endloop
  endfacet
  facet normal 0.427688 -0.903926 0
    outer loop
      vertex -37.9476 -23.5407 2
      vertex -37.7037 -23.4253 7.8
      vertex -37.9476 -23.5407 7.8
    endloop
  endfacet
  facet normal 0.427688 -0.903926 0
    outer loop
      vertex -37.7037 -23.4253 7.8
      vertex -37.9476 -23.5407 2
      vertex -37.7037 -23.4253 2
    endloop
  endfacet
  facet normal 0.595485 -0.803367 0
    outer loop
      vertex -37.4722 -23.2865 2
      vertex -37.2554 -23.1258 7.8
      vertex -37.4722 -23.2865 7.8
    endloop
  endfacet
  facet normal 0.595485 -0.803367 0
    outer loop
      vertex -37.2554 -23.1258 7.8
      vertex -37.4722 -23.2865 2
      vertex -37.2554 -23.1258 2
    endloop
  endfacet
  facet normal -0.243059 -0.970012 0
    outer loop
      vertex -39.7983 -23.6316 2
      vertex -39.5365 -23.6972 7.8
      vertex -39.7983 -23.6316 7.8
    endloop
  endfacet
  facet normal -0.243059 -0.970012 -0
    outer loop
      vertex -39.5365 -23.6972 7.8
      vertex -39.7983 -23.6316 2
      vertex -39.5365 -23.6972 2
    endloop
  endfacet
  facet normal -0.427688 -0.903926 0
    outer loop
      vertex -40.2963 -23.4253 2
      vertex -40.0524 -23.5407 7.8
      vertex -40.2963 -23.4253 7.8
    endloop
  endfacet
  facet normal -0.427688 -0.903926 -0
    outer loop
      vertex -40.0524 -23.5407 7.8
      vertex -40.2963 -23.4253 2
      vertex -40.0524 -23.5407 2
    endloop
  endfacet
  facet normal -0.595485 -0.803367 0
    outer loop
      vertex -40.7446 -23.1258 2
      vertex -40.5278 -23.2865 7.8
      vertex -40.7446 -23.1258 7.8
    endloop
  endfacet
  facet normal -0.595485 -0.803367 -0
    outer loop
      vertex -40.5278 -23.2865 7.8
      vertex -40.7446 -23.1258 2
      vertex -40.5278 -23.2865 2
    endloop
  endfacet
  facet normal -0.941566 -0.336829 0
    outer loop
      vertex -41.5407 -22.0524 2
      vertex -41.6316 -21.7983 7.8
      vertex -41.6316 -21.7983 2
    endloop
  endfacet
  facet normal -0.941566 -0.336829 0
    outer loop
      vertex -41.6316 -21.7983 7.8
      vertex -41.5407 -22.0524 2
      vertex -41.5407 -22.0524 7.8
    endloop
  endfacet
  facet normal -0.98918 -0.14671 0
    outer loop
      vertex -41.6972 -21.5365 2
      vertex -41.7368 -21.2695 7.8
      vertex -41.7368 -21.2695 2
    endloop
  endfacet
  facet normal -0.98918 -0.14671 0
    outer loop
      vertex -41.7368 -21.2695 7.8
      vertex -41.6972 -21.5365 2
      vertex -41.6972 -21.5365 7.8
    endloop
  endfacet
  facet normal 0.970012 -0.243059 0
    outer loop
      vertex -36.3684 -21.7983 7.8
      vertex -36.3028 -21.5365 2
      vertex -36.3028 -21.5365 7.8
    endloop
  endfacet
  facet normal 0.970012 -0.243059 0
    outer loop
      vertex -36.3028 -21.5365 2
      vertex -36.3684 -21.7983 7.8
      vertex -36.3684 -21.7983 2
    endloop
  endfacet
  facet normal 0.941566 -0.336829 0
    outer loop
      vertex -36.4593 -22.0524 7.8
      vertex -36.3684 -21.7983 2
      vertex -36.3684 -21.7983 7.8
    endloop
  endfacet
  facet normal 0.941566 -0.336829 0
    outer loop
      vertex -36.3684 -21.7983 2
      vertex -36.4593 -22.0524 7.8
      vertex -36.4593 -22.0524 2
    endloop
  endfacet
  facet normal 0.336829 -0.941566 0
    outer loop
      vertex -38.2017 -23.6316 2
      vertex -37.9476 -23.5407 7.8
      vertex -38.2017 -23.6316 7.8
    endloop
  endfacet
  facet normal 0.336829 -0.941566 0
    outer loop
      vertex -37.9476 -23.5407 7.8
      vertex -38.2017 -23.6316 2
      vertex -37.9476 -23.5407 2
    endloop
  endfacet
  facet normal 0.998803 0.0489209 0
    outer loop
      vertex -37.5 -21 9.19
      vertex -37.5072 -20.853 7.8
      vertex -37.5072 -20.853 9.19
    endloop
  endfacet
  facet normal 0.998803 0.0489209 0
    outer loop
      vertex -37.5072 -20.853 7.8
      vertex -37.5 -21 9.19
      vertex -37.5 -21 7.8
    endloop
  endfacet
  facet normal -0.998803 0.0489209 0
    outer loop
      vertex -40.5 -21 7.8
      vertex -40.4928 -20.853 9.19
      vertex -40.4928 -20.853 7.8
    endloop
  endfacet
  facet normal -0.998803 0.0489209 0
    outer loop
      vertex -40.4928 -20.853 9.19
      vertex -40.5 -21 7.8
      vertex -40.5 -21 9.19
    endloop
  endfacet
  facet normal 0.0489209 0.998803 -0
    outer loop
      vertex -38.853 -19.5072 7.8
      vertex -39 -19.5 9.19
      vertex -38.853 -19.5072 9.19
    endloop
  endfacet
  facet normal 0.0489209 0.998803 0
    outer loop
      vertex -39 -19.5 9.19
      vertex -38.853 -19.5072 7.8
      vertex -39 -19.5 7.8
    endloop
  endfacet
  facet normal -0.0489209 -0.998803 0
    outer loop
      vertex -39.147 -22.4928 7.8
      vertex -39 -22.5 9.19
      vertex -39.147 -22.4928 9.19
    endloop
  endfacet
  facet normal -0.0489209 -0.998803 -0
    outer loop
      vertex -39 -22.5 9.19
      vertex -39.147 -22.4928 7.8
      vertex -39 -22.5 7.8
    endloop
  endfacet
  facet normal -0.74123 -0.671251 0
    outer loop
      vertex -40.0607 -22.0607 7.8
      vertex -40.1595 -21.9516 9.19
      vertex -40.1595 -21.9516 7.8
    endloop
  endfacet
  facet normal -0.74123 -0.671251 0
    outer loop
      vertex -40.1595 -21.9516 9.19
      vertex -40.0607 -22.0607 7.8
      vertex -40.0607 -22.0607 9.19
    endloop
  endfacet
  facet normal 0.671251 0.74123 -0
    outer loop
      vertex -37.9393 -19.9393 7.8
      vertex -38.0484 -19.8405 9.19
      vertex -37.9393 -19.9393 9.19
    endloop
  endfacet
  facet normal 0.671251 0.74123 0
    outer loop
      vertex -38.0484 -19.8405 9.19
      vertex -37.9393 -19.9393 7.8
      vertex -38.0484 -19.8405 7.8
    endloop
  endfacet
  facet normal -0.671251 0.74123 0
    outer loop
      vertex -39.9516 -19.8405 7.8
      vertex -40.0607 -19.9393 9.19
      vertex -39.9516 -19.8405 9.19
    endloop
  endfacet
  facet normal -0.671251 0.74123 0
    outer loop
      vertex -40.0607 -19.9393 9.19
      vertex -39.9516 -19.8405 7.8
      vertex -40.0607 -19.9393 7.8
    endloop
  endfacet
  facet normal -0.336939 0.941527 0
    outer loop
      vertex -39.4354 -19.5646 7.8
      vertex -39.574 -19.6142 9.19
      vertex -39.4354 -19.5646 9.19
    endloop
  endfacet
  facet normal -0.336939 0.941527 0
    outer loop
      vertex -39.574 -19.6142 9.19
      vertex -39.4354 -19.5646 7.8
      vertex -39.574 -19.6142 7.8
    endloop
  endfacet
  facet normal -0.941527 -0.336939 0
    outer loop
      vertex -40.3858 -21.574 7.8
      vertex -40.4354 -21.4354 9.19
      vertex -40.4354 -21.4354 7.8
    endloop
  endfacet
  facet normal -0.941527 -0.336939 0
    outer loop
      vertex -40.4354 -21.4354 9.19
      vertex -40.3858 -21.574 7.8
      vertex -40.3858 -21.574 9.19
    endloop
  endfacet
  facet normal 0.904125 0.427269 0
    outer loop
      vertex -37.6142 -20.426 9.19
      vertex -37.6771 -20.2929 7.8
      vertex -37.6771 -20.2929 9.19
    endloop
  endfacet
  facet normal 0.904125 0.427269 0
    outer loop
      vertex -37.6771 -20.2929 7.8
      vertex -37.6142 -20.426 9.19
      vertex -37.6142 -20.426 7.8
    endloop
  endfacet
  facet normal 0.336939 0.941527 -0
    outer loop
      vertex -38.426 -19.6142 7.8
      vertex -38.5646 -19.5646 9.19
      vertex -38.426 -19.6142 9.19
    endloop
  endfacet
  facet normal 0.336939 0.941527 0
    outer loop
      vertex -38.5646 -19.5646 9.19
      vertex -38.426 -19.6142 7.8
      vertex -38.5646 -19.5646 7.8
    endloop
  endfacet
  facet normal 0.514096 0.857733 -0
    outer loop
      vertex -38.1666 -19.7528 7.8
      vertex -38.2929 -19.6771 9.19
      vertex -38.1666 -19.7528 9.19
    endloop
  endfacet
  facet normal 0.514096 0.857733 0
    outer loop
      vertex -38.2929 -19.6771 9.19
      vertex -38.1666 -19.7528 7.8
      vertex -38.2929 -19.6771 7.8
    endloop
  endfacet
  facet normal -0.904125 0.427269 0
    outer loop
      vertex -40.3858 -20.426 7.8
      vertex -40.3229 -20.2929 9.19
      vertex -40.3229 -20.2929 7.8
    endloop
  endfacet
  facet normal -0.904125 0.427269 0
    outer loop
      vertex -40.3229 -20.2929 9.19
      vertex -40.3858 -20.426 7.8
      vertex -40.3858 -20.426 9.19
    endloop
  endfacet
  facet normal -0.146746 0.989174 0
    outer loop
      vertex -39.147 -19.5072 7.8
      vertex -39.2926 -19.5288 9.19
      vertex -39.147 -19.5072 9.19
    endloop
  endfacet
  facet normal -0.146746 0.989174 0
    outer loop
      vertex -39.2926 -19.5288 9.19
      vertex -39.147 -19.5072 7.8
      vertex -39.2926 -19.5288 7.8
    endloop
  endfacet
  facet normal 0.941527 -0.336939 0
    outer loop
      vertex -37.6142 -21.574 9.19
      vertex -37.5646 -21.4354 7.8
      vertex -37.5646 -21.4354 9.19
    endloop
  endfacet
  facet normal 0.941527 -0.336939 0
    outer loop
      vertex -37.5646 -21.4354 7.8
      vertex -37.6142 -21.574 9.19
      vertex -37.6142 -21.574 7.8
    endloop
  endfacet
  facet normal 0.969982 -0.243175 0
    outer loop
      vertex -37.5646 -21.4354 9.19
      vertex -37.5288 -21.2926 7.8
      vertex -37.5288 -21.2926 9.19
    endloop
  endfacet
  facet normal 0.969982 -0.243175 0
    outer loop
      vertex -37.5288 -21.2926 7.8
      vertex -37.5646 -21.4354 9.19
      vertex -37.5646 -21.4354 7.8
    endloop
  endfacet
  facet normal 0.969982 0.243175 0
    outer loop
      vertex -37.5288 -20.7074 9.19
      vertex -37.5646 -20.5646 7.8
      vertex -37.5646 -20.5646 9.19
    endloop
  endfacet
  facet normal 0.969982 0.243175 0
    outer loop
      vertex -37.5646 -20.5646 7.8
      vertex -37.5288 -20.7074 9.19
      vertex -37.5288 -20.7074 7.8
    endloop
  endfacet
  facet normal 0.989174 0.146746 0
    outer loop
      vertex -37.5072 -20.853 9.19
      vertex -37.5288 -20.7074 7.8
      vertex -37.5288 -20.7074 9.19
    endloop
  endfacet
  facet normal 0.989174 0.146746 0
    outer loop
      vertex -37.5288 -20.7074 7.8
      vertex -37.5072 -20.853 9.19
      vertex -37.5072 -20.853 7.8
    endloop
  endfacet
  facet normal 0.941527 0.336939 0
    outer loop
      vertex -37.5646 -20.5646 9.19
      vertex -37.6142 -20.426 7.8
      vertex -37.6142 -20.426 9.19
    endloop
  endfacet
  facet normal 0.941527 0.336939 0
    outer loop
      vertex -37.6142 -20.426 7.8
      vertex -37.5646 -20.5646 9.19
      vertex -37.5646 -20.5646 7.8
    endloop
  endfacet
  facet normal 0.803088 0.595861 0
    outer loop
      vertex -37.7528 -20.1666 9.19
      vertex -37.8405 -20.0484 7.8
      vertex -37.8405 -20.0484 9.19
    endloop
  endfacet
  facet normal 0.803088 0.595861 0
    outer loop
      vertex -37.8405 -20.0484 7.8
      vertex -37.7528 -20.1666 9.19
      vertex -37.7528 -20.1666 7.8
    endloop
  endfacet
  facet normal 0.74123 0.671251 0
    outer loop
      vertex -37.8405 -20.0484 9.19
      vertex -37.9393 -19.9393 7.8
      vertex -37.9393 -19.9393 9.19
    endloop
  endfacet
  facet normal 0.74123 0.671251 0
    outer loop
      vertex -37.9393 -19.9393 7.8
      vertex -37.8405 -20.0484 9.19
      vertex -37.8405 -20.0484 7.8
    endloop
  endfacet
  facet normal 0.857733 0.514096 0
    outer loop
      vertex -37.6771 -20.2929 9.19
      vertex -37.7528 -20.1666 7.8
      vertex -37.7528 -20.1666 9.19
    endloop
  endfacet
  facet normal 0.857733 0.514096 0
    outer loop
      vertex -37.7528 -20.1666 7.8
      vertex -37.6771 -20.2929 9.19
      vertex -37.6771 -20.2929 7.8
    endloop
  endfacet
  facet normal 0.243175 0.969982 -0
    outer loop
      vertex -38.5646 -19.5646 7.8
      vertex -38.7074 -19.5288 9.19
      vertex -38.5646 -19.5646 9.19
    endloop
  endfacet
  facet normal 0.243175 0.969982 0
    outer loop
      vertex -38.7074 -19.5288 9.19
      vertex -38.5646 -19.5646 7.8
      vertex -38.7074 -19.5288 7.8
    endloop
  endfacet
  facet normal 0.146746 0.989174 -0
    outer loop
      vertex -38.7074 -19.5288 7.8
      vertex -38.853 -19.5072 9.19
      vertex -38.7074 -19.5288 9.19
    endloop
  endfacet
  facet normal 0.146746 0.989174 0
    outer loop
      vertex -38.853 -19.5072 9.19
      vertex -38.7074 -19.5288 7.8
      vertex -38.853 -19.5072 7.8
    endloop
  endfacet
  facet normal 0.427269 0.904125 -0
    outer loop
      vertex -38.2929 -19.6771 7.8
      vertex -38.426 -19.6142 9.19
      vertex -38.2929 -19.6771 9.19
    endloop
  endfacet
  facet normal 0.427269 0.904125 0
    outer loop
      vertex -38.426 -19.6142 9.19
      vertex -38.2929 -19.6771 7.8
      vertex -38.426 -19.6142 7.8
    endloop
  endfacet
  facet normal 0.595861 0.803088 -0
    outer loop
      vertex -38.0484 -19.8405 7.8
      vertex -38.1666 -19.7528 9.19
      vertex -38.0484 -19.8405 9.19
    endloop
  endfacet
  facet normal 0.595861 0.803088 0
    outer loop
      vertex -38.1666 -19.7528 9.19
      vertex -38.0484 -19.8405 7.8
      vertex -38.1666 -19.7528 7.8
    endloop
  endfacet
  facet normal -0.969982 0.243175 0
    outer loop
      vertex -40.4712 -20.7074 7.8
      vertex -40.4354 -20.5646 9.19
      vertex -40.4354 -20.5646 7.8
    endloop
  endfacet
  facet normal -0.969982 0.243175 0
    outer loop
      vertex -40.4354 -20.5646 9.19
      vertex -40.4712 -20.7074 7.8
      vertex -40.4712 -20.7074 9.19
    endloop
  endfacet
  facet normal -0.803088 0.595861 0
    outer loop
      vertex -40.2472 -20.1666 7.8
      vertex -40.1595 -20.0484 9.19
      vertex -40.1595 -20.0484 7.8
    endloop
  endfacet
  facet normal -0.803088 0.595861 0
    outer loop
      vertex -40.1595 -20.0484 9.19
      vertex -40.2472 -20.1666 7.8
      vertex -40.2472 -20.1666 9.19
    endloop
  endfacet
  facet normal -0.74123 0.671251 0
    outer loop
      vertex -40.1595 -20.0484 7.8
      vertex -40.0607 -19.9393 9.19
      vertex -40.0607 -19.9393 7.8
    endloop
  endfacet
  facet normal -0.74123 0.671251 0
    outer loop
      vertex -40.0607 -19.9393 9.19
      vertex -40.1595 -20.0484 7.8
      vertex -40.1595 -20.0484 9.19
    endloop
  endfacet
  facet normal -0.857733 0.514096 0
    outer loop
      vertex -40.3229 -20.2929 7.8
      vertex -40.2472 -20.1666 9.19
      vertex -40.2472 -20.1666 7.8
    endloop
  endfacet
  facet normal -0.857733 0.514096 0
    outer loop
      vertex -40.2472 -20.1666 9.19
      vertex -40.3229 -20.2929 7.8
      vertex -40.3229 -20.2929 9.19
    endloop
  endfacet
  facet normal -0.941527 0.336939 0
    outer loop
      vertex -40.4354 -20.5646 7.8
      vertex -40.3858 -20.426 9.19
      vertex -40.3858 -20.426 7.8
    endloop
  endfacet
  facet normal -0.941527 0.336939 0
    outer loop
      vertex -40.3858 -20.426 9.19
      vertex -40.4354 -20.5646 7.8
      vertex -40.4354 -20.5646 9.19
    endloop
  endfacet
  facet normal -0.989174 0.146746 0
    outer loop
      vertex -40.4928 -20.853 7.8
      vertex -40.4712 -20.7074 9.19
      vertex -40.4712 -20.7074 7.8
    endloop
  endfacet
  facet normal -0.989174 0.146746 0
    outer loop
      vertex -40.4712 -20.7074 9.19
      vertex -40.4928 -20.853 7.8
      vertex -40.4928 -20.853 9.19
    endloop
  endfacet
  facet normal 0 0 1
    outer loop
      vertex -37.5072 -20.853 9.19
      vertex -37.5072 -21.147 9.19
      vertex -37.5 -21 9.19
    endloop
  endfacet
  facet normal 0 0 1
    outer loop
      vertex -37.5288 -20.7074 9.19
      vertex -37.5072 -21.147 9.19
      vertex -37.5072 -20.853 9.19
    endloop
  endfacet
  facet normal 0 0 1
    outer loop
      vertex -37.5288 -20.7074 9.19
      vertex -37.5288 -21.2926 9.19
      vertex -37.5072 -21.147 9.19
    endloop
  endfacet
  facet normal 0 0 1
    outer loop
      vertex -37.5646 -20.5646 9.19
      vertex -37.5288 -21.2926 9.19
      vertex -37.5288 -20.7074 9.19
    endloop
  endfacet
  facet normal 0 0 1
    outer loop
      vertex -37.5646 -20.5646 9.19
      vertex -37.5646 -21.4354 9.19
      vertex -37.5288 -21.2926 9.19
    endloop
  endfacet
  facet normal 0 0 1
    outer loop
      vertex -37.6142 -20.426 9.19
      vertex -37.5646 -21.4354 9.19
      vertex -37.5646 -20.5646 9.19
    endloop
  endfacet
  facet normal 0 0 1
    outer loop
      vertex -37.6142 -20.426 9.19
      vertex -37.6142 -21.574 9.19
      vertex -37.5646 -21.4354 9.19
    endloop
  endfacet
  facet normal 0 0 1
    outer loop
      vertex -37.6771 -20.2929 9.19
      vertex -37.6142 -21.574 9.19
      vertex -37.6142 -20.426 9.19
    endloop
  endfacet
  facet normal 0 0 1
    outer loop
      vertex -37.6771 -20.2929 9.19
      vertex -37.6771 -21.7071 9.19
      vertex -37.6142 -21.574 9.19
    endloop
  endfacet
  facet normal 0 0 1
    outer loop
      vertex -37.7528 -20.1666 9.19
      vertex -37.6771 -21.7071 9.19
      vertex -37.6771 -20.2929 9.19
    endloop
  endfacet
  facet normal 0 0 1
    outer loop
      vertex -37.7528 -20.1666 9.19
      vertex -37.7528 -21.8334 9.19
      vertex -37.6771 -21.7071 9.19
    endloop
  endfacet
  facet normal 0 0 1
    outer loop
      vertex -37.8405 -20.0484 9.19
      vertex -37.7528 -21.8334 9.19
      vertex -37.7528 -20.1666 9.19
    endloop
  endfacet
  facet normal 0 0 1
    outer loop
      vertex -37.8405 -20.0484 9.19
      vertex -37.8405 -21.9516 9.19
      vertex -37.7528 -21.8334 9.19
    endloop
  endfacet
  facet normal 0 0 1
    outer loop
      vertex -37.9393 -19.9393 9.19
      vertex -37.8405 -21.9516 9.19
      vertex -37.8405 -20.0484 9.19
    endloop
  endfacet
  facet normal 0 0 1
    outer loop
      vertex -37.9393 -19.9393 9.19
      vertex -37.9393 -22.0607 9.19
      vertex -37.8405 -21.9516 9.19
    endloop
  endfacet
  facet normal 0 0 1
    outer loop
      vertex -38.0484 -19.8405 9.19
      vertex -37.9393 -22.0607 9.19
      vertex -37.9393 -19.9393 9.19
    endloop
  endfacet
  facet normal 0 0 1
    outer loop
      vertex -38.0484 -19.8405 9.19
      vertex -38.0484 -22.1595 9.19
      vertex -37.9393 -22.0607 9.19
    endloop
  endfacet
  facet normal 0 0 1
    outer loop
      vertex -38.1666 -19.7528 9.19
      vertex -38.0484 -22.1595 9.19
      vertex -38.0484 -19.8405 9.19
    endloop
  endfacet
  facet normal 0 0 1
    outer loop
      vertex -38.1666 -19.7528 9.19
      vertex -38.1666 -22.2472 9.19
      vertex -38.0484 -22.1595 9.19
    endloop
  endfacet
  facet normal 0 0 1
    outer loop
      vertex -38.2929 -19.6771 9.19
      vertex -38.1666 -22.2472 9.19
      vertex -38.1666 -19.7528 9.19
    endloop
  endfacet
  facet normal 0 0 1
    outer loop
      vertex -38.2929 -19.6771 9.19
      vertex -38.2929 -22.3229 9.19
      vertex -38.1666 -22.2472 9.19
    endloop
  endfacet
  facet normal 0 0 1
    outer loop
      vertex -38.426 -19.6142 9.19
      vertex -38.2929 -22.3229 9.19
      vertex -38.2929 -19.6771 9.19
    endloop
  endfacet
  facet normal 0 0 1
    outer loop
      vertex -38.426 -19.6142 9.19
      vertex -38.426 -22.3858 9.19
      vertex -38.2929 -22.3229 9.19
    endloop
  endfacet
  facet normal 0 0 1
    outer loop
      vertex -38.5646 -19.5646 9.19
      vertex -38.426 -22.3858 9.19
      vertex -38.426 -19.6142 9.19
    endloop
  endfacet
  facet normal 0 0 1
    outer loop
      vertex -38.5646 -19.5646 9.19
      vertex -38.5646 -22.4354 9.19
      vertex -38.426 -22.3858 9.19
    endloop
  endfacet
  facet normal 0 0 1
    outer loop
      vertex -38.7074 -19.5288 9.19
      vertex -38.5646 -22.4354 9.19
      vertex -38.5646 -19.5646 9.19
    endloop
  endfacet
  facet normal 0 0 1
    outer loop
      vertex -38.7074 -19.5288 9.19
      vertex -38.7074 -22.4712 9.19
      vertex -38.5646 -22.4354 9.19
    endloop
  endfacet
  facet normal 0 0 1
    outer loop
      vertex -38.853 -19.5072 9.19
      vertex -38.7074 -22.4712 9.19
      vertex -38.7074 -19.5288 9.19
    endloop
  endfacet
  facet normal 0 0 1
    outer loop
      vertex -38.853 -19.5072 9.19
      vertex -38.853 -22.4928 9.19
      vertex -38.7074 -22.4712 9.19
    endloop
  endfacet
  facet normal 0 0 1
    outer loop
      vertex -39 -19.5 9.19
      vertex -38.853 -22.4928 9.19
      vertex -38.853 -19.5072 9.19
    endloop
  endfacet
  facet normal 0 0 1
    outer loop
      vertex -39 -19.5 9.19
      vertex -39 -22.5 9.19
      vertex -38.853 -22.4928 9.19
    endloop
  endfacet
  facet normal -0 0 1
    outer loop
      vertex -39.147 -19.5072 9.19
      vertex -39 -22.5 9.19
      vertex -39 -19.5 9.19
    endloop
  endfacet
  facet normal 0 0 1
    outer loop
      vertex -39.147 -19.5072 9.19
      vertex -39.147 -22.4928 9.19
      vertex -39 -22.5 9.19
    endloop
  endfacet
  facet normal -0 0 1
    outer loop
      vertex -39.2926 -19.5288 9.19
      vertex -39.147 -22.4928 9.19
      vertex -39.147 -19.5072 9.19
    endloop
  endfacet
  facet normal 0 0 1
    outer loop
      vertex -39.2926 -19.5288 9.19
      vertex -39.2926 -22.4712 9.19
      vertex -39.147 -22.4928 9.19
    endloop
  endfacet
  facet normal -0 0 1
    outer loop
      vertex -39.4354 -19.5646 9.19
      vertex -39.2926 -22.4712 9.19
      vertex -39.2926 -19.5288 9.19
    endloop
  endfacet
  facet normal 0 0 1
    outer loop
      vertex -39.4354 -19.5646 9.19
      vertex -39.4354 -22.4354 9.19
      vertex -39.2926 -22.4712 9.19
    endloop
  endfacet
  facet normal -0 0 1
    outer loop
      vertex -39.574 -19.6142 9.19
      vertex -39.4354 -22.4354 9.19
      vertex -39.4354 -19.5646 9.19
    endloop
  endfacet
  facet normal 0 0 1
    outer loop
      vertex -39.574 -19.6142 9.19
      vertex -39.574 -22.3858 9.19
      vertex -39.4354 -22.4354 9.19
    endloop
  endfacet
  facet normal -0 0 1
    outer loop
      vertex -39.7071 -19.6771 9.19
      vertex -39.574 -22.3858 9.19
      vertex -39.574 -19.6142 9.19
    endloop
  endfacet
  facet normal 0 0 1
    outer loop
      vertex -39.7071 -19.6771 9.19
      vertex -39.7071 -22.3229 9.19
      vertex -39.574 -22.3858 9.19
    endloop
  endfacet
  facet normal -0 0 1
    outer loop
      vertex -39.8334 -19.7528 9.19
      vertex -39.7071 -22.3229 9.19
      vertex -39.7071 -19.6771 9.19
    endloop
  endfacet
  facet normal 0 0 1
    outer loop
      vertex -39.8334 -19.7528 9.19
      vertex -39.8334 -22.2472 9.19
      vertex -39.7071 -22.3229 9.19
    endloop
  endfacet
  facet normal -0 0 1
    outer loop
      vertex -39.9516 -19.8405 9.19
      vertex -39.8334 -22.2472 9.19
      vertex -39.8334 -19.7528 9.19
    endloop
  endfacet
  facet normal 0 0 1
    outer loop
      vertex -39.9516 -19.8405 9.19
      vertex -39.9516 -22.1595 9.19
      vertex -39.8334 -22.2472 9.19
    endloop
  endfacet
  facet normal -0 0 1
    outer loop
      vertex -40.0607 -19.9393 9.19
      vertex -39.9516 -22.1595 9.19
      vertex -39.9516 -19.8405 9.19
    endloop
  endfacet
  facet normal 0 0 1
    outer loop
      vertex -40.0607 -19.9393 9.19
      vertex -40.0607 -22.0607 9.19
      vertex -39.9516 -22.1595 9.19
    endloop
  endfacet
  facet normal -0 0 1
    outer loop
      vertex -40.1595 -20.0484 9.19
      vertex -40.0607 -22.0607 9.19
      vertex -40.0607 -19.9393 9.19
    endloop
  endfacet
  facet normal 0 0 1
    outer loop
      vertex -40.1595 -20.0484 9.19
      vertex -40.1595 -21.9516 9.19
      vertex -40.0607 -22.0607 9.19
    endloop
  endfacet
  facet normal -0 0 1
    outer loop
      vertex -40.2472 -20.1666 9.19
      vertex -40.1595 -21.9516 9.19
      vertex -40.1595 -20.0484 9.19
    endloop
  endfacet
  facet normal 0 0 1
    outer loop
      vertex -40.2472 -20.1666 9.19
      vertex -40.2472 -21.8334 9.19
      vertex -40.1595 -21.9516 9.19
    endloop
  endfacet
  facet normal -0 0 1
    outer loop
      vertex -40.3229 -20.2929 9.19
      vertex -40.2472 -21.8334 9.19
      vertex -40.2472 -20.1666 9.19
    endloop
  endfacet
  facet normal 0 0 1
    outer loop
      vertex -40.3229 -20.2929 9.19
      vertex -40.3229 -21.7071 9.19
      vertex -40.2472 -21.8334 9.19
    endloop
  endfacet
  facet normal -0 0 1
    outer loop
      vertex -40.3858 -20.426 9.19
      vertex -40.3229 -21.7071 9.19
      vertex -40.3229 -20.2929 9.19
    endloop
  endfacet
  facet normal 0 0 1
    outer loop
      vertex -40.3858 -20.426 9.19
      vertex -40.3858 -21.574 9.19
      vertex -40.3229 -21.7071 9.19
    endloop
  endfacet
  facet normal -0 0 1
    outer loop
      vertex -40.4354 -20.5646 9.19
      vertex -40.3858 -21.574 9.19
      vertex -40.3858 -20.426 9.19
    endloop
  endfacet
  facet normal 0 0 1
    outer loop
      vertex -40.4354 -20.5646 9.19
      vertex -40.4354 -21.4354 9.19
      vertex -40.3858 -21.574 9.19
    endloop
  endfacet
  facet normal -0 0 1
    outer loop
      vertex -40.4712 -20.7074 9.19
      vertex -40.4354 -21.4354 9.19
      vertex -40.4354 -20.5646 9.19
    endloop
  endfacet
  facet normal 0 0 1
    outer loop
      vertex -40.4712 -20.7074 9.19
      vertex -40.4712 -21.2926 9.19
      vertex -40.4354 -21.4354 9.19
    endloop
  endfacet
  facet normal -0 0 1
    outer loop
      vertex -40.4928 -20.853 9.19
      vertex -40.4712 -21.2926 9.19
      vertex -40.4712 -20.7074 9.19
    endloop
  endfacet
  facet normal 0 0 1
    outer loop
      vertex -40.4928 -20.853 9.19
      vertex -40.4928 -21.147 9.19
      vertex -40.4712 -21.2926 9.19
    endloop
  endfacet
  facet normal 0 -0 1
    outer loop
      vertex -40.4928 -21.147 9.19
      vertex -40.4928 -20.853 9.19
      vertex -40.5 -21 9.19
    endloop
  endfacet
  facet normal -0.514096 0.857733 0
    outer loop
      vertex -39.7071 -19.6771 7.8
      vertex -39.8334 -19.7528 9.19
      vertex -39.7071 -19.6771 9.19
    endloop
  endfacet
  facet normal -0.514096 0.857733 0
    outer loop
      vertex -39.8334 -19.7528 9.19
      vertex -39.7071 -19.6771 7.8
      vertex -39.8334 -19.7528 7.8
    endloop
  endfacet
  facet normal -0.427269 0.904125 0
    outer loop
      vertex -39.574 -19.6142 7.8
      vertex -39.7071 -19.6771 9.19
      vertex -39.574 -19.6142 9.19
    endloop
  endfacet
  facet normal -0.427269 0.904125 0
    outer loop
      vertex -39.7071 -19.6771 9.19
      vertex -39.574 -19.6142 7.8
      vertex -39.7071 -19.6771 7.8
    endloop
  endfacet
  facet normal -0.595861 0.803088 0
    outer loop
      vertex -39.8334 -19.7528 7.8
      vertex -39.9516 -19.8405 9.19
      vertex -39.8334 -19.7528 9.19
    endloop
  endfacet
  facet normal -0.595861 0.803088 0
    outer loop
      vertex -39.9516 -19.8405 9.19
      vertex -39.8334 -19.7528 7.8
      vertex -39.9516 -19.8405 7.8
    endloop
  endfacet
  facet normal -0.243175 0.969982 0
    outer loop
      vertex -39.2926 -19.5288 7.8
      vertex -39.4354 -19.5646 9.19
      vertex -39.2926 -19.5288 9.19
    endloop
  endfacet
  facet normal -0.243175 0.969982 0
    outer loop
      vertex -39.4354 -19.5646 9.19
      vertex -39.2926 -19.5288 7.8
      vertex -39.4354 -19.5646 7.8
    endloop
  endfacet
  facet normal -0.0489209 0.998803 0
    outer loop
      vertex -39 -19.5 7.8
      vertex -39.147 -19.5072 9.19
      vertex -39 -19.5 9.19
    endloop
  endfacet
  facet normal -0.0489209 0.998803 0
    outer loop
      vertex -39.147 -19.5072 9.19
      vertex -39 -19.5 7.8
      vertex -39.147 -19.5072 7.8
    endloop
  endfacet
  facet normal 0.0489209 -0.998803 0
    outer loop
      vertex -39 -22.5 7.8
      vertex -38.853 -22.4928 9.19
      vertex -39 -22.5 9.19
    endloop
  endfacet
  facet normal 0.0489209 -0.998803 0
    outer loop
      vertex -38.853 -22.4928 9.19
      vertex -39 -22.5 7.8
      vertex -38.853 -22.4928 7.8
    endloop
  endfacet
  facet normal 0.336939 -0.941527 0
    outer loop
      vertex -38.5646 -22.4354 7.8
      vertex -38.426 -22.3858 9.19
      vertex -38.5646 -22.4354 9.19
    endloop
  endfacet
  facet normal 0.336939 -0.941527 0
    outer loop
      vertex -38.426 -22.3858 9.19
      vertex -38.5646 -22.4354 7.8
      vertex -38.426 -22.3858 7.8
    endloop
  endfacet
  facet normal 0.671251 -0.74123 0
    outer loop
      vertex -38.0484 -22.1595 7.8
      vertex -37.9393 -22.0607 9.19
      vertex -38.0484 -22.1595 9.19
    endloop
  endfacet
  facet normal 0.671251 -0.74123 0
    outer loop
      vertex -37.9393 -22.0607 9.19
      vertex -38.0484 -22.1595 7.8
      vertex -37.9393 -22.0607 7.8
    endloop
  endfacet
  facet normal 0.514096 -0.857733 0
    outer loop
      vertex -38.2929 -22.3229 7.8
      vertex -38.1666 -22.2472 9.19
      vertex -38.2929 -22.3229 9.19
    endloop
  endfacet
  facet normal 0.514096 -0.857733 0
    outer loop
      vertex -38.1666 -22.2472 9.19
      vertex -38.2929 -22.3229 7.8
      vertex -38.1666 -22.2472 7.8
    endloop
  endfacet
  facet normal 0.803088 -0.595861 0
    outer loop
      vertex -37.8405 -21.9516 9.19
      vertex -37.7528 -21.8334 7.8
      vertex -37.7528 -21.8334 9.19
    endloop
  endfacet
  facet normal 0.803088 -0.595861 0
    outer loop
      vertex -37.7528 -21.8334 7.8
      vertex -37.8405 -21.9516 9.19
      vertex -37.8405 -21.9516 7.8
    endloop
  endfacet
  facet normal 0.904125 -0.427269 0
    outer loop
      vertex -37.6771 -21.7071 9.19
      vertex -37.6142 -21.574 7.8
      vertex -37.6142 -21.574 9.19
    endloop
  endfacet
  facet normal 0.904125 -0.427269 0
    outer loop
      vertex -37.6142 -21.574 7.8
      vertex -37.6771 -21.7071 9.19
      vertex -37.6771 -21.7071 7.8
    endloop
  endfacet
  facet normal -0.671251 -0.74123 0
    outer loop
      vertex -40.0607 -22.0607 7.8
      vertex -39.9516 -22.1595 9.19
      vertex -40.0607 -22.0607 9.19
    endloop
  endfacet
  facet normal -0.671251 -0.74123 -0
    outer loop
      vertex -39.9516 -22.1595 9.19
      vertex -40.0607 -22.0607 7.8
      vertex -39.9516 -22.1595 7.8
    endloop
  endfacet
  facet normal -0.514096 -0.857733 0
    outer loop
      vertex -39.8334 -22.2472 7.8
      vertex -39.7071 -22.3229 9.19
      vertex -39.8334 -22.2472 9.19
    endloop
  endfacet
  facet normal -0.514096 -0.857733 -0
    outer loop
      vertex -39.7071 -22.3229 9.19
      vertex -39.8334 -22.2472 7.8
      vertex -39.7071 -22.3229 7.8
    endloop
  endfacet
  facet normal -0.336939 -0.941527 0
    outer loop
      vertex -39.574 -22.3858 7.8
      vertex -39.4354 -22.4354 9.19
      vertex -39.574 -22.3858 9.19
    endloop
  endfacet
  facet normal -0.336939 -0.941527 -0
    outer loop
      vertex -39.4354 -22.4354 9.19
      vertex -39.574 -22.3858 7.8
      vertex -39.4354 -22.4354 7.8
    endloop
  endfacet
  facet normal -0.146746 -0.989174 0
    outer loop
      vertex -39.2926 -22.4712 7.8
      vertex -39.147 -22.4928 9.19
      vertex -39.2926 -22.4712 9.19
    endloop
  endfacet
  facet normal -0.146746 -0.989174 -0
    outer loop
      vertex -39.147 -22.4928 9.19
      vertex -39.2926 -22.4712 7.8
      vertex -39.147 -22.4928 7.8
    endloop
  endfacet
  facet normal -0.904125 -0.427269 0
    outer loop
      vertex -40.3229 -21.7071 7.8
      vertex -40.3858 -21.574 9.19
      vertex -40.3858 -21.574 7.8
    endloop
  endfacet
  facet normal -0.904125 -0.427269 0
    outer loop
      vertex -40.3858 -21.574 9.19
      vertex -40.3229 -21.7071 7.8
      vertex -40.3229 -21.7071 9.19
    endloop
  endfacet
  facet normal -0.803088 -0.595861 0
    outer loop
      vertex -40.1595 -21.9516 7.8
      vertex -40.2472 -21.8334 9.19
      vertex -40.2472 -21.8334 7.8
    endloop
  endfacet
  facet normal -0.803088 -0.595861 0
    outer loop
      vertex -40.2472 -21.8334 9.19
      vertex -40.1595 -21.9516 7.8
      vertex -40.1595 -21.9516 9.19
    endloop
  endfacet
  facet normal -0.969982 -0.243175 0
    outer loop
      vertex -40.4354 -21.4354 7.8
      vertex -40.4712 -21.2926 9.19
      vertex -40.4712 -21.2926 7.8
    endloop
  endfacet
  facet normal -0.969982 -0.243175 0
    outer loop
      vertex -40.4712 -21.2926 9.19
      vertex -40.4354 -21.4354 7.8
      vertex -40.4354 -21.4354 9.19
    endloop
  endfacet
  facet normal -0.998803 -0.0489209 0
    outer loop
      vertex -40.4928 -21.147 7.8
      vertex -40.5 -21 9.19
      vertex -40.5 -21 7.8
    endloop
  endfacet
  facet normal -0.998803 -0.0489209 0
    outer loop
      vertex -40.5 -21 9.19
      vertex -40.4928 -21.147 7.8
      vertex -40.4928 -21.147 9.19
    endloop
  endfacet
  facet normal 0.146746 -0.989174 0
    outer loop
      vertex -38.853 -22.4928 7.8
      vertex -38.7074 -22.4712 9.19
      vertex -38.853 -22.4928 9.19
    endloop
  endfacet
  facet normal 0.146746 -0.989174 0
    outer loop
      vertex -38.7074 -22.4712 9.19
      vertex -38.853 -22.4928 7.8
      vertex -38.7074 -22.4712 7.8
    endloop
  endfacet
  facet normal 0.427269 -0.904125 0
    outer loop
      vertex -38.426 -22.3858 7.8
      vertex -38.2929 -22.3229 9.19
      vertex -38.426 -22.3858 9.19
    endloop
  endfacet
  facet normal 0.427269 -0.904125 0
    outer loop
      vertex -38.2929 -22.3229 9.19
      vertex -38.426 -22.3858 7.8
      vertex -38.2929 -22.3229 7.8
    endloop
  endfacet
  facet normal 0.74123 -0.671251 0
    outer loop
      vertex -37.9393 -22.0607 9.19
      vertex -37.8405 -21.9516 7.8
      vertex -37.8405 -21.9516 9.19
    endloop
  endfacet
  facet normal 0.74123 -0.671251 0
    outer loop
      vertex -37.8405 -21.9516 7.8
      vertex -37.9393 -22.0607 9.19
      vertex -37.9393 -22.0607 7.8
    endloop
  endfacet
  facet normal 0.595861 -0.803088 0
    outer loop
      vertex -38.1666 -22.2472 7.8
      vertex -38.0484 -22.1595 9.19
      vertex -38.1666 -22.2472 9.19
    endloop
  endfacet
  facet normal 0.595861 -0.803088 0
    outer loop
      vertex -38.0484 -22.1595 9.19
      vertex -38.1666 -22.2472 7.8
      vertex -38.0484 -22.1595 7.8
    endloop
  endfacet
  facet normal 0.857733 -0.514096 0
    outer loop
      vertex -37.7528 -21.8334 9.19
      vertex -37.6771 -21.7071 7.8
      vertex -37.6771 -21.7071 9.19
    endloop
  endfacet
  facet normal 0.857733 -0.514096 0
    outer loop
      vertex -37.6771 -21.7071 7.8
      vertex -37.7528 -21.8334 9.19
      vertex -37.7528 -21.8334 7.8
    endloop
  endfacet
  facet normal 0.989174 -0.146746 0
    outer loop
      vertex -37.5288 -21.2926 9.19
      vertex -37.5072 -21.147 7.8
      vertex -37.5072 -21.147 9.19
    endloop
  endfacet
  facet normal 0.989174 -0.146746 0
    outer loop
      vertex -37.5072 -21.147 7.8
      vertex -37.5288 -21.2926 9.19
      vertex -37.5288 -21.2926 7.8
    endloop
  endfacet
  facet normal 0.998803 -0.0489209 0
    outer loop
      vertex -37.5072 -21.147 9.19
      vertex -37.5 -21 7.8
      vertex -37.5 -21 9.19
    endloop
  endfacet
  facet normal 0.998803 -0.0489209 0
    outer loop
      vertex -37.5 -21 7.8
      vertex -37.5072 -21.147 9.19
      vertex -37.5072 -21.147 7.8
    endloop
  endfacet
  facet normal -0.595861 -0.803088 0
    outer loop
      vertex -39.9516 -22.1595 7.8
      vertex -39.8334 -22.2472 9.19
      vertex -39.9516 -22.1595 9.19
    endloop
  endfacet
  facet normal -0.595861 -0.803088 -0
    outer loop
      vertex -39.8334 -22.2472 9.19
      vertex -39.9516 -22.1595 7.8
      vertex -39.8334 -22.2472 7.8
    endloop
  endfacet
  facet normal -0.427269 -0.904125 0
    outer loop
      vertex -39.7071 -22.3229 7.8
      vertex -39.574 -22.3858 9.19
      vertex -39.7071 -22.3229 9.19
    endloop
  endfacet
  facet normal -0.427269 -0.904125 -0
    outer loop
      vertex -39.574 -22.3858 9.19
      vertex -39.7071 -22.3229 7.8
      vertex -39.574 -22.3858 7.8
    endloop
  endfacet
  facet normal -0.243175 -0.969982 0
    outer loop
      vertex -39.4354 -22.4354 7.8
      vertex -39.2926 -22.4712 9.19
      vertex -39.4354 -22.4354 9.19
    endloop
  endfacet
  facet normal -0.243175 -0.969982 -0
    outer loop
      vertex -39.2926 -22.4712 9.19
      vertex -39.4354 -22.4354 7.8
      vertex -39.2926 -22.4712 7.8
    endloop
  endfacet
  facet normal -0.857733 -0.514096 0
    outer loop
      vertex -40.2472 -21.8334 7.8
      vertex -40.3229 -21.7071 9.19
      vertex -40.3229 -21.7071 7.8
    endloop
  endfacet
  facet normal -0.857733 -0.514096 0
    outer loop
      vertex -40.3229 -21.7071 9.19
      vertex -40.2472 -21.8334 7.8
      vertex -40.2472 -21.8334 9.19
    endloop
  endfacet
  facet normal -0.989174 -0.146746 0
    outer loop
      vertex -40.4712 -21.2926 7.8
      vertex -40.4928 -21.147 9.19
      vertex -40.4928 -21.147 7.8
    endloop
  endfacet
  facet normal -0.989174 -0.146746 0
    outer loop
      vertex -40.4928 -21.147 9.19
      vertex -40.4712 -21.2926 7.8
      vertex -40.4712 -21.2926 9.19
    endloop
  endfacet
  facet normal 0.243175 -0.969982 0
    outer loop
      vertex -38.7074 -22.4712 7.8
      vertex -38.5646 -22.4354 9.19
      vertex -38.7074 -22.4712 9.19
    endloop
  endfacet
  facet normal 0.243175 -0.969982 0
    outer loop
      vertex -38.5646 -22.4354 9.19
      vertex -38.7074 -22.4712 7.8
      vertex -38.5646 -22.4354 7.8
    endloop
  endfacet
  facet normal 0.595485 0.803367 -0
    outer loop
      vertex -37.2554 23.1258 2
      vertex -37.4722 23.2865 7.8
      vertex -37.2554 23.1258 7.8
    endloop
  endfacet
  facet normal 0.595485 0.803367 0
    outer loop
      vertex -37.4722 23.2865 7.8
      vertex -37.2554 23.1258 2
      vertex -37.4722 23.2865 2
    endloop
  endfacet
  facet normal 0.998803 -0.0489209 0
    outer loop
      vertex -36.2632 20.7305 7.8
      vertex -36.25 21 2
      vertex -36.25 21 7.8
    endloop
  endfacet
  facet normal 0.998803 -0.0489209 0
    outer loop
      vertex -36.25 21 2
      vertex -36.2632 20.7305 7.8
      vertex -36.2632 20.7305 2
    endloop
  endfacet
  facet normal -0.336829 0.941566 0
    outer loop
      vertex -39.7983 23.6316 2
      vertex -40.0524 23.5407 7.8
      vertex -39.7983 23.6316 7.8
    endloop
  endfacet
  facet normal -0.336829 0.941566 0
    outer loop
      vertex -40.0524 23.5407 7.8
      vertex -39.7983 23.6316 2
      vertex -40.0524 23.5407 2
    endloop
  endfacet
  facet normal -0.903926 0.427688 0
    outer loop
      vertex -41.5407 22.0524 2
      vertex -41.4253 22.2963 7.8
      vertex -41.4253 22.2963 2
    endloop
  endfacet
  facet normal -0.903926 0.427688 0
    outer loop
      vertex -41.4253 22.2963 7.8
      vertex -41.5407 22.0524 2
      vertex -41.5407 22.0524 7.8
    endloop
  endfacet
  facet normal 0.903926 0.427688 0
    outer loop
      vertex -36.4593 22.0524 7.8
      vertex -36.5747 22.2963 2
      vertex -36.5747 22.2963 7.8
    endloop
  endfacet
  facet normal 0.903926 0.427688 0
    outer loop
      vertex -36.5747 22.2963 2
      vertex -36.4593 22.0524 7.8
      vertex -36.4593 22.0524 2
    endloop
  endfacet
  facet normal 0.857656 0.514223 0
    outer loop
      vertex -36.5747 22.2963 7.8
      vertex -36.7135 22.5278 2
      vertex -36.7135 22.5278 7.8
    endloop
  endfacet
  facet normal 0.857656 0.514223 0
    outer loop
      vertex -36.7135 22.5278 2
      vertex -36.5747 22.2963 7.8
      vertex -36.5747 22.2963 2
    endloop
  endfacet
  facet normal 0.427688 0.903926 -0
    outer loop
      vertex -37.7037 23.4253 2
      vertex -37.9476 23.5407 7.8
      vertex -37.7037 23.4253 7.8
    endloop
  endfacet
  facet normal 0.427688 0.903926 0
    outer loop
      vertex -37.9476 23.5407 7.8
      vertex -37.7037 23.4253 2
      vertex -37.9476 23.5407 2
    endloop
  endfacet
  facet normal 0.14671 0.98918 -0
    outer loop
      vertex -38.4635 23.6972 2
      vertex -38.7305 23.7368 7.8
      vertex -38.4635 23.6972 7.8
    endloop
  endfacet
  facet normal 0.14671 0.98918 0
    outer loop
      vertex -38.7305 23.7368 7.8
      vertex -38.4635 23.6972 2
      vertex -38.7305 23.7368 2
    endloop
  endfacet
  facet normal -0.98918 0.14671 0
    outer loop
      vertex -41.7368 21.2695 2
      vertex -41.6972 21.5365 7.8
      vertex -41.6972 21.5365 2
    endloop
  endfacet
  facet normal -0.98918 0.14671 0
    outer loop
      vertex -41.6972 21.5365 7.8
      vertex -41.7368 21.2695 2
      vertex -41.7368 21.2695 7.8
    endloop
  endfacet
  facet normal -0.740728 0.671805 0
    outer loop
      vertex -41.1258 22.7446 2
      vertex -40.9445 22.9445 7.8
      vertex -40.9445 22.9445 2
    endloop
  endfacet
  facet normal -0.740728 0.671805 0
    outer loop
      vertex -40.9445 22.9445 7.8
      vertex -41.1258 22.7446 2
      vertex -41.1258 22.7446 7.8
    endloop
  endfacet
  facet normal -0.14671 0.98918 0
    outer loop
      vertex -39.2695 23.7368 2
      vertex -39.5365 23.6972 7.8
      vertex -39.2695 23.7368 7.8
    endloop
  endfacet
  facet normal -0.14671 0.98918 0
    outer loop
      vertex -39.5365 23.6972 7.8
      vertex -39.2695 23.7368 2
      vertex -39.5365 23.6972 2
    endloop
  endfacet
  facet normal -0.14671 -0.98918 0
    outer loop
      vertex -39.5365 18.3028 2
      vertex -39.2695 18.2632 7.8
      vertex -39.5365 18.3028 7.8
    endloop
  endfacet
  facet normal -0.14671 -0.98918 -0
    outer loop
      vertex -39.2695 18.2632 7.8
      vertex -39.5365 18.3028 2
      vertex -39.2695 18.2632 2
    endloop
  endfacet
  facet normal -0.671805 -0.740728 0
    outer loop
      vertex -40.9445 19.0555 2
      vertex -40.7446 18.8742 7.8
      vertex -40.9445 19.0555 7.8
    endloop
  endfacet
  facet normal -0.671805 -0.740728 -0
    outer loop
      vertex -40.7446 18.8742 7.8
      vertex -40.9445 19.0555 2
      vertex -40.7446 18.8742 2
    endloop
  endfacet
  facet normal -0.740728 -0.671805 0
    outer loop
      vertex -40.9445 19.0555 2
      vertex -41.1258 19.2554 7.8
      vertex -41.1258 19.2554 2
    endloop
  endfacet
  facet normal -0.740728 -0.671805 0
    outer loop
      vertex -41.1258 19.2554 7.8
      vertex -40.9445 19.0555 2
      vertex -40.9445 19.0555 7.8
    endloop
  endfacet
  facet normal 0.98918 0.14671 0
    outer loop
      vertex -36.2632 21.2695 7.8
      vertex -36.3028 21.5365 2
      vertex -36.3028 21.5365 7.8
    endloop
  endfacet
  facet normal 0.98918 0.14671 0
    outer loop
      vertex -36.3028 21.5365 2
      vertex -36.2632 21.2695 7.8
      vertex -36.2632 21.2695 2
    endloop
  endfacet
  facet normal 0.970012 0.243059 0
    outer loop
      vertex -36.3028 21.5365 7.8
      vertex -36.3684 21.7983 2
      vertex -36.3684 21.7983 7.8
    endloop
  endfacet
  facet normal 0.970012 0.243059 0
    outer loop
      vertex -36.3684 21.7983 2
      vertex -36.3028 21.5365 7.8
      vertex -36.3028 21.5365 2
    endloop
  endfacet
  facet normal 0.941566 0.336829 0
    outer loop
      vertex -36.3684 21.7983 7.8
      vertex -36.4593 22.0524 2
      vertex -36.4593 22.0524 7.8
    endloop
  endfacet
  facet normal 0.941566 0.336829 0
    outer loop
      vertex -36.4593 22.0524 2
      vertex -36.3684 21.7983 7.8
      vertex -36.3684 21.7983 2
    endloop
  endfacet
  facet normal 0.740728 0.671805 0
    outer loop
      vertex -36.8742 22.7446 7.8
      vertex -37.0555 22.9445 2
      vertex -37.0555 22.9445 7.8
    endloop
  endfacet
  facet normal 0.740728 0.671805 0
    outer loop
      vertex -37.0555 22.9445 2
      vertex -36.8742 22.7446 7.8
      vertex -36.8742 22.7446 2
    endloop
  endfacet
  facet normal 0.803367 0.595485 0
    outer loop
      vertex -36.7135 22.5278 7.8
      vertex -36.8742 22.7446 2
      vertex -36.8742 22.7446 7.8
    endloop
  endfacet
  facet normal 0.803367 0.595485 0
    outer loop
      vertex -36.8742 22.7446 2
      vertex -36.7135 22.5278 7.8
      vertex -36.7135 22.5278 2
    endloop
  endfacet
  facet normal 0.671805 0.740728 -0
    outer loop
      vertex -37.0555 22.9445 2
      vertex -37.2554 23.1258 7.8
      vertex -37.0555 22.9445 7.8
    endloop
  endfacet
  facet normal 0.671805 0.740728 0
    outer loop
      vertex -37.2554 23.1258 7.8
      vertex -37.0555 22.9445 2
      vertex -37.2554 23.1258 2
    endloop
  endfacet
  facet normal 0.514223 0.857656 -0
    outer loop
      vertex -37.4722 23.2865 2
      vertex -37.7037 23.4253 7.8
      vertex -37.4722 23.2865 7.8
    endloop
  endfacet
  facet normal 0.514223 0.857656 0
    outer loop
      vertex -37.7037 23.4253 7.8
      vertex -37.4722 23.2865 2
      vertex -37.7037 23.4253 2
    endloop
  endfacet
  facet normal 0.0489209 0.998803 -0
    outer loop
      vertex -38.7305 23.7368 2
      vertex -39 23.75 7.8
      vertex -38.7305 23.7368 7.8
    endloop
  endfacet
  facet normal 0.0489209 0.998803 0
    outer loop
      vertex -39 23.75 7.8
      vertex -38.7305 23.7368 2
      vertex -39 23.75 2
    endloop
  endfacet
  facet normal 0.336829 0.941566 -0
    outer loop
      vertex -37.9476 23.5407 2
      vertex -38.2017 23.6316 7.8
      vertex -37.9476 23.5407 7.8
    endloop
  endfacet
  facet normal 0.336829 0.941566 0
    outer loop
      vertex -38.2017 23.6316 7.8
      vertex -37.9476 23.5407 2
      vertex -38.2017 23.6316 2
    endloop
  endfacet
  facet normal 0.243059 0.970012 -0
    outer loop
      vertex -38.2017 23.6316 2
      vertex -38.4635 23.6972 7.8
      vertex -38.2017 23.6316 7.8
    endloop
  endfacet
  facet normal 0.243059 0.970012 0
    outer loop
      vertex -38.4635 23.6972 7.8
      vertex -38.2017 23.6316 2
      vertex -38.4635 23.6972 2
    endloop
  endfacet
  facet normal -0.998803 0.0489209 0
    outer loop
      vertex -41.75 21 2
      vertex -41.7368 21.2695 7.8
      vertex -41.7368 21.2695 2
    endloop
  endfacet
  facet normal -0.998803 0.0489209 0
    outer loop
      vertex -41.7368 21.2695 7.8
      vertex -41.75 21 2
      vertex -41.75 21 7.8
    endloop
  endfacet
  facet normal -0.941566 0.336829 0
    outer loop
      vertex -41.6316 21.7983 2
      vertex -41.5407 22.0524 7.8
      vertex -41.5407 22.0524 2
    endloop
  endfacet
  facet normal -0.941566 0.336829 0
    outer loop
      vertex -41.5407 22.0524 7.8
      vertex -41.6316 21.7983 2
      vertex -41.6316 21.7983 7.8
    endloop
  endfacet
  facet normal -0.970012 0.243059 0
    outer loop
      vertex -41.6972 21.5365 2
      vertex -41.6316 21.7983 7.8
      vertex -41.6316 21.7983 2
    endloop
  endfacet
  facet normal -0.970012 0.243059 0
    outer loop
      vertex -41.6316 21.7983 7.8
      vertex -41.6972 21.5365 2
      vertex -41.6972 21.5365 7.8
    endloop
  endfacet
  facet normal -0.857656 0.514223 0
    outer loop
      vertex -41.4253 22.2963 2
      vertex -41.2865 22.5278 7.8
      vertex -41.2865 22.5278 2
    endloop
  endfacet
  facet normal -0.857656 0.514223 0
    outer loop
      vertex -41.2865 22.5278 7.8
      vertex -41.4253 22.2963 2
      vertex -41.4253 22.2963 7.8
    endloop
  endfacet
  facet normal -0.803367 0.595485 0
    outer loop
      vertex -41.2865 22.5278 2
      vertex -41.1258 22.7446 7.8
      vertex -41.1258 22.7446 2
    endloop
  endfacet
  facet normal -0.803367 0.595485 0
    outer loop
      vertex -41.1258 22.7446 7.8
      vertex -41.2865 22.5278 2
      vertex -41.2865 22.5278 7.8
    endloop
  endfacet
  facet normal -0.243059 0.970012 0
    outer loop
      vertex -39.5365 23.6972 2
      vertex -39.7983 23.6316 7.8
      vertex -39.5365 23.6972 7.8
    endloop
  endfacet
  facet normal -0.243059 0.970012 0
    outer loop
      vertex -39.7983 23.6316 7.8
      vertex -39.5365 23.6972 2
      vertex -39.7983 23.6316 2
    endloop
  endfacet
  facet normal -0.0489209 0.998803 0
    outer loop
      vertex -39 23.75 2
      vertex -39.2695 23.7368 7.8
      vertex -39 23.75 7.8
    endloop
  endfacet
  facet normal -0.0489209 0.998803 0
    outer loop
      vertex -39.2695 23.7368 7.8
      vertex -39 23.75 2
      vertex -39.2695 23.7368 2
    endloop
  endfacet
  facet normal -0.514223 0.857656 0
    outer loop
      vertex -40.2963 23.4253 2
      vertex -40.5278 23.2865 7.8
      vertex -40.2963 23.4253 7.8
    endloop
  endfacet
  facet normal -0.514223 0.857656 0
    outer loop
      vertex -40.5278 23.2865 7.8
      vertex -40.2963 23.4253 2
      vertex -40.5278 23.2865 2
    endloop
  endfacet
  facet normal -0.595485 0.803367 0
    outer loop
      vertex -40.5278 23.2865 2
      vertex -40.7446 23.1258 7.8
      vertex -40.5278 23.2865 7.8
    endloop
  endfacet
  facet normal -0.595485 0.803367 0
    outer loop
      vertex -40.7446 23.1258 7.8
      vertex -40.5278 23.2865 2
      vertex -40.7446 23.1258 2
    endloop
  endfacet
  facet normal -0.427688 0.903926 0
    outer loop
      vertex -40.0524 23.5407 2
      vertex -40.2963 23.4253 7.8
      vertex -40.0524 23.5407 7.8
    endloop
  endfacet
  facet normal -0.427688 0.903926 0
    outer loop
      vertex -40.2963 23.4253 7.8
      vertex -40.0524 23.5407 2
      vertex -40.2963 23.4253 2
    endloop
  endfacet
  facet normal -0.671805 0.740728 0
    outer loop
      vertex -40.7446 23.1258 2
      vertex -40.9445 22.9445 7.8
      vertex -40.7446 23.1258 7.8
    endloop
  endfacet
  facet normal -0.671805 0.740728 0
    outer loop
      vertex -40.9445 22.9445 7.8
      vertex -40.7446 23.1258 2
      vertex -40.9445 22.9445 2
    endloop
  endfacet
  facet normal 0.998803 0.0489209 0
    outer loop
      vertex -36.25 21 7.8
      vertex -36.2632 21.2695 2
      vertex -36.2632 21.2695 7.8
    endloop
  endfacet
  facet normal 0.998803 0.0489209 0
    outer loop
      vertex -36.2632 21.2695 2
      vertex -36.25 21 7.8
      vertex -36.25 21 2
    endloop
  endfacet
  facet normal 0.0489209 -0.998803 0
    outer loop
      vertex -39 18.25 2
      vertex -38.7305 18.2632 7.8
      vertex -39 18.25 7.8
    endloop
  endfacet
  facet normal 0.0489209 -0.998803 0
    outer loop
      vertex -38.7305 18.2632 7.8
      vertex -39 18.25 2
      vertex -38.7305 18.2632 2
    endloop
  endfacet
  facet normal 0.903926 -0.427688 0
    outer loop
      vertex -36.5747 19.7037 7.8
      vertex -36.4593 19.9476 2
      vertex -36.4593 19.9476 7.8
    endloop
  endfacet
  facet normal 0.903926 -0.427688 0
    outer loop
      vertex -36.4593 19.9476 2
      vertex -36.5747 19.7037 7.8
      vertex -36.5747 19.7037 2
    endloop
  endfacet
  facet normal 0.14671 -0.98918 0
    outer loop
      vertex -38.7305 18.2632 2
      vertex -38.4635 18.3028 7.8
      vertex -38.7305 18.2632 7.8
    endloop
  endfacet
  facet normal 0.14671 -0.98918 0
    outer loop
      vertex -38.4635 18.3028 7.8
      vertex -38.7305 18.2632 2
      vertex -38.4635 18.3028 2
    endloop
  endfacet
  facet normal 0.740728 -0.671805 0
    outer loop
      vertex -37.0555 19.0555 7.8
      vertex -36.8742 19.2554 2
      vertex -36.8742 19.2554 7.8
    endloop
  endfacet
  facet normal 0.740728 -0.671805 0
    outer loop
      vertex -36.8742 19.2554 2
      vertex -37.0555 19.0555 7.8
      vertex -37.0555 19.0555 2
    endloop
  endfacet
  facet normal 0.671805 -0.740728 0
    outer loop
      vertex -37.2554 18.8742 2
      vertex -37.0555 19.0555 7.8
      vertex -37.2554 18.8742 7.8
    endloop
  endfacet
  facet normal 0.671805 -0.740728 0
    outer loop
      vertex -37.0555 19.0555 7.8
      vertex -37.2554 18.8742 2
      vertex -37.0555 19.0555 2
    endloop
  endfacet
  facet normal 0.514223 -0.857656 0
    outer loop
      vertex -37.7037 18.5747 2
      vertex -37.4722 18.7135 7.8
      vertex -37.7037 18.5747 7.8
    endloop
  endfacet
  facet normal 0.514223 -0.857656 0
    outer loop
      vertex -37.4722 18.7135 7.8
      vertex -37.7037 18.5747 2
      vertex -37.4722 18.7135 2
    endloop
  endfacet
  facet normal -0.0489209 -0.998803 0
    outer loop
      vertex -39.2695 18.2632 2
      vertex -39 18.25 7.8
      vertex -39.2695 18.2632 7.8
    endloop
  endfacet
  facet normal -0.0489209 -0.998803 -0
    outer loop
      vertex -39 18.25 7.8
      vertex -39.2695 18.2632 2
      vertex -39 18.25 2
    endloop
  endfacet
  facet normal -0.336829 -0.941566 0
    outer loop
      vertex -40.0524 18.4593 2
      vertex -39.7983 18.3684 7.8
      vertex -40.0524 18.4593 7.8
    endloop
  endfacet
  facet normal -0.336829 -0.941566 -0
    outer loop
      vertex -39.7983 18.3684 7.8
      vertex -40.0524 18.4593 2
      vertex -39.7983 18.3684 2
    endloop
  endfacet
  facet normal -0.514223 -0.857656 0
    outer loop
      vertex -40.5278 18.7135 2
      vertex -40.2963 18.5747 7.8
      vertex -40.5278 18.7135 7.8
    endloop
  endfacet
  facet normal -0.514223 -0.857656 -0
    outer loop
      vertex -40.2963 18.5747 7.8
      vertex -40.5278 18.7135 2
      vertex -40.2963 18.5747 2
    endloop
  endfacet
  facet normal -0.970012 -0.243059 0
    outer loop
      vertex -41.6316 20.2017 2
      vertex -41.6972 20.4635 7.8
      vertex -41.6972 20.4635 2
    endloop
  endfacet
  facet normal -0.970012 -0.243059 0
    outer loop
      vertex -41.6972 20.4635 7.8
      vertex -41.6316 20.2017 2
      vertex -41.6316 20.2017 7.8
    endloop
  endfacet
  facet normal -0.998803 -0.0489209 0
    outer loop
      vertex -41.7368 20.7305 2
      vertex -41.75 21 7.8
      vertex -41.75 21 2
    endloop
  endfacet
  facet normal -0.998803 -0.0489209 0
    outer loop
      vertex -41.75 21 7.8
      vertex -41.7368 20.7305 2
      vertex -41.7368 20.7305 7.8
    endloop
  endfacet
  facet normal -0.803367 -0.595485 0
    outer loop
      vertex -41.1258 19.2554 2
      vertex -41.2865 19.4722 7.8
      vertex -41.2865 19.4722 2
    endloop
  endfacet
  facet normal -0.803367 -0.595485 0
    outer loop
      vertex -41.2865 19.4722 7.8
      vertex -41.1258 19.2554 2
      vertex -41.1258 19.2554 7.8
    endloop
  endfacet
  facet normal -0.857656 -0.514223 0
    outer loop
      vertex -41.2865 19.4722 2
      vertex -41.4253 19.7037 7.8
      vertex -41.4253 19.7037 2
    endloop
  endfacet
  facet normal -0.857656 -0.514223 0
    outer loop
      vertex -41.4253 19.7037 7.8
      vertex -41.2865 19.4722 2
      vertex -41.2865 19.4722 7.8
    endloop
  endfacet
  facet normal -0.903926 -0.427688 0
    outer loop
      vertex -41.4253 19.7037 2
      vertex -41.5407 19.9476 7.8
      vertex -41.5407 19.9476 2
    endloop
  endfacet
  facet normal -0.903926 -0.427688 0
    outer loop
      vertex -41.5407 19.9476 7.8
      vertex -41.4253 19.7037 2
      vertex -41.4253 19.7037 7.8
    endloop
  endfacet
  facet normal 0 0 1
    outer loop
      vertex -37.5 21 7.8
      vertex -36.25 21 7.8
      vertex -36.2632 21.2695 7.8
    endloop
  endfacet
  facet normal 0 0 1
    outer loop
      vertex -37.5072 21.147 7.8
      vertex -36.2632 21.2695 7.8
      vertex -36.3028 21.5365 7.8
    endloop
  endfacet
  facet normal 0 0 1
    outer loop
      vertex -36.25 21 7.8
      vertex -37.5 21 7.8
      vertex -36.2632 20.7305 7.8
    endloop
  endfacet
  facet normal 0 0 1
    outer loop
      vertex -37.5288 21.2926 7.8
      vertex -36.3028 21.5365 7.8
      vertex -36.3684 21.7983 7.8
    endloop
  endfacet
  facet normal -0 0 1
    outer loop
      vertex -37.5072 20.853 7.8
      vertex -36.2632 20.7305 7.8
      vertex -37.5 21 7.8
    endloop
  endfacet
  facet normal 0 0 1
    outer loop
      vertex -37.5646 21.4354 7.8
      vertex -36.3684 21.7983 7.8
      vertex -36.4593 22.0524 7.8
    endloop
  endfacet
  facet normal 0 0 1
    outer loop
      vertex -36.2632 20.7305 7.8
      vertex -37.5072 20.853 7.8
      vertex -36.3028 20.4635 7.8
    endloop
  endfacet
  facet normal 0 0 1
    outer loop
      vertex -37.6142 21.574 7.8
      vertex -36.4593 22.0524 7.8
      vertex -36.5747 22.2963 7.8
    endloop
  endfacet
  facet normal -0 0 1
    outer loop
      vertex -37.5288 20.7074 7.8
      vertex -36.3028 20.4635 7.8
      vertex -37.5072 20.853 7.8
    endloop
  endfacet
  facet normal 0 0 1
    outer loop
      vertex -37.6771 21.7071 7.8
      vertex -36.5747 22.2963 7.8
      vertex -36.7135 22.5278 7.8
    endloop
  endfacet
  facet normal 0 0 1
    outer loop
      vertex -36.3028 20.4635 7.8
      vertex -37.5288 20.7074 7.8
      vertex -36.3684 20.2017 7.8
    endloop
  endfacet
  facet normal 0 0 1
    outer loop
      vertex -37.7528 21.8334 7.8
      vertex -36.7135 22.5278 7.8
      vertex -36.8742 22.7446 7.8
    endloop
  endfacet
  facet normal -0 0 1
    outer loop
      vertex -37.5646 20.5646 7.8
      vertex -36.3684 20.2017 7.8
      vertex -37.5288 20.7074 7.8
    endloop
  endfacet
  facet normal 0 0 1
    outer loop
      vertex -37.8405 21.9516 7.8
      vertex -36.8742 22.7446 7.8
      vertex -37.0555 22.9445 7.8
    endloop
  endfacet
  facet normal 0 0 1
    outer loop
      vertex -36.3684 20.2017 7.8
      vertex -37.5646 20.5646 7.8
      vertex -36.4593 19.9476 7.8
    endloop
  endfacet
  facet normal 0 0 1
    outer loop
      vertex -37.9393 22.0607 7.8
      vertex -37.0555 22.9445 7.8
      vertex -37.2554 23.1258 7.8
    endloop
  endfacet
  facet normal -0 0 1
    outer loop
      vertex -37.6142 20.426 7.8
      vertex -36.4593 19.9476 7.8
      vertex -37.5646 20.5646 7.8
    endloop
  endfacet
  facet normal 0 0 1
    outer loop
      vertex -38.0484 22.1595 7.8
      vertex -37.2554 23.1258 7.8
      vertex -37.4722 23.2865 7.8
    endloop
  endfacet
  facet normal 0 0 1
    outer loop
      vertex -36.4593 19.9476 7.8
      vertex -37.6142 20.426 7.8
      vertex -36.5747 19.7037 7.8
    endloop
  endfacet
  facet normal -0 0 1
    outer loop
      vertex -37.6771 20.2929 7.8
      vertex -36.5747 19.7037 7.8
      vertex -37.6142 20.426 7.8
    endloop
  endfacet
  facet normal 0 0 1
    outer loop
      vertex -36.2632 21.2695 7.8
      vertex -37.5072 21.147 7.8
      vertex -37.5 21 7.8
    endloop
  endfacet
  facet normal 0 0 1
    outer loop
      vertex -36.3028 21.5365 7.8
      vertex -37.5288 21.2926 7.8
      vertex -37.5072 21.147 7.8
    endloop
  endfacet
  facet normal 0 0 1
    outer loop
      vertex -36.3684 21.7983 7.8
      vertex -37.5646 21.4354 7.8
      vertex -37.5288 21.2926 7.8
    endloop
  endfacet
  facet normal 0 0 1
    outer loop
      vertex -36.4593 22.0524 7.8
      vertex -37.6142 21.574 7.8
      vertex -37.5646 21.4354 7.8
    endloop
  endfacet
  facet normal 0 0 1
    outer loop
      vertex -36.5747 22.2963 7.8
      vertex -37.6771 21.7071 7.8
      vertex -37.6142 21.574 7.8
    endloop
  endfacet
  facet normal 0 0 1
    outer loop
      vertex -38.1666 22.2472 7.8
      vertex -37.4722 23.2865 7.8
      vertex -37.7037 23.4253 7.8
    endloop
  endfacet
  facet normal 0 0 1
    outer loop
      vertex -36.7135 22.5278 7.8
      vertex -37.7528 21.8334 7.8
      vertex -37.6771 21.7071 7.8
    endloop
  endfacet
  facet normal 0 0 1
    outer loop
      vertex -36.8742 22.7446 7.8
      vertex -37.8405 21.9516 7.8
      vertex -37.7528 21.8334 7.8
    endloop
  endfacet
  facet normal 0 0 1
    outer loop
      vertex -37.0555 22.9445 7.8
      vertex -37.9393 22.0607 7.8
      vertex -37.8405 21.9516 7.8
    endloop
  endfacet
  facet normal 0 0 1
    outer loop
      vertex -38.2929 22.3229 7.8
      vertex -37.7037 23.4253 7.8
      vertex -37.9476 23.5407 7.8
    endloop
  endfacet
  facet normal 0 0 1
    outer loop
      vertex -37.2554 23.1258 7.8
      vertex -38.0484 22.1595 7.8
      vertex -37.9393 22.0607 7.8
    endloop
  endfacet
  facet normal 0 0 1
    outer loop
      vertex -37.4722 23.2865 7.8
      vertex -38.1666 22.2472 7.8
      vertex -38.0484 22.1595 7.8
    endloop
  endfacet
  facet normal 0 0 1
    outer loop
      vertex -38.426 22.3858 7.8
      vertex -37.9476 23.5407 7.8
      vertex -38.2017 23.6316 7.8
    endloop
  endfacet
  facet normal 0 0 1
    outer loop
      vertex -37.7037 23.4253 7.8
      vertex -38.2929 22.3229 7.8
      vertex -38.1666 22.2472 7.8
    endloop
  endfacet
  facet normal 0 0 1
    outer loop
      vertex -37.9476 23.5407 7.8
      vertex -38.426 22.3858 7.8
      vertex -38.2929 22.3229 7.8
    endloop
  endfacet
  facet normal 0 0 1
    outer loop
      vertex -38.5646 22.4354 7.8
      vertex -38.2017 23.6316 7.8
      vertex -38.4635 23.6972 7.8
    endloop
  endfacet
  facet normal 0 0 1
    outer loop
      vertex -38.2017 23.6316 7.8
      vertex -38.5646 22.4354 7.8
      vertex -38.426 22.3858 7.8
    endloop
  endfacet
  facet normal 0 0 1
    outer loop
      vertex -38.4635 23.6972 7.8
      vertex -38.7074 22.4712 7.8
      vertex -38.5646 22.4354 7.8
    endloop
  endfacet
  facet normal 0 0 1
    outer loop
      vertex -38.7305 23.7368 7.8
      vertex -38.7074 22.4712 7.8
      vertex -38.4635 23.6972 7.8
    endloop
  endfacet
  facet normal 0 0 1
    outer loop
      vertex -38.7305 23.7368 7.8
      vertex -38.853 22.4928 7.8
      vertex -38.7074 22.4712 7.8
    endloop
  endfacet
  facet normal 0 0 1
    outer loop
      vertex -39 23.75 7.8
      vertex -38.853 22.4928 7.8
      vertex -38.7305 23.7368 7.8
    endloop
  endfacet
  facet normal 0 0 1
    outer loop
      vertex -39 23.75 7.8
      vertex -39 22.5 7.8
      vertex -38.853 22.4928 7.8
    endloop
  endfacet
  facet normal 0 0 1
    outer loop
      vertex -39 23.75 7.8
      vertex -39.147 22.4928 7.8
      vertex -39 22.5 7.8
    endloop
  endfacet
  facet normal -0 0 1
    outer loop
      vertex -39.2695 23.7368 7.8
      vertex -39.147 22.4928 7.8
      vertex -39 23.75 7.8
    endloop
  endfacet
  facet normal 0 0 1
    outer loop
      vertex -39.2695 23.7368 7.8
      vertex -39.2926 22.4712 7.8
      vertex -39.147 22.4928 7.8
    endloop
  endfacet
  facet normal -0 0 1
    outer loop
      vertex -39.5365 23.6972 7.8
      vertex -39.2926 22.4712 7.8
      vertex -39.2695 23.7368 7.8
    endloop
  endfacet
  facet normal 0 0 1
    outer loop
      vertex -39.2926 22.4712 7.8
      vertex -39.5365 23.6972 7.8
      vertex -39.4354 22.4354 7.8
    endloop
  endfacet
  facet normal -0 0 1
    outer loop
      vertex -39.7983 23.6316 7.8
      vertex -39.4354 22.4354 7.8
      vertex -39.5365 23.6972 7.8
    endloop
  endfacet
  facet normal 0 0 1
    outer loop
      vertex -39.4354 22.4354 7.8
      vertex -39.7983 23.6316 7.8
      vertex -39.574 22.3858 7.8
    endloop
  endfacet
  facet normal -0 0 1
    outer loop
      vertex -40.0524 23.5407 7.8
      vertex -39.574 22.3858 7.8
      vertex -39.7983 23.6316 7.8
    endloop
  endfacet
  facet normal 0 0 1
    outer loop
      vertex -39.574 22.3858 7.8
      vertex -40.0524 23.5407 7.8
      vertex -39.7071 22.3229 7.8
    endloop
  endfacet
  facet normal -0 0 1
    outer loop
      vertex -40.2963 23.4253 7.8
      vertex -39.7071 22.3229 7.8
      vertex -40.0524 23.5407 7.8
    endloop
  endfacet
  facet normal 0 0 1
    outer loop
      vertex -39.7071 22.3229 7.8
      vertex -40.2963 23.4253 7.8
      vertex -39.8334 22.2472 7.8
    endloop
  endfacet
  facet normal -0 0 1
    outer loop
      vertex -40.5278 23.2865 7.8
      vertex -39.8334 22.2472 7.8
      vertex -40.2963 23.4253 7.8
    endloop
  endfacet
  facet normal 0 0 1
    outer loop
      vertex -39.8334 22.2472 7.8
      vertex -40.5278 23.2865 7.8
      vertex -39.9516 22.1595 7.8
    endloop
  endfacet
  facet normal -0 0 1
    outer loop
      vertex -40.7446 23.1258 7.8
      vertex -39.9516 22.1595 7.8
      vertex -40.5278 23.2865 7.8
    endloop
  endfacet
  facet normal 0 0 1
    outer loop
      vertex -39.9516 22.1595 7.8
      vertex -40.7446 23.1258 7.8
      vertex -40.0607 22.0607 7.8
    endloop
  endfacet
  facet normal -0 0 1
    outer loop
      vertex -40.9445 22.9445 7.8
      vertex -40.0607 22.0607 7.8
      vertex -40.7446 23.1258 7.8
    endloop
  endfacet
  facet normal 0 0 1
    outer loop
      vertex -40.0607 22.0607 7.8
      vertex -40.9445 22.9445 7.8
      vertex -40.1595 21.9516 7.8
    endloop
  endfacet
  facet normal -0 0 1
    outer loop
      vertex -41.1258 22.7446 7.8
      vertex -40.1595 21.9516 7.8
      vertex -40.9445 22.9445 7.8
    endloop
  endfacet
  facet normal 0 0 1
    outer loop
      vertex -40.1595 21.9516 7.8
      vertex -41.1258 22.7446 7.8
      vertex -40.2472 21.8334 7.8
    endloop
  endfacet
  facet normal -0 0 1
    outer loop
      vertex -41.2865 22.5278 7.8
      vertex -40.2472 21.8334 7.8
      vertex -41.1258 22.7446 7.8
    endloop
  endfacet
  facet normal -0 0 1
    outer loop
      vertex -41.4253 22.2963 7.8
      vertex -40.3229 21.7071 7.8
      vertex -41.2865 22.5278 7.8
    endloop
  endfacet
  facet normal 0 0 1
    outer loop
      vertex -40.2472 21.8334 7.8
      vertex -41.2865 22.5278 7.8
      vertex -40.3229 21.7071 7.8
    endloop
  endfacet
  facet normal 0 0 1
    outer loop
      vertex -36.5747 19.7037 7.8
      vertex -37.6771 20.2929 7.8
      vertex -36.7135 19.4722 7.8
    endloop
  endfacet
  facet normal -0 0 1
    outer loop
      vertex -37.7528 20.1666 7.8
      vertex -36.7135 19.4722 7.8
      vertex -37.6771 20.2929 7.8
    endloop
  endfacet
  facet normal 0 0 1
    outer loop
      vertex -36.7135 19.4722 7.8
      vertex -37.7528 20.1666 7.8
      vertex -36.8742 19.2554 7.8
    endloop
  endfacet
  facet normal -0 0 1
    outer loop
      vertex -37.8405 20.0484 7.8
      vertex -36.8742 19.2554 7.8
      vertex -37.7528 20.1666 7.8
    endloop
  endfacet
  facet normal 0 0 1
    outer loop
      vertex -36.8742 19.2554 7.8
      vertex -37.8405 20.0484 7.8
      vertex -37.0555 19.0555 7.8
    endloop
  endfacet
  facet normal -0 0 1
    outer loop
      vertex -37.9393 19.9393 7.8
      vertex -37.0555 19.0555 7.8
      vertex -37.8405 20.0484 7.8
    endloop
  endfacet
  facet normal 0 0 1
    outer loop
      vertex -37.0555 19.0555 7.8
      vertex -37.9393 19.9393 7.8
      vertex -37.2554 18.8742 7.8
    endloop
  endfacet
  facet normal -0 0 1
    outer loop
      vertex -38.0484 19.8405 7.8
      vertex -37.2554 18.8742 7.8
      vertex -37.9393 19.9393 7.8
    endloop
  endfacet
  facet normal 0 0 1
    outer loop
      vertex -37.2554 18.8742 7.8
      vertex -38.0484 19.8405 7.8
      vertex -37.4722 18.7135 7.8
    endloop
  endfacet
  facet normal -0 0 1
    outer loop
      vertex -38.1666 19.7528 7.8
      vertex -37.4722 18.7135 7.8
      vertex -38.0484 19.8405 7.8
    endloop
  endfacet
  facet normal 0 0 1
    outer loop
      vertex -37.4722 18.7135 7.8
      vertex -38.1666 19.7528 7.8
      vertex -37.7037 18.5747 7.8
    endloop
  endfacet
  facet normal -0 0 1
    outer loop
      vertex -38.2929 19.6771 7.8
      vertex -37.7037 18.5747 7.8
      vertex -38.1666 19.7528 7.8
    endloop
  endfacet
  facet normal 0 0 1
    outer loop
      vertex -37.7037 18.5747 7.8
      vertex -38.2929 19.6771 7.8
      vertex -37.9476 18.4593 7.8
    endloop
  endfacet
  facet normal -0 0 1
    outer loop
      vertex -38.426 19.6142 7.8
      vertex -37.9476 18.4593 7.8
      vertex -38.2929 19.6771 7.8
    endloop
  endfacet
  facet normal 0 0 1
    outer loop
      vertex -37.9476 18.4593 7.8
      vertex -38.426 19.6142 7.8
      vertex -38.2017 18.3684 7.8
    endloop
  endfacet
  facet normal -0 0 1
    outer loop
      vertex -38.5646 19.5646 7.8
      vertex -38.2017 18.3684 7.8
      vertex -38.426 19.6142 7.8
    endloop
  endfacet
  facet normal 0 0 1
    outer loop
      vertex -38.2017 18.3684 7.8
      vertex -38.5646 19.5646 7.8
      vertex -38.4635 18.3028 7.8
    endloop
  endfacet
  facet normal -0 0 1
    outer loop
      vertex -38.7074 19.5288 7.8
      vertex -38.4635 18.3028 7.8
      vertex -38.5646 19.5646 7.8
    endloop
  endfacet
  facet normal 0 0 1
    outer loop
      vertex -38.7074 19.5288 7.8
      vertex -38.7305 18.2632 7.8
      vertex -38.4635 18.3028 7.8
    endloop
  endfacet
  facet normal -0 0 1
    outer loop
      vertex -38.853 19.5072 7.8
      vertex -38.7305 18.2632 7.8
      vertex -38.7074 19.5288 7.8
    endloop
  endfacet
  facet normal -0 0 1
    outer loop
      vertex -39 19.5 7.8
      vertex -38.7305 18.2632 7.8
      vertex -38.853 19.5072 7.8
    endloop
  endfacet
  facet normal 0 0 1
    outer loop
      vertex -39 19.5 7.8
      vertex -39 18.25 7.8
      vertex -38.7305 18.2632 7.8
    endloop
  endfacet
  facet normal 0 0 1
    outer loop
      vertex -39.147 19.5072 7.8
      vertex -39 18.25 7.8
      vertex -39 19.5 7.8
    endloop
  endfacet
  facet normal 0 0 1
    outer loop
      vertex -39.147 19.5072 7.8
      vertex -39.2695 18.2632 7.8
      vertex -39 18.25 7.8
    endloop
  endfacet
  facet normal 0 0 1
    outer loop
      vertex -39.2926 19.5288 7.8
      vertex -39.2695 18.2632 7.8
      vertex -39.147 19.5072 7.8
    endloop
  endfacet
  facet normal 0 0 1
    outer loop
      vertex -39.5365 18.3028 7.8
      vertex -39.2926 19.5288 7.8
      vertex -39.4354 19.5646 7.8
    endloop
  endfacet
  facet normal 0 0 1
    outer loop
      vertex -39.2926 19.5288 7.8
      vertex -39.5365 18.3028 7.8
      vertex -39.2695 18.2632 7.8
    endloop
  endfacet
  facet normal 0 0 1
    outer loop
      vertex -39.7983 18.3684 7.8
      vertex -39.4354 19.5646 7.8
      vertex -39.574 19.6142 7.8
    endloop
  endfacet
  facet normal 0 0 1
    outer loop
      vertex -40.0524 18.4593 7.8
      vertex -39.574 19.6142 7.8
      vertex -39.7071 19.6771 7.8
    endloop
  endfacet
  facet normal 0 0 1
    outer loop
      vertex -39.4354 19.5646 7.8
      vertex -39.7983 18.3684 7.8
      vertex -39.5365 18.3028 7.8
    endloop
  endfacet
  facet normal 0 0 1
    outer loop
      vertex -40.2963 18.5747 7.8
      vertex -39.7071 19.6771 7.8
      vertex -39.8334 19.7528 7.8
    endloop
  endfacet
  facet normal 0 0 1
    outer loop
      vertex -40.5278 18.7135 7.8
      vertex -39.8334 19.7528 7.8
      vertex -39.9516 19.8405 7.8
    endloop
  endfacet
  facet normal 0 0 1
    outer loop
      vertex -39.574 19.6142 7.8
      vertex -40.0524 18.4593 7.8
      vertex -39.7983 18.3684 7.8
    endloop
  endfacet
  facet normal 0 0 1
    outer loop
      vertex -40.7446 18.8742 7.8
      vertex -39.9516 19.8405 7.8
      vertex -40.0607 19.9393 7.8
    endloop
  endfacet
  facet normal 0 0 1
    outer loop
      vertex -40.9445 19.0555 7.8
      vertex -40.0607 19.9393 7.8
      vertex -40.1595 20.0484 7.8
    endloop
  endfacet
  facet normal 0 0 1
    outer loop
      vertex -41.1258 19.2554 7.8
      vertex -40.1595 20.0484 7.8
      vertex -40.2472 20.1666 7.8
    endloop
  endfacet
  facet normal 0 0 1
    outer loop
      vertex -39.7071 19.6771 7.8
      vertex -40.2963 18.5747 7.8
      vertex -40.0524 18.4593 7.8
    endloop
  endfacet
  facet normal 0 0 1
    outer loop
      vertex -41.2865 19.4722 7.8
      vertex -40.2472 20.1666 7.8
      vertex -40.3229 20.2929 7.8
    endloop
  endfacet
  facet normal 0 0 1
    outer loop
      vertex -41.4253 19.7037 7.8
      vertex -40.3229 20.2929 7.8
      vertex -40.3858 20.426 7.8
    endloop
  endfacet
  facet normal 0 0 1
    outer loop
      vertex -41.5407 19.9476 7.8
      vertex -40.3858 20.426 7.8
      vertex -40.4354 20.5646 7.8
    endloop
  endfacet
  facet normal 0 0 1
    outer loop
      vertex -41.6316 20.2017 7.8
      vertex -40.4354 20.5646 7.8
      vertex -40.4712 20.7074 7.8
    endloop
  endfacet
  facet normal 0 0 1
    outer loop
      vertex -41.6972 20.4635 7.8
      vertex -40.4712 20.7074 7.8
      vertex -40.4928 20.853 7.8
    endloop
  endfacet
  facet normal 0 0 1
    outer loop
      vertex -39.8334 19.7528 7.8
      vertex -40.5278 18.7135 7.8
      vertex -40.2963 18.5747 7.8
    endloop
  endfacet
  facet normal 0 0 1
    outer loop
      vertex -41.7368 20.7305 7.8
      vertex -40.4928 20.853 7.8
      vertex -40.5 21 7.8
    endloop
  endfacet
  facet normal 0 0 1
    outer loop
      vertex -40.3229 21.7071 7.8
      vertex -41.4253 22.2963 7.8
      vertex -40.3858 21.574 7.8
    endloop
  endfacet
  facet normal -0 0 1
    outer loop
      vertex -41.5407 22.0524 7.8
      vertex -40.3858 21.574 7.8
      vertex -41.4253 22.2963 7.8
    endloop
  endfacet
  facet normal 0 0 1
    outer loop
      vertex -39.9516 19.8405 7.8
      vertex -40.7446 18.8742 7.8
      vertex -40.5278 18.7135 7.8
    endloop
  endfacet
  facet normal 0 0 1
    outer loop
      vertex -40.3858 21.574 7.8
      vertex -41.5407 22.0524 7.8
      vertex -40.4354 21.4354 7.8
    endloop
  endfacet
  facet normal 0 0 1
    outer loop
      vertex -40.0607 19.9393 7.8
      vertex -40.9445 19.0555 7.8
      vertex -40.7446 18.8742 7.8
    endloop
  endfacet
  facet normal -0 0 1
    outer loop
      vertex -41.6316 21.7983 7.8
      vertex -40.4354 21.4354 7.8
      vertex -41.5407 22.0524 7.8
    endloop
  endfacet
  facet normal 0 0 1
    outer loop
      vertex -40.1595 20.0484 7.8
      vertex -41.1258 19.2554 7.8
      vertex -40.9445 19.0555 7.8
    endloop
  endfacet
  facet normal 0 0 1
    outer loop
      vertex -40.4354 21.4354 7.8
      vertex -41.6316 21.7983 7.8
      vertex -40.4712 21.2926 7.8
    endloop
  endfacet
  facet normal 0 0 1
    outer loop
      vertex -40.2472 20.1666 7.8
      vertex -41.2865 19.4722 7.8
      vertex -41.1258 19.2554 7.8
    endloop
  endfacet
  facet normal -0 0 1
    outer loop
      vertex -41.6972 21.5365 7.8
      vertex -40.4712 21.2926 7.8
      vertex -41.6316 21.7983 7.8
    endloop
  endfacet
  facet normal 0 0 1
    outer loop
      vertex -40.3229 20.2929 7.8
      vertex -41.4253 19.7037 7.8
      vertex -41.2865 19.4722 7.8
    endloop
  endfacet
  facet normal 0 0 1
    outer loop
      vertex -40.4712 21.2926 7.8
      vertex -41.6972 21.5365 7.8
      vertex -40.4928 21.147 7.8
    endloop
  endfacet
  facet normal 0 0 1
    outer loop
      vertex -40.3858 20.426 7.8
      vertex -41.5407 19.9476 7.8
      vertex -41.4253 19.7037 7.8
    endloop
  endfacet
  facet normal -0 0 1
    outer loop
      vertex -41.7368 21.2695 7.8
      vertex -40.4928 21.147 7.8
      vertex -41.6972 21.5365 7.8
    endloop
  endfacet
  facet normal 0 0 1
    outer loop
      vertex -40.4354 20.5646 7.8
      vertex -41.6316 20.2017 7.8
      vertex -41.5407 19.9476 7.8
    endloop
  endfacet
  facet normal 0 0 1
    outer loop
      vertex -40.4928 21.147 7.8
      vertex -41.7368 21.2695 7.8
      vertex -40.5 21 7.8
    endloop
  endfacet
  facet normal 0 0 1
    outer loop
      vertex -40.4712 20.7074 7.8
      vertex -41.6972 20.4635 7.8
      vertex -41.6316 20.2017 7.8
    endloop
  endfacet
  facet normal 0 0 1
    outer loop
      vertex -41.75 21 7.8
      vertex -40.5 21 7.8
      vertex -41.7368 21.2695 7.8
    endloop
  endfacet
  facet normal 0 0 1
    outer loop
      vertex -40.4928 20.853 7.8
      vertex -41.7368 20.7305 7.8
      vertex -41.6972 20.4635 7.8
    endloop
  endfacet
  facet normal 0 0 1
    outer loop
      vertex -40.5 21 7.8
      vertex -41.75 21 7.8
      vertex -41.7368 20.7305 7.8
    endloop
  endfacet
  facet normal 0.98918 -0.14671 0
    outer loop
      vertex -36.3028 20.4635 7.8
      vertex -36.2632 20.7305 2
      vertex -36.2632 20.7305 7.8
    endloop
  endfacet
  facet normal 0.98918 -0.14671 0
    outer loop
      vertex -36.2632 20.7305 2
      vertex -36.3028 20.4635 7.8
      vertex -36.3028 20.4635 2
    endloop
  endfacet
  facet normal 0.803367 -0.595485 0
    outer loop
      vertex -36.8742 19.2554 7.8
      vertex -36.7135 19.4722 2
      vertex -36.7135 19.4722 7.8
    endloop
  endfacet
  facet normal 0.803367 -0.595485 0
    outer loop
      vertex -36.7135 19.4722 2
      vertex -36.8742 19.2554 7.8
      vertex -36.8742 19.2554 2
    endloop
  endfacet
  facet normal 0.857656 -0.514223 0
    outer loop
      vertex -36.7135 19.4722 7.8
      vertex -36.5747 19.7037 2
      vertex -36.5747 19.7037 7.8
    endloop
  endfacet
  facet normal 0.857656 -0.514223 0
    outer loop
      vertex -36.5747 19.7037 2
      vertex -36.7135 19.4722 7.8
      vertex -36.7135 19.4722 2
    endloop
  endfacet
  facet normal 0.243059 -0.970012 0
    outer loop
      vertex -38.4635 18.3028 2
      vertex -38.2017 18.3684 7.8
      vertex -38.4635 18.3028 7.8
    endloop
  endfacet
  facet normal 0.243059 -0.970012 0
    outer loop
      vertex -38.2017 18.3684 7.8
      vertex -38.4635 18.3028 2
      vertex -38.2017 18.3684 2
    endloop
  endfacet
  facet normal 0.427688 -0.903926 0
    outer loop
      vertex -37.9476 18.4593 2
      vertex -37.7037 18.5747 7.8
      vertex -37.9476 18.4593 7.8
    endloop
  endfacet
  facet normal 0.427688 -0.903926 0
    outer loop
      vertex -37.7037 18.5747 7.8
      vertex -37.9476 18.4593 2
      vertex -37.7037 18.5747 2
    endloop
  endfacet
  facet normal 0.595485 -0.803367 0
    outer loop
      vertex -37.4722 18.7135 2
      vertex -37.2554 18.8742 7.8
      vertex -37.4722 18.7135 7.8
    endloop
  endfacet
  facet normal 0.595485 -0.803367 0
    outer loop
      vertex -37.2554 18.8742 7.8
      vertex -37.4722 18.7135 2
      vertex -37.2554 18.8742 2
    endloop
  endfacet
  facet normal -0.243059 -0.970012 0
    outer loop
      vertex -39.7983 18.3684 2
      vertex -39.5365 18.3028 7.8
      vertex -39.7983 18.3684 7.8
    endloop
  endfacet
  facet normal -0.243059 -0.970012 -0
    outer loop
      vertex -39.5365 18.3028 7.8
      vertex -39.7983 18.3684 2
      vertex -39.5365 18.3028 2
    endloop
  endfacet
  facet normal -0.427688 -0.903926 0
    outer loop
      vertex -40.2963 18.5747 2
      vertex -40.0524 18.4593 7.8
      vertex -40.2963 18.5747 7.8
    endloop
  endfacet
  facet normal -0.427688 -0.903926 -0
    outer loop
      vertex -40.0524 18.4593 7.8
      vertex -40.2963 18.5747 2
      vertex -40.0524 18.4593 2
    endloop
  endfacet
  facet normal -0.595485 -0.803367 0
    outer loop
      vertex -40.7446 18.8742 2
      vertex -40.5278 18.7135 7.8
      vertex -40.7446 18.8742 7.8
    endloop
  endfacet
  facet normal -0.595485 -0.803367 -0
    outer loop
      vertex -40.5278 18.7135 7.8
      vertex -40.7446 18.8742 2
      vertex -40.5278 18.7135 2
    endloop
  endfacet
  facet normal -0.941566 -0.336829 0
    outer loop
      vertex -41.5407 19.9476 2
      vertex -41.6316 20.2017 7.8
      vertex -41.6316 20.2017 2
    endloop
  endfacet
  facet normal -0.941566 -0.336829 0
    outer loop
      vertex -41.6316 20.2017 7.8
      vertex -41.5407 19.9476 2
      vertex -41.5407 19.9476 7.8
    endloop
  endfacet
  facet normal -0.98918 -0.14671 0
    outer loop
      vertex -41.6972 20.4635 2
      vertex -41.7368 20.7305 7.8
      vertex -41.7368 20.7305 2
    endloop
  endfacet
  facet normal -0.98918 -0.14671 0
    outer loop
      vertex -41.7368 20.7305 7.8
      vertex -41.6972 20.4635 2
      vertex -41.6972 20.4635 7.8
    endloop
  endfacet
  facet normal 0.970012 -0.243059 0
    outer loop
      vertex -36.3684 20.2017 7.8
      vertex -36.3028 20.4635 2
      vertex -36.3028 20.4635 7.8
    endloop
  endfacet
  facet normal 0.970012 -0.243059 0
    outer loop
      vertex -36.3028 20.4635 2
      vertex -36.3684 20.2017 7.8
      vertex -36.3684 20.2017 2
    endloop
  endfacet
  facet normal 0.941566 -0.336829 0
    outer loop
      vertex -36.4593 19.9476 7.8
      vertex -36.3684 20.2017 2
      vertex -36.3684 20.2017 7.8
    endloop
  endfacet
  facet normal 0.941566 -0.336829 0
    outer loop
      vertex -36.3684 20.2017 2
      vertex -36.4593 19.9476 7.8
      vertex -36.4593 19.9476 2
    endloop
  endfacet
  facet normal 0.336829 -0.941566 0
    outer loop
      vertex -38.2017 18.3684 2
      vertex -37.9476 18.4593 7.8
      vertex -38.2017 18.3684 7.8
    endloop
  endfacet
  facet normal 0.336829 -0.941566 0
    outer loop
      vertex -37.9476 18.4593 7.8
      vertex -38.2017 18.3684 2
      vertex -37.9476 18.4593 2
    endloop
  endfacet
  facet normal 0.998803 0.0489209 0
    outer loop
      vertex -37.5 21 9.19
      vertex -37.5072 21.147 7.8
      vertex -37.5072 21.147 9.19
    endloop
  endfacet
  facet normal 0.998803 0.0489209 0
    outer loop
      vertex -37.5072 21.147 7.8
      vertex -37.5 21 9.19
      vertex -37.5 21 7.8
    endloop
  endfacet
  facet normal -0.998803 0.0489209 0
    outer loop
      vertex -40.5 21 7.8
      vertex -40.4928 21.147 9.19
      vertex -40.4928 21.147 7.8
    endloop
  endfacet
  facet normal -0.998803 0.0489209 0
    outer loop
      vertex -40.4928 21.147 9.19
      vertex -40.5 21 7.8
      vertex -40.5 21 9.19
    endloop
  endfacet
  facet normal 0.0489209 0.998803 -0
    outer loop
      vertex -38.853 22.4928 7.8
      vertex -39 22.5 9.19
      vertex -38.853 22.4928 9.19
    endloop
  endfacet
  facet normal 0.0489209 0.998803 0
    outer loop
      vertex -39 22.5 9.19
      vertex -38.853 22.4928 7.8
      vertex -39 22.5 7.8
    endloop
  endfacet
  facet normal -0.0489209 -0.998803 0
    outer loop
      vertex -39.147 19.5072 7.8
      vertex -39 19.5 9.19
      vertex -39.147 19.5072 9.19
    endloop
  endfacet
  facet normal -0.0489209 -0.998803 -0
    outer loop
      vertex -39 19.5 9.19
      vertex -39.147 19.5072 7.8
      vertex -39 19.5 7.8
    endloop
  endfacet
  facet normal -0.74123 -0.671251 0
    outer loop
      vertex -40.0607 19.9393 7.8
      vertex -40.1595 20.0484 9.19
      vertex -40.1595 20.0484 7.8
    endloop
  endfacet
  facet normal -0.74123 -0.671251 0
    outer loop
      vertex -40.1595 20.0484 9.19
      vertex -40.0607 19.9393 7.8
      vertex -40.0607 19.9393 9.19
    endloop
  endfacet
  facet normal 0.671251 0.74123 -0
    outer loop
      vertex -37.9393 22.0607 7.8
      vertex -38.0484 22.1595 9.19
      vertex -37.9393 22.0607 9.19
    endloop
  endfacet
  facet normal 0.671251 0.74123 0
    outer loop
      vertex -38.0484 22.1595 9.19
      vertex -37.9393 22.0607 7.8
      vertex -38.0484 22.1595 7.8
    endloop
  endfacet
  facet normal -0.671251 0.74123 0
    outer loop
      vertex -39.9516 22.1595 7.8
      vertex -40.0607 22.0607 9.19
      vertex -39.9516 22.1595 9.19
    endloop
  endfacet
  facet normal -0.671251 0.74123 0
    outer loop
      vertex -40.0607 22.0607 9.19
      vertex -39.9516 22.1595 7.8
      vertex -40.0607 22.0607 7.8
    endloop
  endfacet
  facet normal -0.336939 0.941527 0
    outer loop
      vertex -39.4354 22.4354 7.8
      vertex -39.574 22.3858 9.19
      vertex -39.4354 22.4354 9.19
    endloop
  endfacet
  facet normal -0.336939 0.941527 0
    outer loop
      vertex -39.574 22.3858 9.19
      vertex -39.4354 22.4354 7.8
      vertex -39.574 22.3858 7.8
    endloop
  endfacet
  facet normal -0.941527 -0.336939 0
    outer loop
      vertex -40.3858 20.426 7.8
      vertex -40.4354 20.5646 9.19
      vertex -40.4354 20.5646 7.8
    endloop
  endfacet
  facet normal -0.941527 -0.336939 0
    outer loop
      vertex -40.4354 20.5646 9.19
      vertex -40.3858 20.426 7.8
      vertex -40.3858 20.426 9.19
    endloop
  endfacet
  facet normal 0.904125 0.427269 0
    outer loop
      vertex -37.6142 21.574 9.19
      vertex -37.6771 21.7071 7.8
      vertex -37.6771 21.7071 9.19
    endloop
  endfacet
  facet normal 0.904125 0.427269 0
    outer loop
      vertex -37.6771 21.7071 7.8
      vertex -37.6142 21.574 9.19
      vertex -37.6142 21.574 7.8
    endloop
  endfacet
  facet normal 0.336939 0.941527 -0
    outer loop
      vertex -38.426 22.3858 7.8
      vertex -38.5646 22.4354 9.19
      vertex -38.426 22.3858 9.19
    endloop
  endfacet
  facet normal 0.336939 0.941527 0
    outer loop
      vertex -38.5646 22.4354 9.19
      vertex -38.426 22.3858 7.8
      vertex -38.5646 22.4354 7.8
    endloop
  endfacet
  facet normal 0.514096 0.857733 -0
    outer loop
      vertex -38.1666 22.2472 7.8
      vertex -38.2929 22.3229 9.19
      vertex -38.1666 22.2472 9.19
    endloop
  endfacet
  facet normal 0.514096 0.857733 0
    outer loop
      vertex -38.2929 22.3229 9.19
      vertex -38.1666 22.2472 7.8
      vertex -38.2929 22.3229 7.8
    endloop
  endfacet
  facet normal -0.904125 0.427269 0
    outer loop
      vertex -40.3858 21.574 7.8
      vertex -40.3229 21.7071 9.19
      vertex -40.3229 21.7071 7.8
    endloop
  endfacet
  facet normal -0.904125 0.427269 0
    outer loop
      vertex -40.3229 21.7071 9.19
      vertex -40.3858 21.574 7.8
      vertex -40.3858 21.574 9.19
    endloop
  endfacet
  facet normal -0.146746 0.989174 0
    outer loop
      vertex -39.147 22.4928 7.8
      vertex -39.2926 22.4712 9.19
      vertex -39.147 22.4928 9.19
    endloop
  endfacet
  facet normal -0.146746 0.989174 0
    outer loop
      vertex -39.2926 22.4712 9.19
      vertex -39.147 22.4928 7.8
      vertex -39.2926 22.4712 7.8
    endloop
  endfacet
  facet normal 0.941527 -0.336939 0
    outer loop
      vertex -37.6142 20.426 9.19
      vertex -37.5646 20.5646 7.8
      vertex -37.5646 20.5646 9.19
    endloop
  endfacet
  facet normal 0.941527 -0.336939 0
    outer loop
      vertex -37.5646 20.5646 7.8
      vertex -37.6142 20.426 9.19
      vertex -37.6142 20.426 7.8
    endloop
  endfacet
  facet normal 0.969982 -0.243175 0
    outer loop
      vertex -37.5646 20.5646 9.19
      vertex -37.5288 20.7074 7.8
      vertex -37.5288 20.7074 9.19
    endloop
  endfacet
  facet normal 0.969982 -0.243175 0
    outer loop
      vertex -37.5288 20.7074 7.8
      vertex -37.5646 20.5646 9.19
      vertex -37.5646 20.5646 7.8
    endloop
  endfacet
  facet normal 0.969982 0.243175 0
    outer loop
      vertex -37.5288 21.2926 9.19
      vertex -37.5646 21.4354 7.8
      vertex -37.5646 21.4354 9.19
    endloop
  endfacet
  facet normal 0.969982 0.243175 0
    outer loop
      vertex -37.5646 21.4354 7.8
      vertex -37.5288 21.2926 9.19
      vertex -37.5288 21.2926 7.8
    endloop
  endfacet
  facet normal 0.989174 0.146746 0
    outer loop
      vertex -37.5072 21.147 9.19
      vertex -37.5288 21.2926 7.8
      vertex -37.5288 21.2926 9.19
    endloop
  endfacet
  facet normal 0.989174 0.146746 0
    outer loop
      vertex -37.5288 21.2926 7.8
      vertex -37.5072 21.147 9.19
      vertex -37.5072 21.147 7.8
    endloop
  endfacet
  facet normal 0.941527 0.336939 0
    outer loop
      vertex -37.5646 21.4354 9.19
      vertex -37.6142 21.574 7.8
      vertex -37.6142 21.574 9.19
    endloop
  endfacet
  facet normal 0.941527 0.336939 0
    outer loop
      vertex -37.6142 21.574 7.8
      vertex -37.5646 21.4354 9.19
      vertex -37.5646 21.4354 7.8
    endloop
  endfacet
  facet normal 0.803088 0.595861 0
    outer loop
      vertex -37.7528 21.8334 9.19
      vertex -37.8405 21.9516 7.8
      vertex -37.8405 21.9516 9.19
    endloop
  endfacet
  facet normal 0.803088 0.595861 0
    outer loop
      vertex -37.8405 21.9516 7.8
      vertex -37.7528 21.8334 9.19
      vertex -37.7528 21.8334 7.8
    endloop
  endfacet
  facet normal 0.74123 0.671251 0
    outer loop
      vertex -37.8405 21.9516 9.19
      vertex -37.9393 22.0607 7.8
      vertex -37.9393 22.0607 9.19
    endloop
  endfacet
  facet normal 0.74123 0.671251 0
    outer loop
      vertex -37.9393 22.0607 7.8
      vertex -37.8405 21.9516 9.19
      vertex -37.8405 21.9516 7.8
    endloop
  endfacet
  facet normal 0.857733 0.514096 0
    outer loop
      vertex -37.6771 21.7071 9.19
      vertex -37.7528 21.8334 7.8
      vertex -37.7528 21.8334 9.19
    endloop
  endfacet
  facet normal 0.857733 0.514096 0
    outer loop
      vertex -37.7528 21.8334 7.8
      vertex -37.6771 21.7071 9.19
      vertex -37.6771 21.7071 7.8
    endloop
  endfacet
  facet normal 0.243175 0.969982 -0
    outer loop
      vertex -38.5646 22.4354 7.8
      vertex -38.7074 22.4712 9.19
      vertex -38.5646 22.4354 9.19
    endloop
  endfacet
  facet normal 0.243175 0.969982 0
    outer loop
      vertex -38.7074 22.4712 9.19
      vertex -38.5646 22.4354 7.8
      vertex -38.7074 22.4712 7.8
    endloop
  endfacet
  facet normal 0.146746 0.989174 -0
    outer loop
      vertex -38.7074 22.4712 7.8
      vertex -38.853 22.4928 9.19
      vertex -38.7074 22.4712 9.19
    endloop
  endfacet
  facet normal 0.146746 0.989174 0
    outer loop
      vertex -38.853 22.4928 9.19
      vertex -38.7074 22.4712 7.8
      vertex -38.853 22.4928 7.8
    endloop
  endfacet
  facet normal 0.427269 0.904125 -0
    outer loop
      vertex -38.2929 22.3229 7.8
      vertex -38.426 22.3858 9.19
      vertex -38.2929 22.3229 9.19
    endloop
  endfacet
  facet normal 0.427269 0.904125 0
    outer loop
      vertex -38.426 22.3858 9.19
      vertex -38.2929 22.3229 7.8
      vertex -38.426 22.3858 7.8
    endloop
  endfacet
  facet normal 0.595861 0.803088 -0
    outer loop
      vertex -38.0484 22.1595 7.8
      vertex -38.1666 22.2472 9.19
      vertex -38.0484 22.1595 9.19
    endloop
  endfacet
  facet normal 0.595861 0.803088 0
    outer loop
      vertex -38.1666 22.2472 9.19
      vertex -38.0484 22.1595 7.8
      vertex -38.1666 22.2472 7.8
    endloop
  endfacet
  facet normal -0.969982 0.243175 0
    outer loop
      vertex -40.4712 21.2926 7.8
      vertex -40.4354 21.4354 9.19
      vertex -40.4354 21.4354 7.8
    endloop
  endfacet
  facet normal -0.969982 0.243175 0
    outer loop
      vertex -40.4354 21.4354 9.19
      vertex -40.4712 21.2926 7.8
      vertex -40.4712 21.2926 9.19
    endloop
  endfacet
  facet normal -0.803088 0.595861 0
    outer loop
      vertex -40.2472 21.8334 7.8
      vertex -40.1595 21.9516 9.19
      vertex -40.1595 21.9516 7.8
    endloop
  endfacet
  facet normal -0.803088 0.595861 0
    outer loop
      vertex -40.1595 21.9516 9.19
      vertex -40.2472 21.8334 7.8
      vertex -40.2472 21.8334 9.19
    endloop
  endfacet
  facet normal -0.74123 0.671251 0
    outer loop
      vertex -40.1595 21.9516 7.8
      vertex -40.0607 22.0607 9.19
      vertex -40.0607 22.0607 7.8
    endloop
  endfacet
  facet normal -0.74123 0.671251 0
    outer loop
      vertex -40.0607 22.0607 9.19
      vertex -40.1595 21.9516 7.8
      vertex -40.1595 21.9516 9.19
    endloop
  endfacet
  facet normal -0.857733 0.514096 0
    outer loop
      vertex -40.3229 21.7071 7.8
      vertex -40.2472 21.8334 9.19
      vertex -40.2472 21.8334 7.8
    endloop
  endfacet
  facet normal -0.857733 0.514096 0
    outer loop
      vertex -40.2472 21.8334 9.19
      vertex -40.3229 21.7071 7.8
      vertex -40.3229 21.7071 9.19
    endloop
  endfacet
  facet normal -0.941527 0.336939 0
    outer loop
      vertex -40.4354 21.4354 7.8
      vertex -40.3858 21.574 9.19
      vertex -40.3858 21.574 7.8
    endloop
  endfacet
  facet normal -0.941527 0.336939 0
    outer loop
      vertex -40.3858 21.574 9.19
      vertex -40.4354 21.4354 7.8
      vertex -40.4354 21.4354 9.19
    endloop
  endfacet
  facet normal -0.989174 0.146746 0
    outer loop
      vertex -40.4928 21.147 7.8
      vertex -40.4712 21.2926 9.19
      vertex -40.4712 21.2926 7.8
    endloop
  endfacet
  facet normal -0.989174 0.146746 0
    outer loop
      vertex -40.4712 21.2926 9.19
      vertex -40.4928 21.147 7.8
      vertex -40.4928 21.147 9.19
    endloop
  endfacet
  facet normal 0 0 1
    outer loop
      vertex -37.5072 21.147 9.19
      vertex -37.5072 20.853 9.19
      vertex -37.5 21 9.19
    endloop
  endfacet
  facet normal 0 0 1
    outer loop
      vertex -37.5288 21.2926 9.19
      vertex -37.5072 20.853 9.19
      vertex -37.5072 21.147 9.19
    endloop
  endfacet
  facet normal 0 0 1
    outer loop
      vertex -37.5288 21.2926 9.19
      vertex -37.5288 20.7074 9.19
      vertex -37.5072 20.853 9.19
    endloop
  endfacet
  facet normal 0 0 1
    outer loop
      vertex -37.5646 21.4354 9.19
      vertex -37.5288 20.7074 9.19
      vertex -37.5288 21.2926 9.19
    endloop
  endfacet
  facet normal 0 0 1
    outer loop
      vertex -37.5646 21.4354 9.19
      vertex -37.5646 20.5646 9.19
      vertex -37.5288 20.7074 9.19
    endloop
  endfacet
  facet normal 0 0 1
    outer loop
      vertex -37.6142 21.574 9.19
      vertex -37.5646 20.5646 9.19
      vertex -37.5646 21.4354 9.19
    endloop
  endfacet
  facet normal 0 0 1
    outer loop
      vertex -37.6142 21.574 9.19
      vertex -37.6142 20.426 9.19
      vertex -37.5646 20.5646 9.19
    endloop
  endfacet
  facet normal 0 0 1
    outer loop
      vertex -37.6771 21.7071 9.19
      vertex -37.6142 20.426 9.19
      vertex -37.6142 21.574 9.19
    endloop
  endfacet
  facet normal 0 0 1
    outer loop
      vertex -37.6771 21.7071 9.19
      vertex -37.6771 20.2929 9.19
      vertex -37.6142 20.426 9.19
    endloop
  endfacet
  facet normal 0 0 1
    outer loop
      vertex -37.7528 21.8334 9.19
      vertex -37.6771 20.2929 9.19
      vertex -37.6771 21.7071 9.19
    endloop
  endfacet
  facet normal 0 0 1
    outer loop
      vertex -37.7528 21.8334 9.19
      vertex -37.7528 20.1666 9.19
      vertex -37.6771 20.2929 9.19
    endloop
  endfacet
  facet normal 0 0 1
    outer loop
      vertex -37.8405 21.9516 9.19
      vertex -37.7528 20.1666 9.19
      vertex -37.7528 21.8334 9.19
    endloop
  endfacet
  facet normal 0 0 1
    outer loop
      vertex -37.8405 21.9516 9.19
      vertex -37.8405 20.0484 9.19
      vertex -37.7528 20.1666 9.19
    endloop
  endfacet
  facet normal 0 0 1
    outer loop
      vertex -37.9393 22.0607 9.19
      vertex -37.8405 20.0484 9.19
      vertex -37.8405 21.9516 9.19
    endloop
  endfacet
  facet normal 0 0 1
    outer loop
      vertex -37.9393 22.0607 9.19
      vertex -37.9393 19.9393 9.19
      vertex -37.8405 20.0484 9.19
    endloop
  endfacet
  facet normal 0 0 1
    outer loop
      vertex -38.0484 22.1595 9.19
      vertex -37.9393 19.9393 9.19
      vertex -37.9393 22.0607 9.19
    endloop
  endfacet
  facet normal 0 0 1
    outer loop
      vertex -38.0484 22.1595 9.19
      vertex -38.0484 19.8405 9.19
      vertex -37.9393 19.9393 9.19
    endloop
  endfacet
  facet normal 0 0 1
    outer loop
      vertex -38.1666 22.2472 9.19
      vertex -38.0484 19.8405 9.19
      vertex -38.0484 22.1595 9.19
    endloop
  endfacet
  facet normal 0 0 1
    outer loop
      vertex -38.1666 22.2472 9.19
      vertex -38.1666 19.7528 9.19
      vertex -38.0484 19.8405 9.19
    endloop
  endfacet
  facet normal 0 0 1
    outer loop
      vertex -38.2929 22.3229 9.19
      vertex -38.1666 19.7528 9.19
      vertex -38.1666 22.2472 9.19
    endloop
  endfacet
  facet normal 0 0 1
    outer loop
      vertex -38.2929 22.3229 9.19
      vertex -38.2929 19.6771 9.19
      vertex -38.1666 19.7528 9.19
    endloop
  endfacet
  facet normal 0 0 1
    outer loop
      vertex -38.426 22.3858 9.19
      vertex -38.2929 19.6771 9.19
      vertex -38.2929 22.3229 9.19
    endloop
  endfacet
  facet normal 0 0 1
    outer loop
      vertex -38.426 22.3858 9.19
      vertex -38.426 19.6142 9.19
      vertex -38.2929 19.6771 9.19
    endloop
  endfacet
  facet normal 0 0 1
    outer loop
      vertex -38.5646 22.4354 9.19
      vertex -38.426 19.6142 9.19
      vertex -38.426 22.3858 9.19
    endloop
  endfacet
  facet normal 0 0 1
    outer loop
      vertex -38.5646 22.4354 9.19
      vertex -38.5646 19.5646 9.19
      vertex -38.426 19.6142 9.19
    endloop
  endfacet
  facet normal 0 0 1
    outer loop
      vertex -38.7074 22.4712 9.19
      vertex -38.5646 19.5646 9.19
      vertex -38.5646 22.4354 9.19
    endloop
  endfacet
  facet normal 0 0 1
    outer loop
      vertex -38.7074 22.4712 9.19
      vertex -38.7074 19.5288 9.19
      vertex -38.5646 19.5646 9.19
    endloop
  endfacet
  facet normal 0 0 1
    outer loop
      vertex -38.853 22.4928 9.19
      vertex -38.7074 19.5288 9.19
      vertex -38.7074 22.4712 9.19
    endloop
  endfacet
  facet normal 0 0 1
    outer loop
      vertex -38.853 22.4928 9.19
      vertex -38.853 19.5072 9.19
      vertex -38.7074 19.5288 9.19
    endloop
  endfacet
  facet normal 0 0 1
    outer loop
      vertex -39 22.5 9.19
      vertex -38.853 19.5072 9.19
      vertex -38.853 22.4928 9.19
    endloop
  endfacet
  facet normal 0 0 1
    outer loop
      vertex -39 22.5 9.19
      vertex -39 19.5 9.19
      vertex -38.853 19.5072 9.19
    endloop
  endfacet
  facet normal -0 0 1
    outer loop
      vertex -39.147 22.4928 9.19
      vertex -39 19.5 9.19
      vertex -39 22.5 9.19
    endloop
  endfacet
  facet normal 0 0 1
    outer loop
      vertex -39.147 22.4928 9.19
      vertex -39.147 19.5072 9.19
      vertex -39 19.5 9.19
    endloop
  endfacet
  facet normal -0 0 1
    outer loop
      vertex -39.2926 22.4712 9.19
      vertex -39.147 19.5072 9.19
      vertex -39.147 22.4928 9.19
    endloop
  endfacet
  facet normal 0 0 1
    outer loop
      vertex -39.2926 22.4712 9.19
      vertex -39.2926 19.5288 9.19
      vertex -39.147 19.5072 9.19
    endloop
  endfacet
  facet normal -0 0 1
    outer loop
      vertex -39.4354 22.4354 9.19
      vertex -39.2926 19.5288 9.19
      vertex -39.2926 22.4712 9.19
    endloop
  endfacet
  facet normal 0 0 1
    outer loop
      vertex -39.4354 22.4354 9.19
      vertex -39.4354 19.5646 9.19
      vertex -39.2926 19.5288 9.19
    endloop
  endfacet
  facet normal -0 0 1
    outer loop
      vertex -39.574 22.3858 9.19
      vertex -39.4354 19.5646 9.19
      vertex -39.4354 22.4354 9.19
    endloop
  endfacet
  facet normal 0 0 1
    outer loop
      vertex -39.574 22.3858 9.19
      vertex -39.574 19.6142 9.19
      vertex -39.4354 19.5646 9.19
    endloop
  endfacet
  facet normal -0 0 1
    outer loop
      vertex -39.7071 22.3229 9.19
      vertex -39.574 19.6142 9.19
      vertex -39.574 22.3858 9.19
    endloop
  endfacet
  facet normal 0 0 1
    outer loop
      vertex -39.7071 22.3229 9.19
      vertex -39.7071 19.6771 9.19
      vertex -39.574 19.6142 9.19
    endloop
  endfacet
  facet normal -0 0 1
    outer loop
      vertex -39.8334 22.2472 9.19
      vertex -39.7071 19.6771 9.19
      vertex -39.7071 22.3229 9.19
    endloop
  endfacet
  facet normal 0 0 1
    outer loop
      vertex -39.8334 22.2472 9.19
      vertex -39.8334 19.7528 9.19
      vertex -39.7071 19.6771 9.19
    endloop
  endfacet
  facet normal -0 0 1
    outer loop
      vertex -39.9516 22.1595 9.19
      vertex -39.8334 19.7528 9.19
      vertex -39.8334 22.2472 9.19
    endloop
  endfacet
  facet normal 0 0 1
    outer loop
      vertex -39.9516 22.1595 9.19
      vertex -39.9516 19.8405 9.19
      vertex -39.8334 19.7528 9.19
    endloop
  endfacet
  facet normal -0 0 1
    outer loop
      vertex -40.0607 22.0607 9.19
      vertex -39.9516 19.8405 9.19
      vertex -39.9516 22.1595 9.19
    endloop
  endfacet
  facet normal 0 0 1
    outer loop
      vertex -40.0607 22.0607 9.19
      vertex -40.0607 19.9393 9.19
      vertex -39.9516 19.8405 9.19
    endloop
  endfacet
  facet normal -0 0 1
    outer loop
      vertex -40.1595 21.9516 9.19
      vertex -40.0607 19.9393 9.19
      vertex -40.0607 22.0607 9.19
    endloop
  endfacet
  facet normal 0 0 1
    outer loop
      vertex -40.1595 21.9516 9.19
      vertex -40.1595 20.0484 9.19
      vertex -40.0607 19.9393 9.19
    endloop
  endfacet
  facet normal -0 0 1
    outer loop
      vertex -40.2472 21.8334 9.19
      vertex -40.1595 20.0484 9.19
      vertex -40.1595 21.9516 9.19
    endloop
  endfacet
  facet normal 0 0 1
    outer loop
      vertex -40.2472 21.8334 9.19
      vertex -40.2472 20.1666 9.19
      vertex -40.1595 20.0484 9.19
    endloop
  endfacet
  facet normal -0 0 1
    outer loop
      vertex -40.3229 21.7071 9.19
      vertex -40.2472 20.1666 9.19
      vertex -40.2472 21.8334 9.19
    endloop
  endfacet
  facet normal 0 0 1
    outer loop
      vertex -40.3229 21.7071 9.19
      vertex -40.3229 20.2929 9.19
      vertex -40.2472 20.1666 9.19
    endloop
  endfacet
  facet normal -0 0 1
    outer loop
      vertex -40.3858 21.574 9.19
      vertex -40.3229 20.2929 9.19
      vertex -40.3229 21.7071 9.19
    endloop
  endfacet
  facet normal 0 0 1
    outer loop
      vertex -40.3858 21.574 9.19
      vertex -40.3858 20.426 9.19
      vertex -40.3229 20.2929 9.19
    endloop
  endfacet
  facet normal -0 0 1
    outer loop
      vertex -40.4354 21.4354 9.19
      vertex -40.3858 20.426 9.19
      vertex -40.3858 21.574 9.19
    endloop
  endfacet
  facet normal 0 0 1
    outer loop
      vertex -40.4354 21.4354 9.19
      vertex -40.4354 20.5646 9.19
      vertex -40.3858 20.426 9.19
    endloop
  endfacet
  facet normal -0 0 1
    outer loop
      vertex -40.4712 21.2926 9.19
      vertex -40.4354 20.5646 9.19
      vertex -40.4354 21.4354 9.19
    endloop
  endfacet
  facet normal 0 0 1
    outer loop
      vertex -40.4712 21.2926 9.19
      vertex -40.4712 20.7074 9.19
      vertex -40.4354 20.5646 9.19
    endloop
  endfacet
  facet normal -0 0 1
    outer loop
      vertex -40.4928 21.147 9.19
      vertex -40.4712 20.7074 9.19
      vertex -40.4712 21.2926 9.19
    endloop
  endfacet
  facet normal 0 0 1
    outer loop
      vertex -40.4928 21.147 9.19
      vertex -40.4928 20.853 9.19
      vertex -40.4712 20.7074 9.19
    endloop
  endfacet
  facet normal 0 -0 1
    outer loop
      vertex -40.4928 20.853 9.19
      vertex -40.4928 21.147 9.19
      vertex -40.5 21 9.19
    endloop
  endfacet
  facet normal -0.514096 0.857733 0
    outer loop
      vertex -39.7071 22.3229 7.8
      vertex -39.8334 22.2472 9.19
      vertex -39.7071 22.3229 9.19
    endloop
  endfacet
  facet normal -0.514096 0.857733 0
    outer loop
      vertex -39.8334 22.2472 9.19
      vertex -39.7071 22.3229 7.8
      vertex -39.8334 22.2472 7.8
    endloop
  endfacet
  facet normal -0.427269 0.904125 0
    outer loop
      vertex -39.574 22.3858 7.8
      vertex -39.7071 22.3229 9.19
      vertex -39.574 22.3858 9.19
    endloop
  endfacet
  facet normal -0.427269 0.904125 0
    outer loop
      vertex -39.7071 22.3229 9.19
      vertex -39.574 22.3858 7.8
      vertex -39.7071 22.3229 7.8
    endloop
  endfacet
  facet normal -0.595861 0.803088 0
    outer loop
      vertex -39.8334 22.2472 7.8
      vertex -39.9516 22.1595 9.19
      vertex -39.8334 22.2472 9.19
    endloop
  endfacet
  facet normal -0.595861 0.803088 0
    outer loop
      vertex -39.9516 22.1595 9.19
      vertex -39.8334 22.2472 7.8
      vertex -39.9516 22.1595 7.8
    endloop
  endfacet
  facet normal -0.243175 0.969982 0
    outer loop
      vertex -39.2926 22.4712 7.8
      vertex -39.4354 22.4354 9.19
      vertex -39.2926 22.4712 9.19
    endloop
  endfacet
  facet normal -0.243175 0.969982 0
    outer loop
      vertex -39.4354 22.4354 9.19
      vertex -39.2926 22.4712 7.8
      vertex -39.4354 22.4354 7.8
    endloop
  endfacet
  facet normal -0.0489209 0.998803 0
    outer loop
      vertex -39 22.5 7.8
      vertex -39.147 22.4928 9.19
      vertex -39 22.5 9.19
    endloop
  endfacet
  facet normal -0.0489209 0.998803 0
    outer loop
      vertex -39.147 22.4928 9.19
      vertex -39 22.5 7.8
      vertex -39.147 22.4928 7.8
    endloop
  endfacet
  facet normal 0.0489209 -0.998803 0
    outer loop
      vertex -39 19.5 7.8
      vertex -38.853 19.5072 9.19
      vertex -39 19.5 9.19
    endloop
  endfacet
  facet normal 0.0489209 -0.998803 0
    outer loop
      vertex -38.853 19.5072 9.19
      vertex -39 19.5 7.8
      vertex -38.853 19.5072 7.8
    endloop
  endfacet
  facet normal 0.336939 -0.941527 0
    outer loop
      vertex -38.5646 19.5646 7.8
      vertex -38.426 19.6142 9.19
      vertex -38.5646 19.5646 9.19
    endloop
  endfacet
  facet normal 0.336939 -0.941527 0
    outer loop
      vertex -38.426 19.6142 9.19
      vertex -38.5646 19.5646 7.8
      vertex -38.426 19.6142 7.8
    endloop
  endfacet
  facet normal 0.671251 -0.74123 0
    outer loop
      vertex -38.0484 19.8405 7.8
      vertex -37.9393 19.9393 9.19
      vertex -38.0484 19.8405 9.19
    endloop
  endfacet
  facet normal 0.671251 -0.74123 0
    outer loop
      vertex -37.9393 19.9393 9.19
      vertex -38.0484 19.8405 7.8
      vertex -37.9393 19.9393 7.8
    endloop
  endfacet
  facet normal 0.514096 -0.857733 0
    outer loop
      vertex -38.2929 19.6771 7.8
      vertex -38.1666 19.7528 9.19
      vertex -38.2929 19.6771 9.19
    endloop
  endfacet
  facet normal 0.514096 -0.857733 0
    outer loop
      vertex -38.1666 19.7528 9.19
      vertex -38.2929 19.6771 7.8
      vertex -38.1666 19.7528 7.8
    endloop
  endfacet
  facet normal 0.803088 -0.595861 0
    outer loop
      vertex -37.8405 20.0484 9.19
      vertex -37.7528 20.1666 7.8
      vertex -37.7528 20.1666 9.19
    endloop
  endfacet
  facet normal 0.803088 -0.595861 0
    outer loop
      vertex -37.7528 20.1666 7.8
      vertex -37.8405 20.0484 9.19
      vertex -37.8405 20.0484 7.8
    endloop
  endfacet
  facet normal 0.904125 -0.427269 0
    outer loop
      vertex -37.6771 20.2929 9.19
      vertex -37.6142 20.426 7.8
      vertex -37.6142 20.426 9.19
    endloop
  endfacet
  facet normal 0.904125 -0.427269 0
    outer loop
      vertex -37.6142 20.426 7.8
      vertex -37.6771 20.2929 9.19
      vertex -37.6771 20.2929 7.8
    endloop
  endfacet
  facet normal -0.671251 -0.74123 0
    outer loop
      vertex -40.0607 19.9393 7.8
      vertex -39.9516 19.8405 9.19
      vertex -40.0607 19.9393 9.19
    endloop
  endfacet
  facet normal -0.671251 -0.74123 -0
    outer loop
      vertex -39.9516 19.8405 9.19
      vertex -40.0607 19.9393 7.8
      vertex -39.9516 19.8405 7.8
    endloop
  endfacet
  facet normal -0.514096 -0.857733 0
    outer loop
      vertex -39.8334 19.7528 7.8
      vertex -39.7071 19.6771 9.19
      vertex -39.8334 19.7528 9.19
    endloop
  endfacet
  facet normal -0.514096 -0.857733 -0
    outer loop
      vertex -39.7071 19.6771 9.19
      vertex -39.8334 19.7528 7.8
      vertex -39.7071 19.6771 7.8
    endloop
  endfacet
  facet normal -0.336939 -0.941527 0
    outer loop
      vertex -39.574 19.6142 7.8
      vertex -39.4354 19.5646 9.19
      vertex -39.574 19.6142 9.19
    endloop
  endfacet
  facet normal -0.336939 -0.941527 -0
    outer loop
      vertex -39.4354 19.5646 9.19
      vertex -39.574 19.6142 7.8
      vertex -39.4354 19.5646 7.8
    endloop
  endfacet
  facet normal -0.146746 -0.989174 0
    outer loop
      vertex -39.2926 19.5288 7.8
      vertex -39.147 19.5072 9.19
      vertex -39.2926 19.5288 9.19
    endloop
  endfacet
  facet normal -0.146746 -0.989174 -0
    outer loop
      vertex -39.147 19.5072 9.19
      vertex -39.2926 19.5288 7.8
      vertex -39.147 19.5072 7.8
    endloop
  endfacet
  facet normal -0.904125 -0.427269 0
    outer loop
      vertex -40.3229 20.2929 7.8
      vertex -40.3858 20.426 9.19
      vertex -40.3858 20.426 7.8
    endloop
  endfacet
  facet normal -0.904125 -0.427269 0
    outer loop
      vertex -40.3858 20.426 9.19
      vertex -40.3229 20.2929 7.8
      vertex -40.3229 20.2929 9.19
    endloop
  endfacet
  facet normal -0.803088 -0.595861 0
    outer loop
      vertex -40.1595 20.0484 7.8
      vertex -40.2472 20.1666 9.19
      vertex -40.2472 20.1666 7.8
    endloop
  endfacet
  facet normal -0.803088 -0.595861 0
    outer loop
      vertex -40.2472 20.1666 9.19
      vertex -40.1595 20.0484 7.8
      vertex -40.1595 20.0484 9.19
    endloop
  endfacet
  facet normal -0.969982 -0.243175 0
    outer loop
      vertex -40.4354 20.5646 7.8
      vertex -40.4712 20.7074 9.19
      vertex -40.4712 20.7074 7.8
    endloop
  endfacet
  facet normal -0.969982 -0.243175 0
    outer loop
      vertex -40.4712 20.7074 9.19
      vertex -40.4354 20.5646 7.8
      vertex -40.4354 20.5646 9.19
    endloop
  endfacet
  facet normal -0.998803 -0.0489209 0
    outer loop
      vertex -40.4928 20.853 7.8
      vertex -40.5 21 9.19
      vertex -40.5 21 7.8
    endloop
  endfacet
  facet normal -0.998803 -0.0489209 0
    outer loop
      vertex -40.5 21 9.19
      vertex -40.4928 20.853 7.8
      vertex -40.4928 20.853 9.19
    endloop
  endfacet
  facet normal 0.146746 -0.989174 0
    outer loop
      vertex -38.853 19.5072 7.8
      vertex -38.7074 19.5288 9.19
      vertex -38.853 19.5072 9.19
    endloop
  endfacet
  facet normal 0.146746 -0.989174 0
    outer loop
      vertex -38.7074 19.5288 9.19
      vertex -38.853 19.5072 7.8
      vertex -38.7074 19.5288 7.8
    endloop
  endfacet
  facet normal 0.427269 -0.904125 0
    outer loop
      vertex -38.426 19.6142 7.8
      vertex -38.2929 19.6771 9.19
      vertex -38.426 19.6142 9.19
    endloop
  endfacet
  facet normal 0.427269 -0.904125 0
    outer loop
      vertex -38.2929 19.6771 9.19
      vertex -38.426 19.6142 7.8
      vertex -38.2929 19.6771 7.8
    endloop
  endfacet
  facet normal 0.74123 -0.671251 0
    outer loop
      vertex -37.9393 19.9393 9.19
      vertex -37.8405 20.0484 7.8
      vertex -37.8405 20.0484 9.19
    endloop
  endfacet
  facet normal 0.74123 -0.671251 0
    outer loop
      vertex -37.8405 20.0484 7.8
      vertex -37.9393 19.9393 9.19
      vertex -37.9393 19.9393 7.8
    endloop
  endfacet
  facet normal 0.595861 -0.803088 0
    outer loop
      vertex -38.1666 19.7528 7.8
      vertex -38.0484 19.8405 9.19
      vertex -38.1666 19.7528 9.19
    endloop
  endfacet
  facet normal 0.595861 -0.803088 0
    outer loop
      vertex -38.0484 19.8405 9.19
      vertex -38.1666 19.7528 7.8
      vertex -38.0484 19.8405 7.8
    endloop
  endfacet
  facet normal 0.857733 -0.514096 0
    outer loop
      vertex -37.7528 20.1666 9.19
      vertex -37.6771 20.2929 7.8
      vertex -37.6771 20.2929 9.19
    endloop
  endfacet
  facet normal 0.857733 -0.514096 0
    outer loop
      vertex -37.6771 20.2929 7.8
      vertex -37.7528 20.1666 9.19
      vertex -37.7528 20.1666 7.8
    endloop
  endfacet
  facet normal 0.989174 -0.146746 0
    outer loop
      vertex -37.5288 20.7074 9.19
      vertex -37.5072 20.853 7.8
      vertex -37.5072 20.853 9.19
    endloop
  endfacet
  facet normal 0.989174 -0.146746 0
    outer loop
      vertex -37.5072 20.853 7.8
      vertex -37.5288 20.7074 9.19
      vertex -37.5288 20.7074 7.8
    endloop
  endfacet
  facet normal 0.998803 -0.0489209 0
    outer loop
      vertex -37.5072 20.853 9.19
      vertex -37.5 21 7.8
      vertex -37.5 21 9.19
    endloop
  endfacet
  facet normal 0.998803 -0.0489209 0
    outer loop
      vertex -37.5 21 7.8
      vertex -37.5072 20.853 9.19
      vertex -37.5072 20.853 7.8
    endloop
  endfacet
  facet normal -0.595861 -0.803088 0
    outer loop
      vertex -39.9516 19.8405 7.8
      vertex -39.8334 19.7528 9.19
      vertex -39.9516 19.8405 9.19
    endloop
  endfacet
  facet normal -0.595861 -0.803088 -0
    outer loop
      vertex -39.8334 19.7528 9.19
      vertex -39.9516 19.8405 7.8
      vertex -39.8334 19.7528 7.8
    endloop
  endfacet
  facet normal -0.427269 -0.904125 0
    outer loop
      vertex -39.7071 19.6771 7.8
      vertex -39.574 19.6142 9.19
      vertex -39.7071 19.6771 9.19
    endloop
  endfacet
  facet normal -0.427269 -0.904125 -0
    outer loop
      vertex -39.574 19.6142 9.19
      vertex -39.7071 19.6771 7.8
      vertex -39.574 19.6142 7.8
    endloop
  endfacet
  facet normal -0.243175 -0.969982 0
    outer loop
      vertex -39.4354 19.5646 7.8
      vertex -39.2926 19.5288 9.19
      vertex -39.4354 19.5646 9.19
    endloop
  endfacet
  facet normal -0.243175 -0.969982 -0
    outer loop
      vertex -39.2926 19.5288 9.19
      vertex -39.4354 19.5646 7.8
      vertex -39.2926 19.5288 7.8
    endloop
  endfacet
  facet normal -0.857733 -0.514096 0
    outer loop
      vertex -40.2472 20.1666 7.8
      vertex -40.3229 20.2929 9.19
      vertex -40.3229 20.2929 7.8
    endloop
  endfacet
  facet normal -0.857733 -0.514096 0
    outer loop
      vertex -40.3229 20.2929 9.19
      vertex -40.2472 20.1666 7.8
      vertex -40.2472 20.1666 9.19
    endloop
  endfacet
  facet normal -0.989174 -0.146746 0
    outer loop
      vertex -40.4712 20.7074 7.8
      vertex -40.4928 20.853 9.19
      vertex -40.4928 20.853 7.8
    endloop
  endfacet
  facet normal -0.989174 -0.146746 0
    outer loop
      vertex -40.4928 20.853 9.19
      vertex -40.4712 20.7074 7.8
      vertex -40.4712 20.7074 9.19
    endloop
  endfacet
  facet normal 0.243175 -0.969982 0
    outer loop
      vertex -38.7074 19.5288 7.8
      vertex -38.5646 19.5646 9.19
      vertex -38.7074 19.5288 9.19
    endloop
  endfacet
  facet normal 0.243175 -0.969982 0
    outer loop
      vertex -38.5646 19.5646 9.19
      vertex -38.7074 19.5288 7.8
      vertex -38.5646 19.5646 7.8
    endloop
  endfacet
  facet normal 0.595485 0.803367 -0
    outer loop
      vertex 40.7446 -18.8742 2
      vertex 40.5278 -18.7135 7.8
      vertex 40.7446 -18.8742 7.8
    endloop
  endfacet
  facet normal 0.595485 0.803367 0
    outer loop
      vertex 40.5278 -18.7135 7.8
      vertex 40.7446 -18.8742 2
      vertex 40.5278 -18.7135 2
    endloop
  endfacet
  facet normal 0.998803 -0.0489209 0
    outer loop
      vertex 41.7368 -21.2695 7.8
      vertex 41.75 -21 2
      vertex 41.75 -21 7.8
    endloop
  endfacet
  facet normal 0.998803 -0.0489209 0
    outer loop
      vertex 41.75 -21 2
      vertex 41.7368 -21.2695 7.8
      vertex 41.7368 -21.2695 2
    endloop
  endfacet
  facet normal -0.336829 0.941566 0
    outer loop
      vertex 38.2017 -18.3684 2
      vertex 37.9476 -18.4593 7.8
      vertex 38.2017 -18.3684 7.8
    endloop
  endfacet
  facet normal -0.336829 0.941566 0
    outer loop
      vertex 37.9476 -18.4593 7.8
      vertex 38.2017 -18.3684 2
      vertex 37.9476 -18.4593 2
    endloop
  endfacet
  facet normal -0.903926 0.427688 0
    outer loop
      vertex 36.4593 -19.9476 2
      vertex 36.5747 -19.7037 7.8
      vertex 36.5747 -19.7037 2
    endloop
  endfacet
  facet normal -0.903926 0.427688 0
    outer loop
      vertex 36.5747 -19.7037 7.8
      vertex 36.4593 -19.9476 2
      vertex 36.4593 -19.9476 7.8
    endloop
  endfacet
  facet normal 0.903926 0.427688 0
    outer loop
      vertex 41.5407 -19.9476 7.8
      vertex 41.4253 -19.7037 2
      vertex 41.4253 -19.7037 7.8
    endloop
  endfacet
  facet normal 0.903926 0.427688 0
    outer loop
      vertex 41.4253 -19.7037 2
      vertex 41.5407 -19.9476 7.8
      vertex 41.5407 -19.9476 2
    endloop
  endfacet
  facet normal 0.857656 0.514223 0
    outer loop
      vertex 41.4253 -19.7037 7.8
      vertex 41.2865 -19.4722 2
      vertex 41.2865 -19.4722 7.8
    endloop
  endfacet
  facet normal 0.857656 0.514223 0
    outer loop
      vertex 41.2865 -19.4722 2
      vertex 41.4253 -19.7037 7.8
      vertex 41.4253 -19.7037 2
    endloop
  endfacet
  facet normal 0.427688 0.903926 -0
    outer loop
      vertex 40.2963 -18.5747 2
      vertex 40.0524 -18.4593 7.8
      vertex 40.2963 -18.5747 7.8
    endloop
  endfacet
  facet normal 0.427688 0.903926 0
    outer loop
      vertex 40.0524 -18.4593 7.8
      vertex 40.2963 -18.5747 2
      vertex 40.0524 -18.4593 2
    endloop
  endfacet
  facet normal 0.14671 0.98918 -0
    outer loop
      vertex 39.5365 -18.3028 2
      vertex 39.2695 -18.2632 7.8
      vertex 39.5365 -18.3028 7.8
    endloop
  endfacet
  facet normal 0.14671 0.98918 0
    outer loop
      vertex 39.2695 -18.2632 7.8
      vertex 39.5365 -18.3028 2
      vertex 39.2695 -18.2632 2
    endloop
  endfacet
  facet normal -0.98918 0.14671 0
    outer loop
      vertex 36.2632 -20.7305 2
      vertex 36.3028 -20.4635 7.8
      vertex 36.3028 -20.4635 2
    endloop
  endfacet
  facet normal -0.98918 0.14671 0
    outer loop
      vertex 36.3028 -20.4635 7.8
      vertex 36.2632 -20.7305 2
      vertex 36.2632 -20.7305 7.8
    endloop
  endfacet
  facet normal -0.740728 0.671805 0
    outer loop
      vertex 36.8742 -19.2554 2
      vertex 37.0555 -19.0555 7.8
      vertex 37.0555 -19.0555 2
    endloop
  endfacet
  facet normal -0.740728 0.671805 0
    outer loop
      vertex 37.0555 -19.0555 7.8
      vertex 36.8742 -19.2554 2
      vertex 36.8742 -19.2554 7.8
    endloop
  endfacet
  facet normal -0.14671 0.98918 0
    outer loop
      vertex 38.7305 -18.2632 2
      vertex 38.4635 -18.3028 7.8
      vertex 38.7305 -18.2632 7.8
    endloop
  endfacet
  facet normal -0.14671 0.98918 0
    outer loop
      vertex 38.4635 -18.3028 7.8
      vertex 38.7305 -18.2632 2
      vertex 38.4635 -18.3028 2
    endloop
  endfacet
  facet normal -0.14671 -0.98918 0
    outer loop
      vertex 38.4635 -23.6972 2
      vertex 38.7305 -23.7368 7.8
      vertex 38.4635 -23.6972 7.8
    endloop
  endfacet
  facet normal -0.14671 -0.98918 -0
    outer loop
      vertex 38.7305 -23.7368 7.8
      vertex 38.4635 -23.6972 2
      vertex 38.7305 -23.7368 2
    endloop
  endfacet
  facet normal -0.671805 -0.740728 0
    outer loop
      vertex 37.0555 -22.9445 2
      vertex 37.2554 -23.1258 7.8
      vertex 37.0555 -22.9445 7.8
    endloop
  endfacet
  facet normal -0.671805 -0.740728 -0
    outer loop
      vertex 37.2554 -23.1258 7.8
      vertex 37.0555 -22.9445 2
      vertex 37.2554 -23.1258 2
    endloop
  endfacet
  facet normal -0.740728 -0.671805 0
    outer loop
      vertex 37.0555 -22.9445 2
      vertex 36.8742 -22.7446 7.8
      vertex 36.8742 -22.7446 2
    endloop
  endfacet
  facet normal -0.740728 -0.671805 0
    outer loop
      vertex 36.8742 -22.7446 7.8
      vertex 37.0555 -22.9445 2
      vertex 37.0555 -22.9445 7.8
    endloop
  endfacet
  facet normal 0.98918 0.14671 0
    outer loop
      vertex 41.7368 -20.7305 7.8
      vertex 41.6972 -20.4635 2
      vertex 41.6972 -20.4635 7.8
    endloop
  endfacet
  facet normal 0.98918 0.14671 0
    outer loop
      vertex 41.6972 -20.4635 2
      vertex 41.7368 -20.7305 7.8
      vertex 41.7368 -20.7305 2
    endloop
  endfacet
  facet normal 0.970012 0.243059 0
    outer loop
      vertex 41.6972 -20.4635 7.8
      vertex 41.6316 -20.2017 2
      vertex 41.6316 -20.2017 7.8
    endloop
  endfacet
  facet normal 0.970012 0.243059 0
    outer loop
      vertex 41.6316 -20.2017 2
      vertex 41.6972 -20.4635 7.8
      vertex 41.6972 -20.4635 2
    endloop
  endfacet
  facet normal 0.941566 0.336829 0
    outer loop
      vertex 41.6316 -20.2017 7.8
      vertex 41.5407 -19.9476 2
      vertex 41.5407 -19.9476 7.8
    endloop
  endfacet
  facet normal 0.941566 0.336829 0
    outer loop
      vertex 41.5407 -19.9476 2
      vertex 41.6316 -20.2017 7.8
      vertex 41.6316 -20.2017 2
    endloop
  endfacet
  facet normal 0.740728 0.671805 0
    outer loop
      vertex 41.1258 -19.2554 7.8
      vertex 40.9445 -19.0555 2
      vertex 40.9445 -19.0555 7.8
    endloop
  endfacet
  facet normal 0.740728 0.671805 0
    outer loop
      vertex 40.9445 -19.0555 2
      vertex 41.1258 -19.2554 7.8
      vertex 41.1258 -19.2554 2
    endloop
  endfacet
  facet normal 0.803367 0.595485 0
    outer loop
      vertex 41.2865 -19.4722 7.8
      vertex 41.1258 -19.2554 2
      vertex 41.1258 -19.2554 7.8
    endloop
  endfacet
  facet normal 0.803367 0.595485 0
    outer loop
      vertex 41.1258 -19.2554 2
      vertex 41.2865 -19.4722 7.8
      vertex 41.2865 -19.4722 2
    endloop
  endfacet
  facet normal 0.671805 0.740728 -0
    outer loop
      vertex 40.9445 -19.0555 2
      vertex 40.7446 -18.8742 7.8
      vertex 40.9445 -19.0555 7.8
    endloop
  endfacet
  facet normal 0.671805 0.740728 0
    outer loop
      vertex 40.7446 -18.8742 7.8
      vertex 40.9445 -19.0555 2
      vertex 40.7446 -18.8742 2
    endloop
  endfacet
  facet normal 0.514223 0.857656 -0
    outer loop
      vertex 40.5278 -18.7135 2
      vertex 40.2963 -18.5747 7.8
      vertex 40.5278 -18.7135 7.8
    endloop
  endfacet
  facet normal 0.514223 0.857656 0
    outer loop
      vertex 40.2963 -18.5747 7.8
      vertex 40.5278 -18.7135 2
      vertex 40.2963 -18.5747 2
    endloop
  endfacet
  facet normal 0.0489209 0.998803 -0
    outer loop
      vertex 39.2695 -18.2632 2
      vertex 39 -18.25 7.8
      vertex 39.2695 -18.2632 7.8
    endloop
  endfacet
  facet normal 0.0489209 0.998803 0
    outer loop
      vertex 39 -18.25 7.8
      vertex 39.2695 -18.2632 2
      vertex 39 -18.25 2
    endloop
  endfacet
  facet normal 0.336829 0.941566 -0
    outer loop
      vertex 40.0524 -18.4593 2
      vertex 39.7983 -18.3684 7.8
      vertex 40.0524 -18.4593 7.8
    endloop
  endfacet
  facet normal 0.336829 0.941566 0
    outer loop
      vertex 39.7983 -18.3684 7.8
      vertex 40.0524 -18.4593 2
      vertex 39.7983 -18.3684 2
    endloop
  endfacet
  facet normal 0.243059 0.970012 -0
    outer loop
      vertex 39.7983 -18.3684 2
      vertex 39.5365 -18.3028 7.8
      vertex 39.7983 -18.3684 7.8
    endloop
  endfacet
  facet normal 0.243059 0.970012 0
    outer loop
      vertex 39.5365 -18.3028 7.8
      vertex 39.7983 -18.3684 2
      vertex 39.5365 -18.3028 2
    endloop
  endfacet
  facet normal -0.998803 0.0489209 0
    outer loop
      vertex 36.25 -21 2
      vertex 36.2632 -20.7305 7.8
      vertex 36.2632 -20.7305 2
    endloop
  endfacet
  facet normal -0.998803 0.0489209 0
    outer loop
      vertex 36.2632 -20.7305 7.8
      vertex 36.25 -21 2
      vertex 36.25 -21 7.8
    endloop
  endfacet
  facet normal -0.941566 0.336829 0
    outer loop
      vertex 36.3684 -20.2017 2
      vertex 36.4593 -19.9476 7.8
      vertex 36.4593 -19.9476 2
    endloop
  endfacet
  facet normal -0.941566 0.336829 0
    outer loop
      vertex 36.4593 -19.9476 7.8
      vertex 36.3684 -20.2017 2
      vertex 36.3684 -20.2017 7.8
    endloop
  endfacet
  facet normal -0.970012 0.243059 0
    outer loop
      vertex 36.3028 -20.4635 2
      vertex 36.3684 -20.2017 7.8
      vertex 36.3684 -20.2017 2
    endloop
  endfacet
  facet normal -0.970012 0.243059 0
    outer loop
      vertex 36.3684 -20.2017 7.8
      vertex 36.3028 -20.4635 2
      vertex 36.3028 -20.4635 7.8
    endloop
  endfacet
  facet normal -0.857656 0.514223 0
    outer loop
      vertex 36.5747 -19.7037 2
      vertex 36.7135 -19.4722 7.8
      vertex 36.7135 -19.4722 2
    endloop
  endfacet
  facet normal -0.857656 0.514223 0
    outer loop
      vertex 36.7135 -19.4722 7.8
      vertex 36.5747 -19.7037 2
      vertex 36.5747 -19.7037 7.8
    endloop
  endfacet
  facet normal -0.803367 0.595485 0
    outer loop
      vertex 36.7135 -19.4722 2
      vertex 36.8742 -19.2554 7.8
      vertex 36.8742 -19.2554 2
    endloop
  endfacet
  facet normal -0.803367 0.595485 0
    outer loop
      vertex 36.8742 -19.2554 7.8
      vertex 36.7135 -19.4722 2
      vertex 36.7135 -19.4722 7.8
    endloop
  endfacet
  facet normal -0.243059 0.970012 0
    outer loop
      vertex 38.4635 -18.3028 2
      vertex 38.2017 -18.3684 7.8
      vertex 38.4635 -18.3028 7.8
    endloop
  endfacet
  facet normal -0.243059 0.970012 0
    outer loop
      vertex 38.2017 -18.3684 7.8
      vertex 38.4635 -18.3028 2
      vertex 38.2017 -18.3684 2
    endloop
  endfacet
  facet normal -0.0489209 0.998803 0
    outer loop
      vertex 39 -18.25 2
      vertex 38.7305 -18.2632 7.8
      vertex 39 -18.25 7.8
    endloop
  endfacet
  facet normal -0.0489209 0.998803 0
    outer loop
      vertex 38.7305 -18.2632 7.8
      vertex 39 -18.25 2
      vertex 38.7305 -18.2632 2
    endloop
  endfacet
  facet normal -0.514223 0.857656 0
    outer loop
      vertex 37.7037 -18.5747 2
      vertex 37.4722 -18.7135 7.8
      vertex 37.7037 -18.5747 7.8
    endloop
  endfacet
  facet normal -0.514223 0.857656 0
    outer loop
      vertex 37.4722 -18.7135 7.8
      vertex 37.7037 -18.5747 2
      vertex 37.4722 -18.7135 2
    endloop
  endfacet
  facet normal -0.595485 0.803367 0
    outer loop
      vertex 37.4722 -18.7135 2
      vertex 37.2554 -18.8742 7.8
      vertex 37.4722 -18.7135 7.8
    endloop
  endfacet
  facet normal -0.595485 0.803367 0
    outer loop
      vertex 37.2554 -18.8742 7.8
      vertex 37.4722 -18.7135 2
      vertex 37.2554 -18.8742 2
    endloop
  endfacet
  facet normal -0.427688 0.903926 0
    outer loop
      vertex 37.9476 -18.4593 2
      vertex 37.7037 -18.5747 7.8
      vertex 37.9476 -18.4593 7.8
    endloop
  endfacet
  facet normal -0.427688 0.903926 0
    outer loop
      vertex 37.7037 -18.5747 7.8
      vertex 37.9476 -18.4593 2
      vertex 37.7037 -18.5747 2
    endloop
  endfacet
  facet normal -0.671805 0.740728 0
    outer loop
      vertex 37.2554 -18.8742 2
      vertex 37.0555 -19.0555 7.8
      vertex 37.2554 -18.8742 7.8
    endloop
  endfacet
  facet normal -0.671805 0.740728 0
    outer loop
      vertex 37.0555 -19.0555 7.8
      vertex 37.2554 -18.8742 2
      vertex 37.0555 -19.0555 2
    endloop
  endfacet
  facet normal 0.998803 0.0489209 0
    outer loop
      vertex 41.75 -21 7.8
      vertex 41.7368 -20.7305 2
      vertex 41.7368 -20.7305 7.8
    endloop
  endfacet
  facet normal 0.998803 0.0489209 0
    outer loop
      vertex 41.7368 -20.7305 2
      vertex 41.75 -21 7.8
      vertex 41.75 -21 2
    endloop
  endfacet
  facet normal 0.0489209 -0.998803 0
    outer loop
      vertex 39 -23.75 2
      vertex 39.2695 -23.7368 7.8
      vertex 39 -23.75 7.8
    endloop
  endfacet
  facet normal 0.0489209 -0.998803 0
    outer loop
      vertex 39.2695 -23.7368 7.8
      vertex 39 -23.75 2
      vertex 39.2695 -23.7368 2
    endloop
  endfacet
  facet normal 0.903926 -0.427688 0
    outer loop
      vertex 41.4253 -22.2963 7.8
      vertex 41.5407 -22.0524 2
      vertex 41.5407 -22.0524 7.8
    endloop
  endfacet
  facet normal 0.903926 -0.427688 0
    outer loop
      vertex 41.5407 -22.0524 2
      vertex 41.4253 -22.2963 7.8
      vertex 41.4253 -22.2963 2
    endloop
  endfacet
  facet normal 0.14671 -0.98918 0
    outer loop
      vertex 39.2695 -23.7368 2
      vertex 39.5365 -23.6972 7.8
      vertex 39.2695 -23.7368 7.8
    endloop
  endfacet
  facet normal 0.14671 -0.98918 0
    outer loop
      vertex 39.5365 -23.6972 7.8
      vertex 39.2695 -23.7368 2
      vertex 39.5365 -23.6972 2
    endloop
  endfacet
  facet normal 0.740728 -0.671805 0
    outer loop
      vertex 40.9445 -22.9445 7.8
      vertex 41.1258 -22.7446 2
      vertex 41.1258 -22.7446 7.8
    endloop
  endfacet
  facet normal 0.740728 -0.671805 0
    outer loop
      vertex 41.1258 -22.7446 2
      vertex 40.9445 -22.9445 7.8
      vertex 40.9445 -22.9445 2
    endloop
  endfacet
  facet normal 0.671805 -0.740728 0
    outer loop
      vertex 40.7446 -23.1258 2
      vertex 40.9445 -22.9445 7.8
      vertex 40.7446 -23.1258 7.8
    endloop
  endfacet
  facet normal 0.671805 -0.740728 0
    outer loop
      vertex 40.9445 -22.9445 7.8
      vertex 40.7446 -23.1258 2
      vertex 40.9445 -22.9445 2
    endloop
  endfacet
  facet normal 0.514223 -0.857656 0
    outer loop
      vertex 40.2963 -23.4253 2
      vertex 40.5278 -23.2865 7.8
      vertex 40.2963 -23.4253 7.8
    endloop
  endfacet
  facet normal 0.514223 -0.857656 0
    outer loop
      vertex 40.5278 -23.2865 7.8
      vertex 40.2963 -23.4253 2
      vertex 40.5278 -23.2865 2
    endloop
  endfacet
  facet normal -0.0489209 -0.998803 0
    outer loop
      vertex 38.7305 -23.7368 2
      vertex 39 -23.75 7.8
      vertex 38.7305 -23.7368 7.8
    endloop
  endfacet
  facet normal -0.0489209 -0.998803 -0
    outer loop
      vertex 39 -23.75 7.8
      vertex 38.7305 -23.7368 2
      vertex 39 -23.75 2
    endloop
  endfacet
  facet normal -0.336829 -0.941566 0
    outer loop
      vertex 37.9476 -23.5407 2
      vertex 38.2017 -23.6316 7.8
      vertex 37.9476 -23.5407 7.8
    endloop
  endfacet
  facet normal -0.336829 -0.941566 -0
    outer loop
      vertex 38.2017 -23.6316 7.8
      vertex 37.9476 -23.5407 2
      vertex 38.2017 -23.6316 2
    endloop
  endfacet
  facet normal -0.514223 -0.857656 0
    outer loop
      vertex 37.4722 -23.2865 2
      vertex 37.7037 -23.4253 7.8
      vertex 37.4722 -23.2865 7.8
    endloop
  endfacet
  facet normal -0.514223 -0.857656 -0
    outer loop
      vertex 37.7037 -23.4253 7.8
      vertex 37.4722 -23.2865 2
      vertex 37.7037 -23.4253 2
    endloop
  endfacet
  facet normal -0.970012 -0.243059 0
    outer loop
      vertex 36.3684 -21.7983 2
      vertex 36.3028 -21.5365 7.8
      vertex 36.3028 -21.5365 2
    endloop
  endfacet
  facet normal -0.970012 -0.243059 0
    outer loop
      vertex 36.3028 -21.5365 7.8
      vertex 36.3684 -21.7983 2
      vertex 36.3684 -21.7983 7.8
    endloop
  endfacet
  facet normal -0.998803 -0.0489209 0
    outer loop
      vertex 36.2632 -21.2695 2
      vertex 36.25 -21 7.8
      vertex 36.25 -21 2
    endloop
  endfacet
  facet normal -0.998803 -0.0489209 0
    outer loop
      vertex 36.25 -21 7.8
      vertex 36.2632 -21.2695 2
      vertex 36.2632 -21.2695 7.8
    endloop
  endfacet
  facet normal -0.803367 -0.595485 0
    outer loop
      vertex 36.8742 -22.7446 2
      vertex 36.7135 -22.5278 7.8
      vertex 36.7135 -22.5278 2
    endloop
  endfacet
  facet normal -0.803367 -0.595485 0
    outer loop
      vertex 36.7135 -22.5278 7.8
      vertex 36.8742 -22.7446 2
      vertex 36.8742 -22.7446 7.8
    endloop
  endfacet
  facet normal -0.857656 -0.514223 0
    outer loop
      vertex 36.7135 -22.5278 2
      vertex 36.5747 -22.2963 7.8
      vertex 36.5747 -22.2963 2
    endloop
  endfacet
  facet normal -0.857656 -0.514223 0
    outer loop
      vertex 36.5747 -22.2963 7.8
      vertex 36.7135 -22.5278 2
      vertex 36.7135 -22.5278 7.8
    endloop
  endfacet
  facet normal -0.903926 -0.427688 0
    outer loop
      vertex 36.5747 -22.2963 2
      vertex 36.4593 -22.0524 7.8
      vertex 36.4593 -22.0524 2
    endloop
  endfacet
  facet normal -0.903926 -0.427688 0
    outer loop
      vertex 36.4593 -22.0524 7.8
      vertex 36.5747 -22.2963 2
      vertex 36.5747 -22.2963 7.8
    endloop
  endfacet
  facet normal 0 0 1
    outer loop
      vertex 40.5 -21 7.8
      vertex 41.75 -21 7.8
      vertex 41.7368 -20.7305 7.8
    endloop
  endfacet
  facet normal 0 0 1
    outer loop
      vertex 40.4928 -20.853 7.8
      vertex 41.7368 -20.7305 7.8
      vertex 41.6972 -20.4635 7.8
    endloop
  endfacet
  facet normal 0 0 1
    outer loop
      vertex 41.75 -21 7.8
      vertex 40.5 -21 7.8
      vertex 41.7368 -21.2695 7.8
    endloop
  endfacet
  facet normal 0 0 1
    outer loop
      vertex 40.4712 -20.7074 7.8
      vertex 41.6972 -20.4635 7.8
      vertex 41.6316 -20.2017 7.8
    endloop
  endfacet
  facet normal -0 0 1
    outer loop
      vertex 40.4928 -21.147 7.8
      vertex 41.7368 -21.2695 7.8
      vertex 40.5 -21 7.8
    endloop
  endfacet
  facet normal 0 0 1
    outer loop
      vertex 40.4354 -20.5646 7.8
      vertex 41.6316 -20.2017 7.8
      vertex 41.5407 -19.9476 7.8
    endloop
  endfacet
  facet normal 0 0 1
    outer loop
      vertex 41.7368 -21.2695 7.8
      vertex 40.4928 -21.147 7.8
      vertex 41.6972 -21.5365 7.8
    endloop
  endfacet
  facet normal 0 0 1
    outer loop
      vertex 40.3858 -20.426 7.8
      vertex 41.5407 -19.9476 7.8
      vertex 41.4253 -19.7037 7.8
    endloop
  endfacet
  facet normal -0 0 1
    outer loop
      vertex 40.4712 -21.2926 7.8
      vertex 41.6972 -21.5365 7.8
      vertex 40.4928 -21.147 7.8
    endloop
  endfacet
  facet normal 0 0 1
    outer loop
      vertex 40.3229 -20.2929 7.8
      vertex 41.4253 -19.7037 7.8
      vertex 41.2865 -19.4722 7.8
    endloop
  endfacet
  facet normal 0 0 1
    outer loop
      vertex 41.6972 -21.5365 7.8
      vertex 40.4712 -21.2926 7.8
      vertex 41.6316 -21.7983 7.8
    endloop
  endfacet
  facet normal 0 0 1
    outer loop
      vertex 40.2472 -20.1666 7.8
      vertex 41.2865 -19.4722 7.8
      vertex 41.1258 -19.2554 7.8
    endloop
  endfacet
  facet normal -0 0 1
    outer loop
      vertex 40.4354 -21.4354 7.8
      vertex 41.6316 -21.7983 7.8
      vertex 40.4712 -21.2926 7.8
    endloop
  endfacet
  facet normal 0 0 1
    outer loop
      vertex 40.1595 -20.0484 7.8
      vertex 41.1258 -19.2554 7.8
      vertex 40.9445 -19.0555 7.8
    endloop
  endfacet
  facet normal 0 0 1
    outer loop
      vertex 41.6316 -21.7983 7.8
      vertex 40.4354 -21.4354 7.8
      vertex 41.5407 -22.0524 7.8
    endloop
  endfacet
  facet normal 0 0 1
    outer loop
      vertex 40.0607 -19.9393 7.8
      vertex 40.9445 -19.0555 7.8
      vertex 40.7446 -18.8742 7.8
    endloop
  endfacet
  facet normal -0 0 1
    outer loop
      vertex 40.3858 -21.574 7.8
      vertex 41.5407 -22.0524 7.8
      vertex 40.4354 -21.4354 7.8
    endloop
  endfacet
  facet normal 0 0 1
    outer loop
      vertex 39.9516 -19.8405 7.8
      vertex 40.7446 -18.8742 7.8
      vertex 40.5278 -18.7135 7.8
    endloop
  endfacet
  facet normal 0 0 1
    outer loop
      vertex 41.5407 -22.0524 7.8
      vertex 40.3858 -21.574 7.8
      vertex 41.4253 -22.2963 7.8
    endloop
  endfacet
  facet normal -0 0 1
    outer loop
      vertex 40.3229 -21.7071 7.8
      vertex 41.4253 -22.2963 7.8
      vertex 40.3858 -21.574 7.8
    endloop
  endfacet
  facet normal 0 0 1
    outer loop
      vertex 41.7368 -20.7305 7.8
      vertex 40.4928 -20.853 7.8
      vertex 40.5 -21 7.8
    endloop
  endfacet
  facet normal 0 0 1
    outer loop
      vertex 41.6972 -20.4635 7.8
      vertex 40.4712 -20.7074 7.8
      vertex 40.4928 -20.853 7.8
    endloop
  endfacet
  facet normal 0 0 1
    outer loop
      vertex 41.6316 -20.2017 7.8
      vertex 40.4354 -20.5646 7.8
      vertex 40.4712 -20.7074 7.8
    endloop
  endfacet
  facet normal 0 0 1
    outer loop
      vertex 41.5407 -19.9476 7.8
      vertex 40.3858 -20.426 7.8
      vertex 40.4354 -20.5646 7.8
    endloop
  endfacet
  facet normal 0 0 1
    outer loop
      vertex 41.4253 -19.7037 7.8
      vertex 40.3229 -20.2929 7.8
      vertex 40.3858 -20.426 7.8
    endloop
  endfacet
  facet normal 0 0 1
    outer loop
      vertex 39.8334 -19.7528 7.8
      vertex 40.5278 -18.7135 7.8
      vertex 40.2963 -18.5747 7.8
    endloop
  endfacet
  facet normal 0 0 1
    outer loop
      vertex 41.2865 -19.4722 7.8
      vertex 40.2472 -20.1666 7.8
      vertex 40.3229 -20.2929 7.8
    endloop
  endfacet
  facet normal 0 0 1
    outer loop
      vertex 41.1258 -19.2554 7.8
      vertex 40.1595 -20.0484 7.8
      vertex 40.2472 -20.1666 7.8
    endloop
  endfacet
  facet normal 0 0 1
    outer loop
      vertex 40.9445 -19.0555 7.8
      vertex 40.0607 -19.9393 7.8
      vertex 40.1595 -20.0484 7.8
    endloop
  endfacet
  facet normal 0 0 1
    outer loop
      vertex 39.7071 -19.6771 7.8
      vertex 40.2963 -18.5747 7.8
      vertex 40.0524 -18.4593 7.8
    endloop
  endfacet
  facet normal 0 0 1
    outer loop
      vertex 40.7446 -18.8742 7.8
      vertex 39.9516 -19.8405 7.8
      vertex 40.0607 -19.9393 7.8
    endloop
  endfacet
  facet normal 0 0 1
    outer loop
      vertex 40.5278 -18.7135 7.8
      vertex 39.8334 -19.7528 7.8
      vertex 39.9516 -19.8405 7.8
    endloop
  endfacet
  facet normal 0 0 1
    outer loop
      vertex 39.574 -19.6142 7.8
      vertex 40.0524 -18.4593 7.8
      vertex 39.7983 -18.3684 7.8
    endloop
  endfacet
  facet normal 0 0 1
    outer loop
      vertex 40.2963 -18.5747 7.8
      vertex 39.7071 -19.6771 7.8
      vertex 39.8334 -19.7528 7.8
    endloop
  endfacet
  facet normal 0 0 1
    outer loop
      vertex 40.0524 -18.4593 7.8
      vertex 39.574 -19.6142 7.8
      vertex 39.7071 -19.6771 7.8
    endloop
  endfacet
  facet normal 0 0 1
    outer loop
      vertex 39.4354 -19.5646 7.8
      vertex 39.7983 -18.3684 7.8
      vertex 39.5365 -18.3028 7.8
    endloop
  endfacet
  facet normal 0 0 1
    outer loop
      vertex 39.7983 -18.3684 7.8
      vertex 39.4354 -19.5646 7.8
      vertex 39.574 -19.6142 7.8
    endloop
  endfacet
  facet normal 0 0 1
    outer loop
      vertex 39.5365 -18.3028 7.8
      vertex 39.2926 -19.5288 7.8
      vertex 39.4354 -19.5646 7.8
    endloop
  endfacet
  facet normal 0 0 1
    outer loop
      vertex 39.2695 -18.2632 7.8
      vertex 39.2926 -19.5288 7.8
      vertex 39.5365 -18.3028 7.8
    endloop
  endfacet
  facet normal 0 0 1
    outer loop
      vertex 39.2695 -18.2632 7.8
      vertex 39.147 -19.5072 7.8
      vertex 39.2926 -19.5288 7.8
    endloop
  endfacet
  facet normal 0 0 1
    outer loop
      vertex 39 -18.25 7.8
      vertex 39.147 -19.5072 7.8
      vertex 39.2695 -18.2632 7.8
    endloop
  endfacet
  facet normal 0 0 1
    outer loop
      vertex 39 -18.25 7.8
      vertex 39 -19.5 7.8
      vertex 39.147 -19.5072 7.8
    endloop
  endfacet
  facet normal 0 0 1
    outer loop
      vertex 39 -18.25 7.8
      vertex 38.853 -19.5072 7.8
      vertex 39 -19.5 7.8
    endloop
  endfacet
  facet normal -0 0 1
    outer loop
      vertex 38.7305 -18.2632 7.8
      vertex 38.853 -19.5072 7.8
      vertex 39 -18.25 7.8
    endloop
  endfacet
  facet normal 0 0 1
    outer loop
      vertex 38.7305 -18.2632 7.8
      vertex 38.7074 -19.5288 7.8
      vertex 38.853 -19.5072 7.8
    endloop
  endfacet
  facet normal -0 0 1
    outer loop
      vertex 38.4635 -18.3028 7.8
      vertex 38.7074 -19.5288 7.8
      vertex 38.7305 -18.2632 7.8
    endloop
  endfacet
  facet normal 0 0 1
    outer loop
      vertex 38.7074 -19.5288 7.8
      vertex 38.4635 -18.3028 7.8
      vertex 38.5646 -19.5646 7.8
    endloop
  endfacet
  facet normal -0 0 1
    outer loop
      vertex 38.2017 -18.3684 7.8
      vertex 38.5646 -19.5646 7.8
      vertex 38.4635 -18.3028 7.8
    endloop
  endfacet
  facet normal 0 0 1
    outer loop
      vertex 38.5646 -19.5646 7.8
      vertex 38.2017 -18.3684 7.8
      vertex 38.426 -19.6142 7.8
    endloop
  endfacet
  facet normal -0 0 1
    outer loop
      vertex 37.9476 -18.4593 7.8
      vertex 38.426 -19.6142 7.8
      vertex 38.2017 -18.3684 7.8
    endloop
  endfacet
  facet normal 0 0 1
    outer loop
      vertex 38.426 -19.6142 7.8
      vertex 37.9476 -18.4593 7.8
      vertex 38.2929 -19.6771 7.8
    endloop
  endfacet
  facet normal -0 0 1
    outer loop
      vertex 37.7037 -18.5747 7.8
      vertex 38.2929 -19.6771 7.8
      vertex 37.9476 -18.4593 7.8
    endloop
  endfacet
  facet normal 0 0 1
    outer loop
      vertex 38.2929 -19.6771 7.8
      vertex 37.7037 -18.5747 7.8
      vertex 38.1666 -19.7528 7.8
    endloop
  endfacet
  facet normal -0 0 1
    outer loop
      vertex 37.4722 -18.7135 7.8
      vertex 38.1666 -19.7528 7.8
      vertex 37.7037 -18.5747 7.8
    endloop
  endfacet
  facet normal 0 0 1
    outer loop
      vertex 38.1666 -19.7528 7.8
      vertex 37.4722 -18.7135 7.8
      vertex 38.0484 -19.8405 7.8
    endloop
  endfacet
  facet normal -0 0 1
    outer loop
      vertex 37.2554 -18.8742 7.8
      vertex 38.0484 -19.8405 7.8
      vertex 37.4722 -18.7135 7.8
    endloop
  endfacet
  facet normal 0 0 1
    outer loop
      vertex 38.0484 -19.8405 7.8
      vertex 37.2554 -18.8742 7.8
      vertex 37.9393 -19.9393 7.8
    endloop
  endfacet
  facet normal -0 0 1
    outer loop
      vertex 37.0555 -19.0555 7.8
      vertex 37.9393 -19.9393 7.8
      vertex 37.2554 -18.8742 7.8
    endloop
  endfacet
  facet normal 0 0 1
    outer loop
      vertex 37.9393 -19.9393 7.8
      vertex 37.0555 -19.0555 7.8
      vertex 37.8405 -20.0484 7.8
    endloop
  endfacet
  facet normal -0 0 1
    outer loop
      vertex 36.8742 -19.2554 7.8
      vertex 37.8405 -20.0484 7.8
      vertex 37.0555 -19.0555 7.8
    endloop
  endfacet
  facet normal 0 0 1
    outer loop
      vertex 37.8405 -20.0484 7.8
      vertex 36.8742 -19.2554 7.8
      vertex 37.7528 -20.1666 7.8
    endloop
  endfacet
  facet normal -0 0 1
    outer loop
      vertex 36.7135 -19.4722 7.8
      vertex 37.7528 -20.1666 7.8
      vertex 36.8742 -19.2554 7.8
    endloop
  endfacet
  facet normal -0 0 1
    outer loop
      vertex 36.5747 -19.7037 7.8
      vertex 37.6771 -20.2929 7.8
      vertex 36.7135 -19.4722 7.8
    endloop
  endfacet
  facet normal 0 0 1
    outer loop
      vertex 37.7528 -20.1666 7.8
      vertex 36.7135 -19.4722 7.8
      vertex 37.6771 -20.2929 7.8
    endloop
  endfacet
  facet normal 0 0 1
    outer loop
      vertex 41.4253 -22.2963 7.8
      vertex 40.3229 -21.7071 7.8
      vertex 41.2865 -22.5278 7.8
    endloop
  endfacet
  facet normal -0 0 1
    outer loop
      vertex 40.2472 -21.8334 7.8
      vertex 41.2865 -22.5278 7.8
      vertex 40.3229 -21.7071 7.8
    endloop
  endfacet
  facet normal 0 0 1
    outer loop
      vertex 41.2865 -22.5278 7.8
      vertex 40.2472 -21.8334 7.8
      vertex 41.1258 -22.7446 7.8
    endloop
  endfacet
  facet normal -0 0 1
    outer loop
      vertex 40.1595 -21.9516 7.8
      vertex 41.1258 -22.7446 7.8
      vertex 40.2472 -21.8334 7.8
    endloop
  endfacet
  facet normal 0 0 1
    outer loop
      vertex 41.1258 -22.7446 7.8
      vertex 40.1595 -21.9516 7.8
      vertex 40.9445 -22.9445 7.8
    endloop
  endfacet
  facet normal -0 0 1
    outer loop
      vertex 40.0607 -22.0607 7.8
      vertex 40.9445 -22.9445 7.8
      vertex 40.1595 -21.9516 7.8
    endloop
  endfacet
  facet normal 0 0 1
    outer loop
      vertex 40.9445 -22.9445 7.8
      vertex 40.0607 -22.0607 7.8
      vertex 40.7446 -23.1258 7.8
    endloop
  endfacet
  facet normal -0 0 1
    outer loop
      vertex 39.9516 -22.1595 7.8
      vertex 40.7446 -23.1258 7.8
      vertex 40.0607 -22.0607 7.8
    endloop
  endfacet
  facet normal 0 0 1
    outer loop
      vertex 40.7446 -23.1258 7.8
      vertex 39.9516 -22.1595 7.8
      vertex 40.5278 -23.2865 7.8
    endloop
  endfacet
  facet normal -0 0 1
    outer loop
      vertex 39.8334 -22.2472 7.8
      vertex 40.5278 -23.2865 7.8
      vertex 39.9516 -22.1595 7.8
    endloop
  endfacet
  facet normal 0 0 1
    outer loop
      vertex 40.5278 -23.2865 7.8
      vertex 39.8334 -22.2472 7.8
      vertex 40.2963 -23.4253 7.8
    endloop
  endfacet
  facet normal -0 0 1
    outer loop
      vertex 39.7071 -22.3229 7.8
      vertex 40.2963 -23.4253 7.8
      vertex 39.8334 -22.2472 7.8
    endloop
  endfacet
  facet normal 0 0 1
    outer loop
      vertex 40.2963 -23.4253 7.8
      vertex 39.7071 -22.3229 7.8
      vertex 40.0524 -23.5407 7.8
    endloop
  endfacet
  facet normal -0 0 1
    outer loop
      vertex 39.574 -22.3858 7.8
      vertex 40.0524 -23.5407 7.8
      vertex 39.7071 -22.3229 7.8
    endloop
  endfacet
  facet normal 0 0 1
    outer loop
      vertex 40.0524 -23.5407 7.8
      vertex 39.574 -22.3858 7.8
      vertex 39.7983 -23.6316 7.8
    endloop
  endfacet
  facet normal -0 0 1
    outer loop
      vertex 39.4354 -22.4354 7.8
      vertex 39.7983 -23.6316 7.8
      vertex 39.574 -22.3858 7.8
    endloop
  endfacet
  facet normal 0 0 1
    outer loop
      vertex 39.7983 -23.6316 7.8
      vertex 39.4354 -22.4354 7.8
      vertex 39.5365 -23.6972 7.8
    endloop
  endfacet
  facet normal -0 0 1
    outer loop
      vertex 39.2926 -22.4712 7.8
      vertex 39.5365 -23.6972 7.8
      vertex 39.4354 -22.4354 7.8
    endloop
  endfacet
  facet normal 0 0 1
    outer loop
      vertex 39.2926 -22.4712 7.8
      vertex 39.2695 -23.7368 7.8
      vertex 39.5365 -23.6972 7.8
    endloop
  endfacet
  facet normal -0 0 1
    outer loop
      vertex 39.147 -22.4928 7.8
      vertex 39.2695 -23.7368 7.8
      vertex 39.2926 -22.4712 7.8
    endloop
  endfacet
  facet normal -0 0 1
    outer loop
      vertex 39 -22.5 7.8
      vertex 39.2695 -23.7368 7.8
      vertex 39.147 -22.4928 7.8
    endloop
  endfacet
  facet normal 0 0 1
    outer loop
      vertex 39 -22.5 7.8
      vertex 39 -23.75 7.8
      vertex 39.2695 -23.7368 7.8
    endloop
  endfacet
  facet normal 0 0 1
    outer loop
      vertex 38.853 -22.4928 7.8
      vertex 39 -23.75 7.8
      vertex 39 -22.5 7.8
    endloop
  endfacet
  facet normal 0 0 1
    outer loop
      vertex 38.853 -22.4928 7.8
      vertex 38.7305 -23.7368 7.8
      vertex 39 -23.75 7.8
    endloop
  endfacet
  facet normal 0 0 1
    outer loop
      vertex 38.7074 -22.4712 7.8
      vertex 38.7305 -23.7368 7.8
      vertex 38.853 -22.4928 7.8
    endloop
  endfacet
  facet normal 0 0 1
    outer loop
      vertex 38.4635 -23.6972 7.8
      vertex 38.7074 -22.4712 7.8
      vertex 38.5646 -22.4354 7.8
    endloop
  endfacet
  facet normal 0 0 1
    outer loop
      vertex 38.7074 -22.4712 7.8
      vertex 38.4635 -23.6972 7.8
      vertex 38.7305 -23.7368 7.8
    endloop
  endfacet
  facet normal 0 0 1
    outer loop
      vertex 38.2017 -23.6316 7.8
      vertex 38.5646 -22.4354 7.8
      vertex 38.426 -22.3858 7.8
    endloop
  endfacet
  facet normal 0 0 1
    outer loop
      vertex 37.9476 -23.5407 7.8
      vertex 38.426 -22.3858 7.8
      vertex 38.2929 -22.3229 7.8
    endloop
  endfacet
  facet normal 0 0 1
    outer loop
      vertex 38.5646 -22.4354 7.8
      vertex 38.2017 -23.6316 7.8
      vertex 38.4635 -23.6972 7.8
    endloop
  endfacet
  facet normal 0 0 1
    outer loop
      vertex 37.7037 -23.4253 7.8
      vertex 38.2929 -22.3229 7.8
      vertex 38.1666 -22.2472 7.8
    endloop
  endfacet
  facet normal 0 0 1
    outer loop
      vertex 37.4722 -23.2865 7.8
      vertex 38.1666 -22.2472 7.8
      vertex 38.0484 -22.1595 7.8
    endloop
  endfacet
  facet normal 0 0 1
    outer loop
      vertex 38.426 -22.3858 7.8
      vertex 37.9476 -23.5407 7.8
      vertex 38.2017 -23.6316 7.8
    endloop
  endfacet
  facet normal 0 0 1
    outer loop
      vertex 37.2554 -23.1258 7.8
      vertex 38.0484 -22.1595 7.8
      vertex 37.9393 -22.0607 7.8
    endloop
  endfacet
  facet normal 0 0 1
    outer loop
      vertex 37.0555 -22.9445 7.8
      vertex 37.9393 -22.0607 7.8
      vertex 37.8405 -21.9516 7.8
    endloop
  endfacet
  facet normal 0 0 1
    outer loop
      vertex 36.8742 -22.7446 7.8
      vertex 37.8405 -21.9516 7.8
      vertex 37.7528 -21.8334 7.8
    endloop
  endfacet
  facet normal 0 0 1
    outer loop
      vertex 38.2929 -22.3229 7.8
      vertex 37.7037 -23.4253 7.8
      vertex 37.9476 -23.5407 7.8
    endloop
  endfacet
  facet normal 0 0 1
    outer loop
      vertex 36.7135 -22.5278 7.8
      vertex 37.7528 -21.8334 7.8
      vertex 37.6771 -21.7071 7.8
    endloop
  endfacet
  facet normal 0 0 1
    outer loop
      vertex 36.5747 -22.2963 7.8
      vertex 37.6771 -21.7071 7.8
      vertex 37.6142 -21.574 7.8
    endloop
  endfacet
  facet normal 0 0 1
    outer loop
      vertex 36.4593 -22.0524 7.8
      vertex 37.6142 -21.574 7.8
      vertex 37.5646 -21.4354 7.8
    endloop
  endfacet
  facet normal 0 0 1
    outer loop
      vertex 36.3684 -21.7983 7.8
      vertex 37.5646 -21.4354 7.8
      vertex 37.5288 -21.2926 7.8
    endloop
  endfacet
  facet normal 0 0 1
    outer loop
      vertex 36.3028 -21.5365 7.8
      vertex 37.5288 -21.2926 7.8
      vertex 37.5072 -21.147 7.8
    endloop
  endfacet
  facet normal 0 0 1
    outer loop
      vertex 38.1666 -22.2472 7.8
      vertex 37.4722 -23.2865 7.8
      vertex 37.7037 -23.4253 7.8
    endloop
  endfacet
  facet normal 0 0 1
    outer loop
      vertex 36.2632 -21.2695 7.8
      vertex 37.5072 -21.147 7.8
      vertex 37.5 -21 7.8
    endloop
  endfacet
  facet normal 0 0 1
    outer loop
      vertex 37.6771 -20.2929 7.8
      vertex 36.5747 -19.7037 7.8
      vertex 37.6142 -20.426 7.8
    endloop
  endfacet
  facet normal -0 0 1
    outer loop
      vertex 36.4593 -19.9476 7.8
      vertex 37.6142 -20.426 7.8
      vertex 36.5747 -19.7037 7.8
    endloop
  endfacet
  facet normal 0 0 1
    outer loop
      vertex 38.0484 -22.1595 7.8
      vertex 37.2554 -23.1258 7.8
      vertex 37.4722 -23.2865 7.8
    endloop
  endfacet
  facet normal 0 0 1
    outer loop
      vertex 37.6142 -20.426 7.8
      vertex 36.4593 -19.9476 7.8
      vertex 37.5646 -20.5646 7.8
    endloop
  endfacet
  facet normal 0 0 1
    outer loop
      vertex 37.9393 -22.0607 7.8
      vertex 37.0555 -22.9445 7.8
      vertex 37.2554 -23.1258 7.8
    endloop
  endfacet
  facet normal -0 0 1
    outer loop
      vertex 36.3684 -20.2017 7.8
      vertex 37.5646 -20.5646 7.8
      vertex 36.4593 -19.9476 7.8
    endloop
  endfacet
  facet normal 0 0 1
    outer loop
      vertex 37.8405 -21.9516 7.8
      vertex 36.8742 -22.7446 7.8
      vertex 37.0555 -22.9445 7.8
    endloop
  endfacet
  facet normal 0 0 1
    outer loop
      vertex 37.5646 -20.5646 7.8
      vertex 36.3684 -20.2017 7.8
      vertex 37.5288 -20.7074 7.8
    endloop
  endfacet
  facet normal 0 0 1
    outer loop
      vertex 37.7528 -21.8334 7.8
      vertex 36.7135 -22.5278 7.8
      vertex 36.8742 -22.7446 7.8
    endloop
  endfacet
  facet normal -0 0 1
    outer loop
      vertex 36.3028 -20.4635 7.8
      vertex 37.5288 -20.7074 7.8
      vertex 36.3684 -20.2017 7.8
    endloop
  endfacet
  facet normal 0 0 1
    outer loop
      vertex 37.6771 -21.7071 7.8
      vertex 36.5747 -22.2963 7.8
      vertex 36.7135 -22.5278 7.8
    endloop
  endfacet
  facet normal 0 0 1
    outer loop
      vertex 37.5288 -20.7074 7.8
      vertex 36.3028 -20.4635 7.8
      vertex 37.5072 -20.853 7.8
    endloop
  endfacet
  facet normal 0 0 1
    outer loop
      vertex 37.6142 -21.574 7.8
      vertex 36.4593 -22.0524 7.8
      vertex 36.5747 -22.2963 7.8
    endloop
  endfacet
  facet normal -0 0 1
    outer loop
      vertex 36.2632 -20.7305 7.8
      vertex 37.5072 -20.853 7.8
      vertex 36.3028 -20.4635 7.8
    endloop
  endfacet
  facet normal 0 0 1
    outer loop
      vertex 37.5646 -21.4354 7.8
      vertex 36.3684 -21.7983 7.8
      vertex 36.4593 -22.0524 7.8
    endloop
  endfacet
  facet normal 0 0 1
    outer loop
      vertex 37.5072 -20.853 7.8
      vertex 36.2632 -20.7305 7.8
      vertex 37.5 -21 7.8
    endloop
  endfacet
  facet normal 0 0 1
    outer loop
      vertex 37.5288 -21.2926 7.8
      vertex 36.3028 -21.5365 7.8
      vertex 36.3684 -21.7983 7.8
    endloop
  endfacet
  facet normal 0 0 1
    outer loop
      vertex 36.25 -21 7.8
      vertex 37.5 -21 7.8
      vertex 36.2632 -20.7305 7.8
    endloop
  endfacet
  facet normal 0 0 1
    outer loop
      vertex 37.5072 -21.147 7.8
      vertex 36.2632 -21.2695 7.8
      vertex 36.3028 -21.5365 7.8
    endloop
  endfacet
  facet normal 0 0 1
    outer loop
      vertex 37.5 -21 7.8
      vertex 36.25 -21 7.8
      vertex 36.2632 -21.2695 7.8
    endloop
  endfacet
  facet normal 0.98918 -0.14671 0
    outer loop
      vertex 41.6972 -21.5365 7.8
      vertex 41.7368 -21.2695 2
      vertex 41.7368 -21.2695 7.8
    endloop
  endfacet
  facet normal 0.98918 -0.14671 0
    outer loop
      vertex 41.7368 -21.2695 2
      vertex 41.6972 -21.5365 7.8
      vertex 41.6972 -21.5365 2
    endloop
  endfacet
  facet normal 0.803367 -0.595485 0
    outer loop
      vertex 41.1258 -22.7446 7.8
      vertex 41.2865 -22.5278 2
      vertex 41.2865 -22.5278 7.8
    endloop
  endfacet
  facet normal 0.803367 -0.595485 0
    outer loop
      vertex 41.2865 -22.5278 2
      vertex 41.1258 -22.7446 7.8
      vertex 41.1258 -22.7446 2
    endloop
  endfacet
  facet normal 0.857656 -0.514223 0
    outer loop
      vertex 41.2865 -22.5278 7.8
      vertex 41.4253 -22.2963 2
      vertex 41.4253 -22.2963 7.8
    endloop
  endfacet
  facet normal 0.857656 -0.514223 0
    outer loop
      vertex 41.4253 -22.2963 2
      vertex 41.2865 -22.5278 7.8
      vertex 41.2865 -22.5278 2
    endloop
  endfacet
  facet normal 0.243059 -0.970012 0
    outer loop
      vertex 39.5365 -23.6972 2
      vertex 39.7983 -23.6316 7.8
      vertex 39.5365 -23.6972 7.8
    endloop
  endfacet
  facet normal 0.243059 -0.970012 0
    outer loop
      vertex 39.7983 -23.6316 7.8
      vertex 39.5365 -23.6972 2
      vertex 39.7983 -23.6316 2
    endloop
  endfacet
  facet normal 0.427688 -0.903926 0
    outer loop
      vertex 40.0524 -23.5407 2
      vertex 40.2963 -23.4253 7.8
      vertex 40.0524 -23.5407 7.8
    endloop
  endfacet
  facet normal 0.427688 -0.903926 0
    outer loop
      vertex 40.2963 -23.4253 7.8
      vertex 40.0524 -23.5407 2
      vertex 40.2963 -23.4253 2
    endloop
  endfacet
  facet normal 0.595485 -0.803367 0
    outer loop
      vertex 40.5278 -23.2865 2
      vertex 40.7446 -23.1258 7.8
      vertex 40.5278 -23.2865 7.8
    endloop
  endfacet
  facet normal 0.595485 -0.803367 0
    outer loop
      vertex 40.7446 -23.1258 7.8
      vertex 40.5278 -23.2865 2
      vertex 40.7446 -23.1258 2
    endloop
  endfacet
  facet normal -0.243059 -0.970012 0
    outer loop
      vertex 38.2017 -23.6316 2
      vertex 38.4635 -23.6972 7.8
      vertex 38.2017 -23.6316 7.8
    endloop
  endfacet
  facet normal -0.243059 -0.970012 -0
    outer loop
      vertex 38.4635 -23.6972 7.8
      vertex 38.2017 -23.6316 2
      vertex 38.4635 -23.6972 2
    endloop
  endfacet
  facet normal -0.427688 -0.903926 0
    outer loop
      vertex 37.7037 -23.4253 2
      vertex 37.9476 -23.5407 7.8
      vertex 37.7037 -23.4253 7.8
    endloop
  endfacet
  facet normal -0.427688 -0.903926 -0
    outer loop
      vertex 37.9476 -23.5407 7.8
      vertex 37.7037 -23.4253 2
      vertex 37.9476 -23.5407 2
    endloop
  endfacet
  facet normal -0.595485 -0.803367 0
    outer loop
      vertex 37.2554 -23.1258 2
      vertex 37.4722 -23.2865 7.8
      vertex 37.2554 -23.1258 7.8
    endloop
  endfacet
  facet normal -0.595485 -0.803367 -0
    outer loop
      vertex 37.4722 -23.2865 7.8
      vertex 37.2554 -23.1258 2
      vertex 37.4722 -23.2865 2
    endloop
  endfacet
  facet normal -0.941566 -0.336829 0
    outer loop
      vertex 36.4593 -22.0524 2
      vertex 36.3684 -21.7983 7.8
      vertex 36.3684 -21.7983 2
    endloop
  endfacet
  facet normal -0.941566 -0.336829 0
    outer loop
      vertex 36.3684 -21.7983 7.8
      vertex 36.4593 -22.0524 2
      vertex 36.4593 -22.0524 7.8
    endloop
  endfacet
  facet normal -0.98918 -0.14671 0
    outer loop
      vertex 36.3028 -21.5365 2
      vertex 36.2632 -21.2695 7.8
      vertex 36.2632 -21.2695 2
    endloop
  endfacet
  facet normal -0.98918 -0.14671 0
    outer loop
      vertex 36.2632 -21.2695 7.8
      vertex 36.3028 -21.5365 2
      vertex 36.3028 -21.5365 7.8
    endloop
  endfacet
  facet normal 0.970012 -0.243059 0
    outer loop
      vertex 41.6316 -21.7983 7.8
      vertex 41.6972 -21.5365 2
      vertex 41.6972 -21.5365 7.8
    endloop
  endfacet
  facet normal 0.970012 -0.243059 0
    outer loop
      vertex 41.6972 -21.5365 2
      vertex 41.6316 -21.7983 7.8
      vertex 41.6316 -21.7983 2
    endloop
  endfacet
  facet normal 0.941566 -0.336829 0
    outer loop
      vertex 41.5407 -22.0524 7.8
      vertex 41.6316 -21.7983 2
      vertex 41.6316 -21.7983 7.8
    endloop
  endfacet
  facet normal 0.941566 -0.336829 0
    outer loop
      vertex 41.6316 -21.7983 2
      vertex 41.5407 -22.0524 7.8
      vertex 41.5407 -22.0524 2
    endloop
  endfacet
  facet normal 0.336829 -0.941566 0
    outer loop
      vertex 39.7983 -23.6316 2
      vertex 40.0524 -23.5407 7.8
      vertex 39.7983 -23.6316 7.8
    endloop
  endfacet
  facet normal 0.336829 -0.941566 0
    outer loop
      vertex 40.0524 -23.5407 7.8
      vertex 39.7983 -23.6316 2
      vertex 40.0524 -23.5407 2
    endloop
  endfacet
  facet normal 0.998803 0.0489209 0
    outer loop
      vertex 40.5 -21 9.19
      vertex 40.4928 -20.853 7.8
      vertex 40.4928 -20.853 9.19
    endloop
  endfacet
  facet normal 0.998803 0.0489209 0
    outer loop
      vertex 40.4928 -20.853 7.8
      vertex 40.5 -21 9.19
      vertex 40.5 -21 7.8
    endloop
  endfacet
  facet normal -0.998803 0.0489209 0
    outer loop
      vertex 37.5 -21 7.8
      vertex 37.5072 -20.853 9.19
      vertex 37.5072 -20.853 7.8
    endloop
  endfacet
  facet normal -0.998803 0.0489209 0
    outer loop
      vertex 37.5072 -20.853 9.19
      vertex 37.5 -21 7.8
      vertex 37.5 -21 9.19
    endloop
  endfacet
  facet normal 0.0489209 0.998803 -0
    outer loop
      vertex 39.147 -19.5072 7.8
      vertex 39 -19.5 9.19
      vertex 39.147 -19.5072 9.19
    endloop
  endfacet
  facet normal 0.0489209 0.998803 0
    outer loop
      vertex 39 -19.5 9.19
      vertex 39.147 -19.5072 7.8
      vertex 39 -19.5 7.8
    endloop
  endfacet
  facet normal -0.0489209 -0.998803 0
    outer loop
      vertex 38.853 -22.4928 7.8
      vertex 39 -22.5 9.19
      vertex 38.853 -22.4928 9.19
    endloop
  endfacet
  facet normal -0.0489209 -0.998803 -0
    outer loop
      vertex 39 -22.5 9.19
      vertex 38.853 -22.4928 7.8
      vertex 39 -22.5 7.8
    endloop
  endfacet
  facet normal -0.74123 -0.671251 0
    outer loop
      vertex 37.9393 -22.0607 7.8
      vertex 37.8405 -21.9516 9.19
      vertex 37.8405 -21.9516 7.8
    endloop
  endfacet
  facet normal -0.74123 -0.671251 0
    outer loop
      vertex 37.8405 -21.9516 9.19
      vertex 37.9393 -22.0607 7.8
      vertex 37.9393 -22.0607 9.19
    endloop
  endfacet
  facet normal 0.671251 0.74123 -0
    outer loop
      vertex 40.0607 -19.9393 7.8
      vertex 39.9516 -19.8405 9.19
      vertex 40.0607 -19.9393 9.19
    endloop
  endfacet
  facet normal 0.671251 0.74123 0
    outer loop
      vertex 39.9516 -19.8405 9.19
      vertex 40.0607 -19.9393 7.8
      vertex 39.9516 -19.8405 7.8
    endloop
  endfacet
  facet normal -0.671251 0.74123 0
    outer loop
      vertex 38.0484 -19.8405 7.8
      vertex 37.9393 -19.9393 9.19
      vertex 38.0484 -19.8405 9.19
    endloop
  endfacet
  facet normal -0.671251 0.74123 0
    outer loop
      vertex 37.9393 -19.9393 9.19
      vertex 38.0484 -19.8405 7.8
      vertex 37.9393 -19.9393 7.8
    endloop
  endfacet
  facet normal -0.336939 0.941527 0
    outer loop
      vertex 38.5646 -19.5646 7.8
      vertex 38.426 -19.6142 9.19
      vertex 38.5646 -19.5646 9.19
    endloop
  endfacet
  facet normal -0.336939 0.941527 0
    outer loop
      vertex 38.426 -19.6142 9.19
      vertex 38.5646 -19.5646 7.8
      vertex 38.426 -19.6142 7.8
    endloop
  endfacet
  facet normal -0.941527 -0.336939 0
    outer loop
      vertex 37.6142 -21.574 7.8
      vertex 37.5646 -21.4354 9.19
      vertex 37.5646 -21.4354 7.8
    endloop
  endfacet
  facet normal -0.941527 -0.336939 0
    outer loop
      vertex 37.5646 -21.4354 9.19
      vertex 37.6142 -21.574 7.8
      vertex 37.6142 -21.574 9.19
    endloop
  endfacet
  facet normal 0.904125 0.427269 0
    outer loop
      vertex 40.3858 -20.426 9.19
      vertex 40.3229 -20.2929 7.8
      vertex 40.3229 -20.2929 9.19
    endloop
  endfacet
  facet normal 0.904125 0.427269 0
    outer loop
      vertex 40.3229 -20.2929 7.8
      vertex 40.3858 -20.426 9.19
      vertex 40.3858 -20.426 7.8
    endloop
  endfacet
  facet normal 0.336939 0.941527 -0
    outer loop
      vertex 39.574 -19.6142 7.8
      vertex 39.4354 -19.5646 9.19
      vertex 39.574 -19.6142 9.19
    endloop
  endfacet
  facet normal 0.336939 0.941527 0
    outer loop
      vertex 39.4354 -19.5646 9.19
      vertex 39.574 -19.6142 7.8
      vertex 39.4354 -19.5646 7.8
    endloop
  endfacet
  facet normal 0.514096 0.857733 -0
    outer loop
      vertex 39.8334 -19.7528 7.8
      vertex 39.7071 -19.6771 9.19
      vertex 39.8334 -19.7528 9.19
    endloop
  endfacet
  facet normal 0.514096 0.857733 0
    outer loop
      vertex 39.7071 -19.6771 9.19
      vertex 39.8334 -19.7528 7.8
      vertex 39.7071 -19.6771 7.8
    endloop
  endfacet
  facet normal -0.904125 0.427269 0
    outer loop
      vertex 37.6142 -20.426 7.8
      vertex 37.6771 -20.2929 9.19
      vertex 37.6771 -20.2929 7.8
    endloop
  endfacet
  facet normal -0.904125 0.427269 0
    outer loop
      vertex 37.6771 -20.2929 9.19
      vertex 37.6142 -20.426 7.8
      vertex 37.6142 -20.426 9.19
    endloop
  endfacet
  facet normal -0.146746 0.989174 0
    outer loop
      vertex 38.853 -19.5072 7.8
      vertex 38.7074 -19.5288 9.19
      vertex 38.853 -19.5072 9.19
    endloop
  endfacet
  facet normal -0.146746 0.989174 0
    outer loop
      vertex 38.7074 -19.5288 9.19
      vertex 38.853 -19.5072 7.8
      vertex 38.7074 -19.5288 7.8
    endloop
  endfacet
  facet normal 0.941527 -0.336939 0
    outer loop
      vertex 40.3858 -21.574 9.19
      vertex 40.4354 -21.4354 7.8
      vertex 40.4354 -21.4354 9.19
    endloop
  endfacet
  facet normal 0.941527 -0.336939 0
    outer loop
      vertex 40.4354 -21.4354 7.8
      vertex 40.3858 -21.574 9.19
      vertex 40.3858 -21.574 7.8
    endloop
  endfacet
  facet normal 0.969982 -0.243175 0
    outer loop
      vertex 40.4354 -21.4354 9.19
      vertex 40.4712 -21.2926 7.8
      vertex 40.4712 -21.2926 9.19
    endloop
  endfacet
  facet normal 0.969982 -0.243175 0
    outer loop
      vertex 40.4712 -21.2926 7.8
      vertex 40.4354 -21.4354 9.19
      vertex 40.4354 -21.4354 7.8
    endloop
  endfacet
  facet normal 0.969982 0.243175 0
    outer loop
      vertex 40.4712 -20.7074 9.19
      vertex 40.4354 -20.5646 7.8
      vertex 40.4354 -20.5646 9.19
    endloop
  endfacet
  facet normal 0.969982 0.243175 0
    outer loop
      vertex 40.4354 -20.5646 7.8
      vertex 40.4712 -20.7074 9.19
      vertex 40.4712 -20.7074 7.8
    endloop
  endfacet
  facet normal 0.989174 0.146746 0
    outer loop
      vertex 40.4928 -20.853 9.19
      vertex 40.4712 -20.7074 7.8
      vertex 40.4712 -20.7074 9.19
    endloop
  endfacet
  facet normal 0.989174 0.146746 0
    outer loop
      vertex 40.4712 -20.7074 7.8
      vertex 40.4928 -20.853 9.19
      vertex 40.4928 -20.853 7.8
    endloop
  endfacet
  facet normal 0.941527 0.336939 0
    outer loop
      vertex 40.4354 -20.5646 9.19
      vertex 40.3858 -20.426 7.8
      vertex 40.3858 -20.426 9.19
    endloop
  endfacet
  facet normal 0.941527 0.336939 0
    outer loop
      vertex 40.3858 -20.426 7.8
      vertex 40.4354 -20.5646 9.19
      vertex 40.4354 -20.5646 7.8
    endloop
  endfacet
  facet normal 0.803088 0.595861 0
    outer loop
      vertex 40.2472 -20.1666 9.19
      vertex 40.1595 -20.0484 7.8
      vertex 40.1595 -20.0484 9.19
    endloop
  endfacet
  facet normal 0.803088 0.595861 0
    outer loop
      vertex 40.1595 -20.0484 7.8
      vertex 40.2472 -20.1666 9.19
      vertex 40.2472 -20.1666 7.8
    endloop
  endfacet
  facet normal 0.74123 0.671251 0
    outer loop
      vertex 40.1595 -20.0484 9.19
      vertex 40.0607 -19.9393 7.8
      vertex 40.0607 -19.9393 9.19
    endloop
  endfacet
  facet normal 0.74123 0.671251 0
    outer loop
      vertex 40.0607 -19.9393 7.8
      vertex 40.1595 -20.0484 9.19
      vertex 40.1595 -20.0484 7.8
    endloop
  endfacet
  facet normal 0.857733 0.514096 0
    outer loop
      vertex 40.3229 -20.2929 9.19
      vertex 40.2472 -20.1666 7.8
      vertex 40.2472 -20.1666 9.19
    endloop
  endfacet
  facet normal 0.857733 0.514096 0
    outer loop
      vertex 40.2472 -20.1666 7.8
      vertex 40.3229 -20.2929 9.19
      vertex 40.3229 -20.2929 7.8
    endloop
  endfacet
  facet normal 0.243175 0.969982 -0
    outer loop
      vertex 39.4354 -19.5646 7.8
      vertex 39.2926 -19.5288 9.19
      vertex 39.4354 -19.5646 9.19
    endloop
  endfacet
  facet normal 0.243175 0.969982 0
    outer loop
      vertex 39.2926 -19.5288 9.19
      vertex 39.4354 -19.5646 7.8
      vertex 39.2926 -19.5288 7.8
    endloop
  endfacet
  facet normal 0.146746 0.989174 -0
    outer loop
      vertex 39.2926 -19.5288 7.8
      vertex 39.147 -19.5072 9.19
      vertex 39.2926 -19.5288 9.19
    endloop
  endfacet
  facet normal 0.146746 0.989174 0
    outer loop
      vertex 39.147 -19.5072 9.19
      vertex 39.2926 -19.5288 7.8
      vertex 39.147 -19.5072 7.8
    endloop
  endfacet
  facet normal 0.427269 0.904125 -0
    outer loop
      vertex 39.7071 -19.6771 7.8
      vertex 39.574 -19.6142 9.19
      vertex 39.7071 -19.6771 9.19
    endloop
  endfacet
  facet normal 0.427269 0.904125 0
    outer loop
      vertex 39.574 -19.6142 9.19
      vertex 39.7071 -19.6771 7.8
      vertex 39.574 -19.6142 7.8
    endloop
  endfacet
  facet normal 0.595861 0.803088 -0
    outer loop
      vertex 39.9516 -19.8405 7.8
      vertex 39.8334 -19.7528 9.19
      vertex 39.9516 -19.8405 9.19
    endloop
  endfacet
  facet normal 0.595861 0.803088 0
    outer loop
      vertex 39.8334 -19.7528 9.19
      vertex 39.9516 -19.8405 7.8
      vertex 39.8334 -19.7528 7.8
    endloop
  endfacet
  facet normal -0.969982 0.243175 0
    outer loop
      vertex 37.5288 -20.7074 7.8
      vertex 37.5646 -20.5646 9.19
      vertex 37.5646 -20.5646 7.8
    endloop
  endfacet
  facet normal -0.969982 0.243175 0
    outer loop
      vertex 37.5646 -20.5646 9.19
      vertex 37.5288 -20.7074 7.8
      vertex 37.5288 -20.7074 9.19
    endloop
  endfacet
  facet normal -0.803088 0.595861 0
    outer loop
      vertex 37.7528 -20.1666 7.8
      vertex 37.8405 -20.0484 9.19
      vertex 37.8405 -20.0484 7.8
    endloop
  endfacet
  facet normal -0.803088 0.595861 0
    outer loop
      vertex 37.8405 -20.0484 9.19
      vertex 37.7528 -20.1666 7.8
      vertex 37.7528 -20.1666 9.19
    endloop
  endfacet
  facet normal -0.74123 0.671251 0
    outer loop
      vertex 37.8405 -20.0484 7.8
      vertex 37.9393 -19.9393 9.19
      vertex 37.9393 -19.9393 7.8
    endloop
  endfacet
  facet normal -0.74123 0.671251 0
    outer loop
      vertex 37.9393 -19.9393 9.19
      vertex 37.8405 -20.0484 7.8
      vertex 37.8405 -20.0484 9.19
    endloop
  endfacet
  facet normal -0.857733 0.514096 0
    outer loop
      vertex 37.6771 -20.2929 7.8
      vertex 37.7528 -20.1666 9.19
      vertex 37.7528 -20.1666 7.8
    endloop
  endfacet
  facet normal -0.857733 0.514096 0
    outer loop
      vertex 37.7528 -20.1666 9.19
      vertex 37.6771 -20.2929 7.8
      vertex 37.6771 -20.2929 9.19
    endloop
  endfacet
  facet normal -0.941527 0.336939 0
    outer loop
      vertex 37.5646 -20.5646 7.8
      vertex 37.6142 -20.426 9.19
      vertex 37.6142 -20.426 7.8
    endloop
  endfacet
  facet normal -0.941527 0.336939 0
    outer loop
      vertex 37.6142 -20.426 9.19
      vertex 37.5646 -20.5646 7.8
      vertex 37.5646 -20.5646 9.19
    endloop
  endfacet
  facet normal -0.989174 0.146746 0
    outer loop
      vertex 37.5072 -20.853 7.8
      vertex 37.5288 -20.7074 9.19
      vertex 37.5288 -20.7074 7.8
    endloop
  endfacet
  facet normal -0.989174 0.146746 0
    outer loop
      vertex 37.5288 -20.7074 9.19
      vertex 37.5072 -20.853 7.8
      vertex 37.5072 -20.853 9.19
    endloop
  endfacet
  facet normal 0 0 1
    outer loop
      vertex 40.4928 -20.853 9.19
      vertex 40.4928 -21.147 9.19
      vertex 40.5 -21 9.19
    endloop
  endfacet
  facet normal 0 0 1
    outer loop
      vertex 40.4712 -20.7074 9.19
      vertex 40.4928 -21.147 9.19
      vertex 40.4928 -20.853 9.19
    endloop
  endfacet
  facet normal 0 0 1
    outer loop
      vertex 40.4712 -20.7074 9.19
      vertex 40.4712 -21.2926 9.19
      vertex 40.4928 -21.147 9.19
    endloop
  endfacet
  facet normal 0 0 1
    outer loop
      vertex 40.4354 -20.5646 9.19
      vertex 40.4712 -21.2926 9.19
      vertex 40.4712 -20.7074 9.19
    endloop
  endfacet
  facet normal 0 0 1
    outer loop
      vertex 40.4354 -20.5646 9.19
      vertex 40.4354 -21.4354 9.19
      vertex 40.4712 -21.2926 9.19
    endloop
  endfacet
  facet normal 0 0 1
    outer loop
      vertex 40.3858 -20.426 9.19
      vertex 40.4354 -21.4354 9.19
      vertex 40.4354 -20.5646 9.19
    endloop
  endfacet
  facet normal 0 0 1
    outer loop
      vertex 40.3858 -20.426 9.19
      vertex 40.3858 -21.574 9.19
      vertex 40.4354 -21.4354 9.19
    endloop
  endfacet
  facet normal 0 0 1
    outer loop
      vertex 40.3229 -20.2929 9.19
      vertex 40.3858 -21.574 9.19
      vertex 40.3858 -20.426 9.19
    endloop
  endfacet
  facet normal 0 0 1
    outer loop
      vertex 40.3229 -20.2929 9.19
      vertex 40.3229 -21.7071 9.19
      vertex 40.3858 -21.574 9.19
    endloop
  endfacet
  facet normal 0 0 1
    outer loop
      vertex 40.2472 -20.1666 9.19
      vertex 40.3229 -21.7071 9.19
      vertex 40.3229 -20.2929 9.19
    endloop
  endfacet
  facet normal 0 0 1
    outer loop
      vertex 40.2472 -20.1666 9.19
      vertex 40.2472 -21.8334 9.19
      vertex 40.3229 -21.7071 9.19
    endloop
  endfacet
  facet normal 0 0 1
    outer loop
      vertex 40.1595 -20.0484 9.19
      vertex 40.2472 -21.8334 9.19
      vertex 40.2472 -20.1666 9.19
    endloop
  endfacet
  facet normal 0 0 1
    outer loop
      vertex 40.1595 -20.0484 9.19
      vertex 40.1595 -21.9516 9.19
      vertex 40.2472 -21.8334 9.19
    endloop
  endfacet
  facet normal 0 0 1
    outer loop
      vertex 40.0607 -19.9393 9.19
      vertex 40.1595 -21.9516 9.19
      vertex 40.1595 -20.0484 9.19
    endloop
  endfacet
  facet normal 0 0 1
    outer loop
      vertex 40.0607 -19.9393 9.19
      vertex 40.0607 -22.0607 9.19
      vertex 40.1595 -21.9516 9.19
    endloop
  endfacet
  facet normal 0 0 1
    outer loop
      vertex 39.9516 -19.8405 9.19
      vertex 40.0607 -22.0607 9.19
      vertex 40.0607 -19.9393 9.19
    endloop
  endfacet
  facet normal 0 0 1
    outer loop
      vertex 39.9516 -19.8405 9.19
      vertex 39.9516 -22.1595 9.19
      vertex 40.0607 -22.0607 9.19
    endloop
  endfacet
  facet normal 0 0 1
    outer loop
      vertex 39.8334 -19.7528 9.19
      vertex 39.9516 -22.1595 9.19
      vertex 39.9516 -19.8405 9.19
    endloop
  endfacet
  facet normal 0 0 1
    outer loop
      vertex 39.8334 -19.7528 9.19
      vertex 39.8334 -22.2472 9.19
      vertex 39.9516 -22.1595 9.19
    endloop
  endfacet
  facet normal 0 0 1
    outer loop
      vertex 39.7071 -19.6771 9.19
      vertex 39.8334 -22.2472 9.19
      vertex 39.8334 -19.7528 9.19
    endloop
  endfacet
  facet normal 0 0 1
    outer loop
      vertex 39.7071 -19.6771 9.19
      vertex 39.7071 -22.3229 9.19
      vertex 39.8334 -22.2472 9.19
    endloop
  endfacet
  facet normal 0 0 1
    outer loop
      vertex 39.574 -19.6142 9.19
      vertex 39.7071 -22.3229 9.19
      vertex 39.7071 -19.6771 9.19
    endloop
  endfacet
  facet normal 0 0 1
    outer loop
      vertex 39.574 -19.6142 9.19
      vertex 39.574 -22.3858 9.19
      vertex 39.7071 -22.3229 9.19
    endloop
  endfacet
  facet normal 0 0 1
    outer loop
      vertex 39.4354 -19.5646 9.19
      vertex 39.574 -22.3858 9.19
      vertex 39.574 -19.6142 9.19
    endloop
  endfacet
  facet normal 0 0 1
    outer loop
      vertex 39.4354 -19.5646 9.19
      vertex 39.4354 -22.4354 9.19
      vertex 39.574 -22.3858 9.19
    endloop
  endfacet
  facet normal 0 0 1
    outer loop
      vertex 39.2926 -19.5288 9.19
      vertex 39.4354 -22.4354 9.19
      vertex 39.4354 -19.5646 9.19
    endloop
  endfacet
  facet normal 0 0 1
    outer loop
      vertex 39.2926 -19.5288 9.19
      vertex 39.2926 -22.4712 9.19
      vertex 39.4354 -22.4354 9.19
    endloop
  endfacet
  facet normal 0 0 1
    outer loop
      vertex 39.147 -19.5072 9.19
      vertex 39.2926 -22.4712 9.19
      vertex 39.2926 -19.5288 9.19
    endloop
  endfacet
  facet normal 0 0 1
    outer loop
      vertex 39.147 -19.5072 9.19
      vertex 39.147 -22.4928 9.19
      vertex 39.2926 -22.4712 9.19
    endloop
  endfacet
  facet normal 0 0 1
    outer loop
      vertex 39 -19.5 9.19
      vertex 39.147 -22.4928 9.19
      vertex 39.147 -19.5072 9.19
    endloop
  endfacet
  facet normal 0 0 1
    outer loop
      vertex 39 -19.5 9.19
      vertex 39 -22.5 9.19
      vertex 39.147 -22.4928 9.19
    endloop
  endfacet
  facet normal -0 0 1
    outer loop
      vertex 38.853 -19.5072 9.19
      vertex 39 -22.5 9.19
      vertex 39 -19.5 9.19
    endloop
  endfacet
  facet normal 0 0 1
    outer loop
      vertex 38.853 -19.5072 9.19
      vertex 38.853 -22.4928 9.19
      vertex 39 -22.5 9.19
    endloop
  endfacet
  facet normal -0 0 1
    outer loop
      vertex 38.7074 -19.5288 9.19
      vertex 38.853 -22.4928 9.19
      vertex 38.853 -19.5072 9.19
    endloop
  endfacet
  facet normal 0 0 1
    outer loop
      vertex 38.7074 -19.5288 9.19
      vertex 38.7074 -22.4712 9.19
      vertex 38.853 -22.4928 9.19
    endloop
  endfacet
  facet normal -0 0 1
    outer loop
      vertex 38.5646 -19.5646 9.19
      vertex 38.7074 -22.4712 9.19
      vertex 38.7074 -19.5288 9.19
    endloop
  endfacet
  facet normal 0 0 1
    outer loop
      vertex 38.5646 -19.5646 9.19
      vertex 38.5646 -22.4354 9.19
      vertex 38.7074 -22.4712 9.19
    endloop
  endfacet
  facet normal -0 0 1
    outer loop
      vertex 38.426 -19.6142 9.19
      vertex 38.5646 -22.4354 9.19
      vertex 38.5646 -19.5646 9.19
    endloop
  endfacet
  facet normal 0 0 1
    outer loop
      vertex 38.426 -19.6142 9.19
      vertex 38.426 -22.3858 9.19
      vertex 38.5646 -22.4354 9.19
    endloop
  endfacet
  facet normal -0 0 1
    outer loop
      vertex 38.2929 -19.6771 9.19
      vertex 38.426 -22.3858 9.19
      vertex 38.426 -19.6142 9.19
    endloop
  endfacet
  facet normal 0 0 1
    outer loop
      vertex 38.2929 -19.6771 9.19
      vertex 38.2929 -22.3229 9.19
      vertex 38.426 -22.3858 9.19
    endloop
  endfacet
  facet normal -0 0 1
    outer loop
      vertex 38.1666 -19.7528 9.19
      vertex 38.2929 -22.3229 9.19
      vertex 38.2929 -19.6771 9.19
    endloop
  endfacet
  facet normal 0 0 1
    outer loop
      vertex 38.1666 -19.7528 9.19
      vertex 38.1666 -22.2472 9.19
      vertex 38.2929 -22.3229 9.19
    endloop
  endfacet
  facet normal -0 0 1
    outer loop
      vertex 38.0484 -19.8405 9.19
      vertex 38.1666 -22.2472 9.19
      vertex 38.1666 -19.7528 9.19
    endloop
  endfacet
  facet normal 0 0 1
    outer loop
      vertex 38.0484 -19.8405 9.19
      vertex 38.0484 -22.1595 9.19
      vertex 38.1666 -22.2472 9.19
    endloop
  endfacet
  facet normal -0 0 1
    outer loop
      vertex 37.9393 -19.9393 9.19
      vertex 38.0484 -22.1595 9.19
      vertex 38.0484 -19.8405 9.19
    endloop
  endfacet
  facet normal 0 0 1
    outer loop
      vertex 37.9393 -19.9393 9.19
      vertex 37.9393 -22.0607 9.19
      vertex 38.0484 -22.1595 9.19
    endloop
  endfacet
  facet normal -0 0 1
    outer loop
      vertex 37.8405 -20.0484 9.19
      vertex 37.9393 -22.0607 9.19
      vertex 37.9393 -19.9393 9.19
    endloop
  endfacet
  facet normal 0 0 1
    outer loop
      vertex 37.8405 -20.0484 9.19
      vertex 37.8405 -21.9516 9.19
      vertex 37.9393 -22.0607 9.19
    endloop
  endfacet
  facet normal -0 0 1
    outer loop
      vertex 37.7528 -20.1666 9.19
      vertex 37.8405 -21.9516 9.19
      vertex 37.8405 -20.0484 9.19
    endloop
  endfacet
  facet normal 0 0 1
    outer loop
      vertex 37.7528 -20.1666 9.19
      vertex 37.7528 -21.8334 9.19
      vertex 37.8405 -21.9516 9.19
    endloop
  endfacet
  facet normal -0 0 1
    outer loop
      vertex 37.6771 -20.2929 9.19
      vertex 37.7528 -21.8334 9.19
      vertex 37.7528 -20.1666 9.19
    endloop
  endfacet
  facet normal 0 0 1
    outer loop
      vertex 37.6771 -20.2929 9.19
      vertex 37.6771 -21.7071 9.19
      vertex 37.7528 -21.8334 9.19
    endloop
  endfacet
  facet normal -0 0 1
    outer loop
      vertex 37.6142 -20.426 9.19
      vertex 37.6771 -21.7071 9.19
      vertex 37.6771 -20.2929 9.19
    endloop
  endfacet
  facet normal 0 0 1
    outer loop
      vertex 37.6142 -20.426 9.19
      vertex 37.6142 -21.574 9.19
      vertex 37.6771 -21.7071 9.19
    endloop
  endfacet
  facet normal -0 0 1
    outer loop
      vertex 37.5646 -20.5646 9.19
      vertex 37.6142 -21.574 9.19
      vertex 37.6142 -20.426 9.19
    endloop
  endfacet
  facet normal 0 0 1
    outer loop
      vertex 37.5646 -20.5646 9.19
      vertex 37.5646 -21.4354 9.19
      vertex 37.6142 -21.574 9.19
    endloop
  endfacet
  facet normal -0 0 1
    outer loop
      vertex 37.5288 -20.7074 9.19
      vertex 37.5646 -21.4354 9.19
      vertex 37.5646 -20.5646 9.19
    endloop
  endfacet
  facet normal 0 0 1
    outer loop
      vertex 37.5288 -20.7074 9.19
      vertex 37.5288 -21.2926 9.19
      vertex 37.5646 -21.4354 9.19
    endloop
  endfacet
  facet normal -0 0 1
    outer loop
      vertex 37.5072 -20.853 9.19
      vertex 37.5288 -21.2926 9.19
      vertex 37.5288 -20.7074 9.19
    endloop
  endfacet
  facet normal 0 0 1
    outer loop
      vertex 37.5072 -20.853 9.19
      vertex 37.5072 -21.147 9.19
      vertex 37.5288 -21.2926 9.19
    endloop
  endfacet
  facet normal 0 -0 1
    outer loop
      vertex 37.5072 -21.147 9.19
      vertex 37.5072 -20.853 9.19
      vertex 37.5 -21 9.19
    endloop
  endfacet
  facet normal -0.514096 0.857733 0
    outer loop
      vertex 38.2929 -19.6771 7.8
      vertex 38.1666 -19.7528 9.19
      vertex 38.2929 -19.6771 9.19
    endloop
  endfacet
  facet normal -0.514096 0.857733 0
    outer loop
      vertex 38.1666 -19.7528 9.19
      vertex 38.2929 -19.6771 7.8
      vertex 38.1666 -19.7528 7.8
    endloop
  endfacet
  facet normal -0.427269 0.904125 0
    outer loop
      vertex 38.426 -19.6142 7.8
      vertex 38.2929 -19.6771 9.19
      vertex 38.426 -19.6142 9.19
    endloop
  endfacet
  facet normal -0.427269 0.904125 0
    outer loop
      vertex 38.2929 -19.6771 9.19
      vertex 38.426 -19.6142 7.8
      vertex 38.2929 -19.6771 7.8
    endloop
  endfacet
  facet normal -0.595861 0.803088 0
    outer loop
      vertex 38.1666 -19.7528 7.8
      vertex 38.0484 -19.8405 9.19
      vertex 38.1666 -19.7528 9.19
    endloop
  endfacet
  facet normal -0.595861 0.803088 0
    outer loop
      vertex 38.0484 -19.8405 9.19
      vertex 38.1666 -19.7528 7.8
      vertex 38.0484 -19.8405 7.8
    endloop
  endfacet
  facet normal -0.243175 0.969982 0
    outer loop
      vertex 38.7074 -19.5288 7.8
      vertex 38.5646 -19.5646 9.19
      vertex 38.7074 -19.5288 9.19
    endloop
  endfacet
  facet normal -0.243175 0.969982 0
    outer loop
      vertex 38.5646 -19.5646 9.19
      vertex 38.7074 -19.5288 7.8
      vertex 38.5646 -19.5646 7.8
    endloop
  endfacet
  facet normal -0.0489209 0.998803 0
    outer loop
      vertex 39 -19.5 7.8
      vertex 38.853 -19.5072 9.19
      vertex 39 -19.5 9.19
    endloop
  endfacet
  facet normal -0.0489209 0.998803 0
    outer loop
      vertex 38.853 -19.5072 9.19
      vertex 39 -19.5 7.8
      vertex 38.853 -19.5072 7.8
    endloop
  endfacet
  facet normal 0.0489209 -0.998803 0
    outer loop
      vertex 39 -22.5 7.8
      vertex 39.147 -22.4928 9.19
      vertex 39 -22.5 9.19
    endloop
  endfacet
  facet normal 0.0489209 -0.998803 0
    outer loop
      vertex 39.147 -22.4928 9.19
      vertex 39 -22.5 7.8
      vertex 39.147 -22.4928 7.8
    endloop
  endfacet
  facet normal 0.336939 -0.941527 0
    outer loop
      vertex 39.4354 -22.4354 7.8
      vertex 39.574 -22.3858 9.19
      vertex 39.4354 -22.4354 9.19
    endloop
  endfacet
  facet normal 0.336939 -0.941527 0
    outer loop
      vertex 39.574 -22.3858 9.19
      vertex 39.4354 -22.4354 7.8
      vertex 39.574 -22.3858 7.8
    endloop
  endfacet
  facet normal 0.671251 -0.74123 0
    outer loop
      vertex 39.9516 -22.1595 7.8
      vertex 40.0607 -22.0607 9.19
      vertex 39.9516 -22.1595 9.19
    endloop
  endfacet
  facet normal 0.671251 -0.74123 0
    outer loop
      vertex 40.0607 -22.0607 9.19
      vertex 39.9516 -22.1595 7.8
      vertex 40.0607 -22.0607 7.8
    endloop
  endfacet
  facet normal 0.514096 -0.857733 0
    outer loop
      vertex 39.7071 -22.3229 7.8
      vertex 39.8334 -22.2472 9.19
      vertex 39.7071 -22.3229 9.19
    endloop
  endfacet
  facet normal 0.514096 -0.857733 0
    outer loop
      vertex 39.8334 -22.2472 9.19
      vertex 39.7071 -22.3229 7.8
      vertex 39.8334 -22.2472 7.8
    endloop
  endfacet
  facet normal 0.803088 -0.595861 0
    outer loop
      vertex 40.1595 -21.9516 9.19
      vertex 40.2472 -21.8334 7.8
      vertex 40.2472 -21.8334 9.19
    endloop
  endfacet
  facet normal 0.803088 -0.595861 0
    outer loop
      vertex 40.2472 -21.8334 7.8
      vertex 40.1595 -21.9516 9.19
      vertex 40.1595 -21.9516 7.8
    endloop
  endfacet
  facet normal 0.904125 -0.427269 0
    outer loop
      vertex 40.3229 -21.7071 9.19
      vertex 40.3858 -21.574 7.8
      vertex 40.3858 -21.574 9.19
    endloop
  endfacet
  facet normal 0.904125 -0.427269 0
    outer loop
      vertex 40.3858 -21.574 7.8
      vertex 40.3229 -21.7071 9.19
      vertex 40.3229 -21.7071 7.8
    endloop
  endfacet
  facet normal -0.671251 -0.74123 0
    outer loop
      vertex 37.9393 -22.0607 7.8
      vertex 38.0484 -22.1595 9.19
      vertex 37.9393 -22.0607 9.19
    endloop
  endfacet
  facet normal -0.671251 -0.74123 -0
    outer loop
      vertex 38.0484 -22.1595 9.19
      vertex 37.9393 -22.0607 7.8
      vertex 38.0484 -22.1595 7.8
    endloop
  endfacet
  facet normal -0.514096 -0.857733 0
    outer loop
      vertex 38.1666 -22.2472 7.8
      vertex 38.2929 -22.3229 9.19
      vertex 38.1666 -22.2472 9.19
    endloop
  endfacet
  facet normal -0.514096 -0.857733 -0
    outer loop
      vertex 38.2929 -22.3229 9.19
      vertex 38.1666 -22.2472 7.8
      vertex 38.2929 -22.3229 7.8
    endloop
  endfacet
  facet normal -0.336939 -0.941527 0
    outer loop
      vertex 38.426 -22.3858 7.8
      vertex 38.5646 -22.4354 9.19
      vertex 38.426 -22.3858 9.19
    endloop
  endfacet
  facet normal -0.336939 -0.941527 -0
    outer loop
      vertex 38.5646 -22.4354 9.19
      vertex 38.426 -22.3858 7.8
      vertex 38.5646 -22.4354 7.8
    endloop
  endfacet
  facet normal -0.146746 -0.989174 0
    outer loop
      vertex 38.7074 -22.4712 7.8
      vertex 38.853 -22.4928 9.19
      vertex 38.7074 -22.4712 9.19
    endloop
  endfacet
  facet normal -0.146746 -0.989174 -0
    outer loop
      vertex 38.853 -22.4928 9.19
      vertex 38.7074 -22.4712 7.8
      vertex 38.853 -22.4928 7.8
    endloop
  endfacet
  facet normal -0.904125 -0.427269 0
    outer loop
      vertex 37.6771 -21.7071 7.8
      vertex 37.6142 -21.574 9.19
      vertex 37.6142 -21.574 7.8
    endloop
  endfacet
  facet normal -0.904125 -0.427269 0
    outer loop
      vertex 37.6142 -21.574 9.19
      vertex 37.6771 -21.7071 7.8
      vertex 37.6771 -21.7071 9.19
    endloop
  endfacet
  facet normal -0.803088 -0.595861 0
    outer loop
      vertex 37.8405 -21.9516 7.8
      vertex 37.7528 -21.8334 9.19
      vertex 37.7528 -21.8334 7.8
    endloop
  endfacet
  facet normal -0.803088 -0.595861 0
    outer loop
      vertex 37.7528 -21.8334 9.19
      vertex 37.8405 -21.9516 7.8
      vertex 37.8405 -21.9516 9.19
    endloop
  endfacet
  facet normal -0.969982 -0.243175 0
    outer loop
      vertex 37.5646 -21.4354 7.8
      vertex 37.5288 -21.2926 9.19
      vertex 37.5288 -21.2926 7.8
    endloop
  endfacet
  facet normal -0.969982 -0.243175 0
    outer loop
      vertex 37.5288 -21.2926 9.19
      vertex 37.5646 -21.4354 7.8
      vertex 37.5646 -21.4354 9.19
    endloop
  endfacet
  facet normal -0.998803 -0.0489209 0
    outer loop
      vertex 37.5072 -21.147 7.8
      vertex 37.5 -21 9.19
      vertex 37.5 -21 7.8
    endloop
  endfacet
  facet normal -0.998803 -0.0489209 0
    outer loop
      vertex 37.5 -21 9.19
      vertex 37.5072 -21.147 7.8
      vertex 37.5072 -21.147 9.19
    endloop
  endfacet
  facet normal 0.146746 -0.989174 0
    outer loop
      vertex 39.147 -22.4928 7.8
      vertex 39.2926 -22.4712 9.19
      vertex 39.147 -22.4928 9.19
    endloop
  endfacet
  facet normal 0.146746 -0.989174 0
    outer loop
      vertex 39.2926 -22.4712 9.19
      vertex 39.147 -22.4928 7.8
      vertex 39.2926 -22.4712 7.8
    endloop
  endfacet
  facet normal 0.427269 -0.904125 0
    outer loop
      vertex 39.574 -22.3858 7.8
      vertex 39.7071 -22.3229 9.19
      vertex 39.574 -22.3858 9.19
    endloop
  endfacet
  facet normal 0.427269 -0.904125 0
    outer loop
      vertex 39.7071 -22.3229 9.19
      vertex 39.574 -22.3858 7.8
      vertex 39.7071 -22.3229 7.8
    endloop
  endfacet
  facet normal 0.74123 -0.671251 0
    outer loop
      vertex 40.0607 -22.0607 9.19
      vertex 40.1595 -21.9516 7.8
      vertex 40.1595 -21.9516 9.19
    endloop
  endfacet
  facet normal 0.74123 -0.671251 0
    outer loop
      vertex 40.1595 -21.9516 7.8
      vertex 40.0607 -22.0607 9.19
      vertex 40.0607 -22.0607 7.8
    endloop
  endfacet
  facet normal 0.595861 -0.803088 0
    outer loop
      vertex 39.8334 -22.2472 7.8
      vertex 39.9516 -22.1595 9.19
      vertex 39.8334 -22.2472 9.19
    endloop
  endfacet
  facet normal 0.595861 -0.803088 0
    outer loop
      vertex 39.9516 -22.1595 9.19
      vertex 39.8334 -22.2472 7.8
      vertex 39.9516 -22.1595 7.8
    endloop
  endfacet
  facet normal 0.857733 -0.514096 0
    outer loop
      vertex 40.2472 -21.8334 9.19
      vertex 40.3229 -21.7071 7.8
      vertex 40.3229 -21.7071 9.19
    endloop
  endfacet
  facet normal 0.857733 -0.514096 0
    outer loop
      vertex 40.3229 -21.7071 7.8
      vertex 40.2472 -21.8334 9.19
      vertex 40.2472 -21.8334 7.8
    endloop
  endfacet
  facet normal 0.989174 -0.146746 0
    outer loop
      vertex 40.4712 -21.2926 9.19
      vertex 40.4928 -21.147 7.8
      vertex 40.4928 -21.147 9.19
    endloop
  endfacet
  facet normal 0.989174 -0.146746 0
    outer loop
      vertex 40.4928 -21.147 7.8
      vertex 40.4712 -21.2926 9.19
      vertex 40.4712 -21.2926 7.8
    endloop
  endfacet
  facet normal 0.998803 -0.0489209 0
    outer loop
      vertex 40.4928 -21.147 9.19
      vertex 40.5 -21 7.8
      vertex 40.5 -21 9.19
    endloop
  endfacet
  facet normal 0.998803 -0.0489209 0
    outer loop
      vertex 40.5 -21 7.8
      vertex 40.4928 -21.147 9.19
      vertex 40.4928 -21.147 7.8
    endloop
  endfacet
  facet normal -0.595861 -0.803088 0
    outer loop
      vertex 38.0484 -22.1595 7.8
      vertex 38.1666 -22.2472 9.19
      vertex 38.0484 -22.1595 9.19
    endloop
  endfacet
  facet normal -0.595861 -0.803088 -0
    outer loop
      vertex 38.1666 -22.2472 9.19
      vertex 38.0484 -22.1595 7.8
      vertex 38.1666 -22.2472 7.8
    endloop
  endfacet
  facet normal -0.427269 -0.904125 0
    outer loop
      vertex 38.2929 -22.3229 7.8
      vertex 38.426 -22.3858 9.19
      vertex 38.2929 -22.3229 9.19
    endloop
  endfacet
  facet normal -0.427269 -0.904125 -0
    outer loop
      vertex 38.426 -22.3858 9.19
      vertex 38.2929 -22.3229 7.8
      vertex 38.426 -22.3858 7.8
    endloop
  endfacet
  facet normal -0.243175 -0.969982 0
    outer loop
      vertex 38.5646 -22.4354 7.8
      vertex 38.7074 -22.4712 9.19
      vertex 38.5646 -22.4354 9.19
    endloop
  endfacet
  facet normal -0.243175 -0.969982 -0
    outer loop
      vertex 38.7074 -22.4712 9.19
      vertex 38.5646 -22.4354 7.8
      vertex 38.7074 -22.4712 7.8
    endloop
  endfacet
  facet normal -0.857733 -0.514096 0
    outer loop
      vertex 37.7528 -21.8334 7.8
      vertex 37.6771 -21.7071 9.19
      vertex 37.6771 -21.7071 7.8
    endloop
  endfacet
  facet normal -0.857733 -0.514096 0
    outer loop
      vertex 37.6771 -21.7071 9.19
      vertex 37.7528 -21.8334 7.8
      vertex 37.7528 -21.8334 9.19
    endloop
  endfacet
  facet normal -0.989174 -0.146746 0
    outer loop
      vertex 37.5288 -21.2926 7.8
      vertex 37.5072 -21.147 9.19
      vertex 37.5072 -21.147 7.8
    endloop
  endfacet
  facet normal -0.989174 -0.146746 0
    outer loop
      vertex 37.5072 -21.147 9.19
      vertex 37.5288 -21.2926 7.8
      vertex 37.5288 -21.2926 9.19
    endloop
  endfacet
  facet normal 0.243175 -0.969982 0
    outer loop
      vertex 39.2926 -22.4712 7.8
      vertex 39.4354 -22.4354 9.19
      vertex 39.2926 -22.4712 9.19
    endloop
  endfacet
  facet normal 0.243175 -0.969982 0
    outer loop
      vertex 39.4354 -22.4354 9.19
      vertex 39.2926 -22.4712 7.8
      vertex 39.4354 -22.4354 7.8
    endloop
  endfacet
  facet normal 0.595485 0.803367 -0
    outer loop
      vertex 40.7446 23.1258 2
      vertex 40.5278 23.2865 7.8
      vertex 40.7446 23.1258 7.8
    endloop
  endfacet
  facet normal 0.595485 0.803367 0
    outer loop
      vertex 40.5278 23.2865 7.8
      vertex 40.7446 23.1258 2
      vertex 40.5278 23.2865 2
    endloop
  endfacet
  facet normal 0.998803 -0.0489209 0
    outer loop
      vertex 41.7368 20.7305 7.8
      vertex 41.75 21 2
      vertex 41.75 21 7.8
    endloop
  endfacet
  facet normal 0.998803 -0.0489209 0
    outer loop
      vertex 41.75 21 2
      vertex 41.7368 20.7305 7.8
      vertex 41.7368 20.7305 2
    endloop
  endfacet
  facet normal -0.336829 0.941566 0
    outer loop
      vertex 38.2017 23.6316 2
      vertex 37.9476 23.5407 7.8
      vertex 38.2017 23.6316 7.8
    endloop
  endfacet
  facet normal -0.336829 0.941566 0
    outer loop
      vertex 37.9476 23.5407 7.8
      vertex 38.2017 23.6316 2
      vertex 37.9476 23.5407 2
    endloop
  endfacet
  facet normal -0.903926 0.427688 0
    outer loop
      vertex 36.4593 22.0524 2
      vertex 36.5747 22.2963 7.8
      vertex 36.5747 22.2963 2
    endloop
  endfacet
  facet normal -0.903926 0.427688 0
    outer loop
      vertex 36.5747 22.2963 7.8
      vertex 36.4593 22.0524 2
      vertex 36.4593 22.0524 7.8
    endloop
  endfacet
  facet normal 0.903926 0.427688 0
    outer loop
      vertex 41.5407 22.0524 7.8
      vertex 41.4253 22.2963 2
      vertex 41.4253 22.2963 7.8
    endloop
  endfacet
  facet normal 0.903926 0.427688 0
    outer loop
      vertex 41.4253 22.2963 2
      vertex 41.5407 22.0524 7.8
      vertex 41.5407 22.0524 2
    endloop
  endfacet
  facet normal 0.857656 0.514223 0
    outer loop
      vertex 41.4253 22.2963 7.8
      vertex 41.2865 22.5278 2
      vertex 41.2865 22.5278 7.8
    endloop
  endfacet
  facet normal 0.857656 0.514223 0
    outer loop
      vertex 41.2865 22.5278 2
      vertex 41.4253 22.2963 7.8
      vertex 41.4253 22.2963 2
    endloop
  endfacet
  facet normal 0.427688 0.903926 -0
    outer loop
      vertex 40.2963 23.4253 2
      vertex 40.0524 23.5407 7.8
      vertex 40.2963 23.4253 7.8
    endloop
  endfacet
  facet normal 0.427688 0.903926 0
    outer loop
      vertex 40.0524 23.5407 7.8
      vertex 40.2963 23.4253 2
      vertex 40.0524 23.5407 2
    endloop
  endfacet
  facet normal 0.14671 0.98918 -0
    outer loop
      vertex 39.5365 23.6972 2
      vertex 39.2695 23.7368 7.8
      vertex 39.5365 23.6972 7.8
    endloop
  endfacet
  facet normal 0.14671 0.98918 0
    outer loop
      vertex 39.2695 23.7368 7.8
      vertex 39.5365 23.6972 2
      vertex 39.2695 23.7368 2
    endloop
  endfacet
  facet normal -0.98918 0.14671 0
    outer loop
      vertex 36.2632 21.2695 2
      vertex 36.3028 21.5365 7.8
      vertex 36.3028 21.5365 2
    endloop
  endfacet
  facet normal -0.98918 0.14671 0
    outer loop
      vertex 36.3028 21.5365 7.8
      vertex 36.2632 21.2695 2
      vertex 36.2632 21.2695 7.8
    endloop
  endfacet
  facet normal -0.740728 0.671805 0
    outer loop
      vertex 36.8742 22.7446 2
      vertex 37.0555 22.9445 7.8
      vertex 37.0555 22.9445 2
    endloop
  endfacet
  facet normal -0.740728 0.671805 0
    outer loop
      vertex 37.0555 22.9445 7.8
      vertex 36.8742 22.7446 2
      vertex 36.8742 22.7446 7.8
    endloop
  endfacet
  facet normal -0.14671 0.98918 0
    outer loop
      vertex 38.7305 23.7368 2
      vertex 38.4635 23.6972 7.8
      vertex 38.7305 23.7368 7.8
    endloop
  endfacet
  facet normal -0.14671 0.98918 0
    outer loop
      vertex 38.4635 23.6972 7.8
      vertex 38.7305 23.7368 2
      vertex 38.4635 23.6972 2
    endloop
  endfacet
  facet normal -0.14671 -0.98918 0
    outer loop
      vertex 38.4635 18.3028 2
      vertex 38.7305 18.2632 7.8
      vertex 38.4635 18.3028 7.8
    endloop
  endfacet
  facet normal -0.14671 -0.98918 -0
    outer loop
      vertex 38.7305 18.2632 7.8
      vertex 38.4635 18.3028 2
      vertex 38.7305 18.2632 2
    endloop
  endfacet
  facet normal -0.671805 -0.740728 0
    outer loop
      vertex 37.0555 19.0555 2
      vertex 37.2554 18.8742 7.8
      vertex 37.0555 19.0555 7.8
    endloop
  endfacet
  facet normal -0.671805 -0.740728 -0
    outer loop
      vertex 37.2554 18.8742 7.8
      vertex 37.0555 19.0555 2
      vertex 37.2554 18.8742 2
    endloop
  endfacet
  facet normal -0.740728 -0.671805 0
    outer loop
      vertex 37.0555 19.0555 2
      vertex 36.8742 19.2554 7.8
      vertex 36.8742 19.2554 2
    endloop
  endfacet
  facet normal -0.740728 -0.671805 0
    outer loop
      vertex 36.8742 19.2554 7.8
      vertex 37.0555 19.0555 2
      vertex 37.0555 19.0555 7.8
    endloop
  endfacet
  facet normal 0.98918 0.14671 0
    outer loop
      vertex 41.7368 21.2695 7.8
      vertex 41.6972 21.5365 2
      vertex 41.6972 21.5365 7.8
    endloop
  endfacet
  facet normal 0.98918 0.14671 0
    outer loop
      vertex 41.6972 21.5365 2
      vertex 41.7368 21.2695 7.8
      vertex 41.7368 21.2695 2
    endloop
  endfacet
  facet normal 0.970012 0.243059 0
    outer loop
      vertex 41.6972 21.5365 7.8
      vertex 41.6316 21.7983 2
      vertex 41.6316 21.7983 7.8
    endloop
  endfacet
  facet normal 0.970012 0.243059 0
    outer loop
      vertex 41.6316 21.7983 2
      vertex 41.6972 21.5365 7.8
      vertex 41.6972 21.5365 2
    endloop
  endfacet
  facet normal 0.941566 0.336829 0
    outer loop
      vertex 41.6316 21.7983 7.8
      vertex 41.5407 22.0524 2
      vertex 41.5407 22.0524 7.8
    endloop
  endfacet
  facet normal 0.941566 0.336829 0
    outer loop
      vertex 41.5407 22.0524 2
      vertex 41.6316 21.7983 7.8
      vertex 41.6316 21.7983 2
    endloop
  endfacet
  facet normal 0.740728 0.671805 0
    outer loop
      vertex 41.1258 22.7446 7.8
      vertex 40.9445 22.9445 2
      vertex 40.9445 22.9445 7.8
    endloop
  endfacet
  facet normal 0.740728 0.671805 0
    outer loop
      vertex 40.9445 22.9445 2
      vertex 41.1258 22.7446 7.8
      vertex 41.1258 22.7446 2
    endloop
  endfacet
  facet normal 0.803367 0.595485 0
    outer loop
      vertex 41.2865 22.5278 7.8
      vertex 41.1258 22.7446 2
      vertex 41.1258 22.7446 7.8
    endloop
  endfacet
  facet normal 0.803367 0.595485 0
    outer loop
      vertex 41.1258 22.7446 2
      vertex 41.2865 22.5278 7.8
      vertex 41.2865 22.5278 2
    endloop
  endfacet
  facet normal 0.671805 0.740728 -0
    outer loop
      vertex 40.9445 22.9445 2
      vertex 40.7446 23.1258 7.8
      vertex 40.9445 22.9445 7.8
    endloop
  endfacet
  facet normal 0.671805 0.740728 0
    outer loop
      vertex 40.7446 23.1258 7.8
      vertex 40.9445 22.9445 2
      vertex 40.7446 23.1258 2
    endloop
  endfacet
  facet normal 0.514223 0.857656 -0
    outer loop
      vertex 40.5278 23.2865 2
      vertex 40.2963 23.4253 7.8
      vertex 40.5278 23.2865 7.8
    endloop
  endfacet
  facet normal 0.514223 0.857656 0
    outer loop
      vertex 40.2963 23.4253 7.8
      vertex 40.5278 23.2865 2
      vertex 40.2963 23.4253 2
    endloop
  endfacet
  facet normal 0.0489209 0.998803 -0
    outer loop
      vertex 39.2695 23.7368 2
      vertex 39 23.75 7.8
      vertex 39.2695 23.7368 7.8
    endloop
  endfacet
  facet normal 0.0489209 0.998803 0
    outer loop
      vertex 39 23.75 7.8
      vertex 39.2695 23.7368 2
      vertex 39 23.75 2
    endloop
  endfacet
  facet normal 0.336829 0.941566 -0
    outer loop
      vertex 40.0524 23.5407 2
      vertex 39.7983 23.6316 7.8
      vertex 40.0524 23.5407 7.8
    endloop
  endfacet
  facet normal 0.336829 0.941566 0
    outer loop
      vertex 39.7983 23.6316 7.8
      vertex 40.0524 23.5407 2
      vertex 39.7983 23.6316 2
    endloop
  endfacet
  facet normal 0.243059 0.970012 -0
    outer loop
      vertex 39.7983 23.6316 2
      vertex 39.5365 23.6972 7.8
      vertex 39.7983 23.6316 7.8
    endloop
  endfacet
  facet normal 0.243059 0.970012 0
    outer loop
      vertex 39.5365 23.6972 7.8
      vertex 39.7983 23.6316 2
      vertex 39.5365 23.6972 2
    endloop
  endfacet
  facet normal -0.998803 0.0489209 0
    outer loop
      vertex 36.25 21 2
      vertex 36.2632 21.2695 7.8
      vertex 36.2632 21.2695 2
    endloop
  endfacet
  facet normal -0.998803 0.0489209 0
    outer loop
      vertex 36.2632 21.2695 7.8
      vertex 36.25 21 2
      vertex 36.25 21 7.8
    endloop
  endfacet
  facet normal -0.941566 0.336829 0
    outer loop
      vertex 36.3684 21.7983 2
      vertex 36.4593 22.0524 7.8
      vertex 36.4593 22.0524 2
    endloop
  endfacet
  facet normal -0.941566 0.336829 0
    outer loop
      vertex 36.4593 22.0524 7.8
      vertex 36.3684 21.7983 2
      vertex 36.3684 21.7983 7.8
    endloop
  endfacet
  facet normal -0.970012 0.243059 0
    outer loop
      vertex 36.3028 21.5365 2
      vertex 36.3684 21.7983 7.8
      vertex 36.3684 21.7983 2
    endloop
  endfacet
  facet normal -0.970012 0.243059 0
    outer loop
      vertex 36.3684 21.7983 7.8
      vertex 36.3028 21.5365 2
      vertex 36.3028 21.5365 7.8
    endloop
  endfacet
  facet normal -0.857656 0.514223 0
    outer loop
      vertex 36.5747 22.2963 2
      vertex 36.7135 22.5278 7.8
      vertex 36.7135 22.5278 2
    endloop
  endfacet
  facet normal -0.857656 0.514223 0
    outer loop
      vertex 36.7135 22.5278 7.8
      vertex 36.5747 22.2963 2
      vertex 36.5747 22.2963 7.8
    endloop
  endfacet
  facet normal -0.803367 0.595485 0
    outer loop
      vertex 36.7135 22.5278 2
      vertex 36.8742 22.7446 7.8
      vertex 36.8742 22.7446 2
    endloop
  endfacet
  facet normal -0.803367 0.595485 0
    outer loop
      vertex 36.8742 22.7446 7.8
      vertex 36.7135 22.5278 2
      vertex 36.7135 22.5278 7.8
    endloop
  endfacet
  facet normal -0.243059 0.970012 0
    outer loop
      vertex 38.4635 23.6972 2
      vertex 38.2017 23.6316 7.8
      vertex 38.4635 23.6972 7.8
    endloop
  endfacet
  facet normal -0.243059 0.970012 0
    outer loop
      vertex 38.2017 23.6316 7.8
      vertex 38.4635 23.6972 2
      vertex 38.2017 23.6316 2
    endloop
  endfacet
  facet normal -0.0489209 0.998803 0
    outer loop
      vertex 39 23.75 2
      vertex 38.7305 23.7368 7.8
      vertex 39 23.75 7.8
    endloop
  endfacet
  facet normal -0.0489209 0.998803 0
    outer loop
      vertex 38.7305 23.7368 7.8
      vertex 39 23.75 2
      vertex 38.7305 23.7368 2
    endloop
  endfacet
  facet normal -0.514223 0.857656 0
    outer loop
      vertex 37.7037 23.4253 2
      vertex 37.4722 23.2865 7.8
      vertex 37.7037 23.4253 7.8
    endloop
  endfacet
  facet normal -0.514223 0.857656 0
    outer loop
      vertex 37.4722 23.2865 7.8
      vertex 37.7037 23.4253 2
      vertex 37.4722 23.2865 2
    endloop
  endfacet
  facet normal -0.595485 0.803367 0
    outer loop
      vertex 37.4722 23.2865 2
      vertex 37.2554 23.1258 7.8
      vertex 37.4722 23.2865 7.8
    endloop
  endfacet
  facet normal -0.595485 0.803367 0
    outer loop
      vertex 37.2554 23.1258 7.8
      vertex 37.4722 23.2865 2
      vertex 37.2554 23.1258 2
    endloop
  endfacet
  facet normal -0.427688 0.903926 0
    outer loop
      vertex 37.9476 23.5407 2
      vertex 37.7037 23.4253 7.8
      vertex 37.9476 23.5407 7.8
    endloop
  endfacet
  facet normal -0.427688 0.903926 0
    outer loop
      vertex 37.7037 23.4253 7.8
      vertex 37.9476 23.5407 2
      vertex 37.7037 23.4253 2
    endloop
  endfacet
  facet normal -0.671805 0.740728 0
    outer loop
      vertex 37.2554 23.1258 2
      vertex 37.0555 22.9445 7.8
      vertex 37.2554 23.1258 7.8
    endloop
  endfacet
  facet normal -0.671805 0.740728 0
    outer loop
      vertex 37.0555 22.9445 7.8
      vertex 37.2554 23.1258 2
      vertex 37.0555 22.9445 2
    endloop
  endfacet
  facet normal 0.998803 0.0489209 0
    outer loop
      vertex 41.75 21 7.8
      vertex 41.7368 21.2695 2
      vertex 41.7368 21.2695 7.8
    endloop
  endfacet
  facet normal 0.998803 0.0489209 0
    outer loop
      vertex 41.7368 21.2695 2
      vertex 41.75 21 7.8
      vertex 41.75 21 2
    endloop
  endfacet
  facet normal 0.0489209 -0.998803 0
    outer loop
      vertex 39 18.25 2
      vertex 39.2695 18.2632 7.8
      vertex 39 18.25 7.8
    endloop
  endfacet
  facet normal 0.0489209 -0.998803 0
    outer loop
      vertex 39.2695 18.2632 7.8
      vertex 39 18.25 2
      vertex 39.2695 18.2632 2
    endloop
  endfacet
  facet normal 0.903926 -0.427688 0
    outer loop
      vertex 41.4253 19.7037 7.8
      vertex 41.5407 19.9476 2
      vertex 41.5407 19.9476 7.8
    endloop
  endfacet
  facet normal 0.903926 -0.427688 0
    outer loop
      vertex 41.5407 19.9476 2
      vertex 41.4253 19.7037 7.8
      vertex 41.4253 19.7037 2
    endloop
  endfacet
  facet normal 0.14671 -0.98918 0
    outer loop
      vertex 39.2695 18.2632 2
      vertex 39.5365 18.3028 7.8
      vertex 39.2695 18.2632 7.8
    endloop
  endfacet
  facet normal 0.14671 -0.98918 0
    outer loop
      vertex 39.5365 18.3028 7.8
      vertex 39.2695 18.2632 2
      vertex 39.5365 18.3028 2
    endloop
  endfacet
  facet normal 0.740728 -0.671805 0
    outer loop
      vertex 40.9445 19.0555 7.8
      vertex 41.1258 19.2554 2
      vertex 41.1258 19.2554 7.8
    endloop
  endfacet
  facet normal 0.740728 -0.671805 0
    outer loop
      vertex 41.1258 19.2554 2
      vertex 40.9445 19.0555 7.8
      vertex 40.9445 19.0555 2
    endloop
  endfacet
  facet normal 0.671805 -0.740728 0
    outer loop
      vertex 40.7446 18.8742 2
      vertex 40.9445 19.0555 7.8
      vertex 40.7446 18.8742 7.8
    endloop
  endfacet
  facet normal 0.671805 -0.740728 0
    outer loop
      vertex 40.9445 19.0555 7.8
      vertex 40.7446 18.8742 2
      vertex 40.9445 19.0555 2
    endloop
  endfacet
  facet normal 0.514223 -0.857656 0
    outer loop
      vertex 40.2963 18.5747 2
      vertex 40.5278 18.7135 7.8
      vertex 40.2963 18.5747 7.8
    endloop
  endfacet
  facet normal 0.514223 -0.857656 0
    outer loop
      vertex 40.5278 18.7135 7.8
      vertex 40.2963 18.5747 2
      vertex 40.5278 18.7135 2
    endloop
  endfacet
  facet normal -0.0489209 -0.998803 0
    outer loop
      vertex 38.7305 18.2632 2
      vertex 39 18.25 7.8
      vertex 38.7305 18.2632 7.8
    endloop
  endfacet
  facet normal -0.0489209 -0.998803 -0
    outer loop
      vertex 39 18.25 7.8
      vertex 38.7305 18.2632 2
      vertex 39 18.25 2
    endloop
  endfacet
  facet normal -0.336829 -0.941566 0
    outer loop
      vertex 37.9476 18.4593 2
      vertex 38.2017 18.3684 7.8
      vertex 37.9476 18.4593 7.8
    endloop
  endfacet
  facet normal -0.336829 -0.941566 -0
    outer loop
      vertex 38.2017 18.3684 7.8
      vertex 37.9476 18.4593 2
      vertex 38.2017 18.3684 2
    endloop
  endfacet
  facet normal -0.514223 -0.857656 0
    outer loop
      vertex 37.4722 18.7135 2
      vertex 37.7037 18.5747 7.8
      vertex 37.4722 18.7135 7.8
    endloop
  endfacet
  facet normal -0.514223 -0.857656 -0
    outer loop
      vertex 37.7037 18.5747 7.8
      vertex 37.4722 18.7135 2
      vertex 37.7037 18.5747 2
    endloop
  endfacet
  facet normal -0.970012 -0.243059 0
    outer loop
      vertex 36.3684 20.2017 2
      vertex 36.3028 20.4635 7.8
      vertex 36.3028 20.4635 2
    endloop
  endfacet
  facet normal -0.970012 -0.243059 0
    outer loop
      vertex 36.3028 20.4635 7.8
      vertex 36.3684 20.2017 2
      vertex 36.3684 20.2017 7.8
    endloop
  endfacet
  facet normal -0.998803 -0.0489209 0
    outer loop
      vertex 36.2632 20.7305 2
      vertex 36.25 21 7.8
      vertex 36.25 21 2
    endloop
  endfacet
  facet normal -0.998803 -0.0489209 0
    outer loop
      vertex 36.25 21 7.8
      vertex 36.2632 20.7305 2
      vertex 36.2632 20.7305 7.8
    endloop
  endfacet
  facet normal -0.803367 -0.595485 0
    outer loop
      vertex 36.8742 19.2554 2
      vertex 36.7135 19.4722 7.8
      vertex 36.7135 19.4722 2
    endloop
  endfacet
  facet normal -0.803367 -0.595485 0
    outer loop
      vertex 36.7135 19.4722 7.8
      vertex 36.8742 19.2554 2
      vertex 36.8742 19.2554 7.8
    endloop
  endfacet
  facet normal -0.857656 -0.514223 0
    outer loop
      vertex 36.7135 19.4722 2
      vertex 36.5747 19.7037 7.8
      vertex 36.5747 19.7037 2
    endloop
  endfacet
  facet normal -0.857656 -0.514223 0
    outer loop
      vertex 36.5747 19.7037 7.8
      vertex 36.7135 19.4722 2
      vertex 36.7135 19.4722 7.8
    endloop
  endfacet
  facet normal -0.903926 -0.427688 0
    outer loop
      vertex 36.5747 19.7037 2
      vertex 36.4593 19.9476 7.8
      vertex 36.4593 19.9476 2
    endloop
  endfacet
  facet normal -0.903926 -0.427688 0
    outer loop
      vertex 36.4593 19.9476 7.8
      vertex 36.5747 19.7037 2
      vertex 36.5747 19.7037 7.8
    endloop
  endfacet
  facet normal 0 0 1
    outer loop
      vertex 40.5 21 7.8
      vertex 41.75 21 7.8
      vertex 41.7368 21.2695 7.8
    endloop
  endfacet
  facet normal 0 0 1
    outer loop
      vertex 40.4928 21.147 7.8
      vertex 41.7368 21.2695 7.8
      vertex 41.6972 21.5365 7.8
    endloop
  endfacet
  facet normal 0 0 1
    outer loop
      vertex 41.75 21 7.8
      vertex 40.5 21 7.8
      vertex 41.7368 20.7305 7.8
    endloop
  endfacet
  facet normal 0 0 1
    outer loop
      vertex 40.4712 21.2926 7.8
      vertex 41.6972 21.5365 7.8
      vertex 41.6316 21.7983 7.8
    endloop
  endfacet
  facet normal -0 0 1
    outer loop
      vertex 40.4928 20.853 7.8
      vertex 41.7368 20.7305 7.8
      vertex 40.5 21 7.8
    endloop
  endfacet
  facet normal 0 0 1
    outer loop
      vertex 40.4354 21.4354 7.8
      vertex 41.6316 21.7983 7.8
      vertex 41.5407 22.0524 7.8
    endloop
  endfacet
  facet normal 0 0 1
    outer loop
      vertex 41.7368 20.7305 7.8
      vertex 40.4928 20.853 7.8
      vertex 41.6972 20.4635 7.8
    endloop
  endfacet
  facet normal 0 0 1
    outer loop
      vertex 40.3858 21.574 7.8
      vertex 41.5407 22.0524 7.8
      vertex 41.4253 22.2963 7.8
    endloop
  endfacet
  facet normal -0 0 1
    outer loop
      vertex 40.4712 20.7074 7.8
      vertex 41.6972 20.4635 7.8
      vertex 40.4928 20.853 7.8
    endloop
  endfacet
  facet normal 0 0 1
    outer loop
      vertex 40.3229 21.7071 7.8
      vertex 41.4253 22.2963 7.8
      vertex 41.2865 22.5278 7.8
    endloop
  endfacet
  facet normal 0 0 1
    outer loop
      vertex 41.6972 20.4635 7.8
      vertex 40.4712 20.7074 7.8
      vertex 41.6316 20.2017 7.8
    endloop
  endfacet
  facet normal 0 0 1
    outer loop
      vertex 40.2472 21.8334 7.8
      vertex 41.2865 22.5278 7.8
      vertex 41.1258 22.7446 7.8
    endloop
  endfacet
  facet normal -0 0 1
    outer loop
      vertex 40.4354 20.5646 7.8
      vertex 41.6316 20.2017 7.8
      vertex 40.4712 20.7074 7.8
    endloop
  endfacet
  facet normal 0 0 1
    outer loop
      vertex 40.1595 21.9516 7.8
      vertex 41.1258 22.7446 7.8
      vertex 40.9445 22.9445 7.8
    endloop
  endfacet
  facet normal 0 0 1
    outer loop
      vertex 41.6316 20.2017 7.8
      vertex 40.4354 20.5646 7.8
      vertex 41.5407 19.9476 7.8
    endloop
  endfacet
  facet normal 0 0 1
    outer loop
      vertex 40.0607 22.0607 7.8
      vertex 40.9445 22.9445 7.8
      vertex 40.7446 23.1258 7.8
    endloop
  endfacet
  facet normal -0 0 1
    outer loop
      vertex 40.3858 20.426 7.8
      vertex 41.5407 19.9476 7.8
      vertex 40.4354 20.5646 7.8
    endloop
  endfacet
  facet normal 0 0 1
    outer loop
      vertex 39.9516 22.1595 7.8
      vertex 40.7446 23.1258 7.8
      vertex 40.5278 23.2865 7.8
    endloop
  endfacet
  facet normal 0 0 1
    outer loop
      vertex 41.5407 19.9476 7.8
      vertex 40.3858 20.426 7.8
      vertex 41.4253 19.7037 7.8
    endloop
  endfacet
  facet normal -0 0 1
    outer loop
      vertex 40.3229 20.2929 7.8
      vertex 41.4253 19.7037 7.8
      vertex 40.3858 20.426 7.8
    endloop
  endfacet
  facet normal 0 0 1
    outer loop
      vertex 41.7368 21.2695 7.8
      vertex 40.4928 21.147 7.8
      vertex 40.5 21 7.8
    endloop
  endfacet
  facet normal 0 0 1
    outer loop
      vertex 41.6972 21.5365 7.8
      vertex 40.4712 21.2926 7.8
      vertex 40.4928 21.147 7.8
    endloop
  endfacet
  facet normal 0 0 1
    outer loop
      vertex 41.6316 21.7983 7.8
      vertex 40.4354 21.4354 7.8
      vertex 40.4712 21.2926 7.8
    endloop
  endfacet
  facet normal 0 0 1
    outer loop
      vertex 41.5407 22.0524 7.8
      vertex 40.3858 21.574 7.8
      vertex 40.4354 21.4354 7.8
    endloop
  endfacet
  facet normal 0 0 1
    outer loop
      vertex 41.4253 22.2963 7.8
      vertex 40.3229 21.7071 7.8
      vertex 40.3858 21.574 7.8
    endloop
  endfacet
  facet normal 0 0 1
    outer loop
      vertex 39.8334 22.2472 7.8
      vertex 40.5278 23.2865 7.8
      vertex 40.2963 23.4253 7.8
    endloop
  endfacet
  facet normal 0 0 1
    outer loop
      vertex 41.2865 22.5278 7.8
      vertex 40.2472 21.8334 7.8
      vertex 40.3229 21.7071 7.8
    endloop
  endfacet
  facet normal 0 0 1
    outer loop
      vertex 41.1258 22.7446 7.8
      vertex 40.1595 21.9516 7.8
      vertex 40.2472 21.8334 7.8
    endloop
  endfacet
  facet normal 0 0 1
    outer loop
      vertex 40.9445 22.9445 7.8
      vertex 40.0607 22.0607 7.8
      vertex 40.1595 21.9516 7.8
    endloop
  endfacet
  facet normal 0 0 1
    outer loop
      vertex 39.7071 22.3229 7.8
      vertex 40.2963 23.4253 7.8
      vertex 40.0524 23.5407 7.8
    endloop
  endfacet
  facet normal 0 0 1
    outer loop
      vertex 40.7446 23.1258 7.8
      vertex 39.9516 22.1595 7.8
      vertex 40.0607 22.0607 7.8
    endloop
  endfacet
  facet normal 0 0 1
    outer loop
      vertex 40.5278 23.2865 7.8
      vertex 39.8334 22.2472 7.8
      vertex 39.9516 22.1595 7.8
    endloop
  endfacet
  facet normal 0 0 1
    outer loop
      vertex 39.574 22.3858 7.8
      vertex 40.0524 23.5407 7.8
      vertex 39.7983 23.6316 7.8
    endloop
  endfacet
  facet normal 0 0 1
    outer loop
      vertex 40.2963 23.4253 7.8
      vertex 39.7071 22.3229 7.8
      vertex 39.8334 22.2472 7.8
    endloop
  endfacet
  facet normal 0 0 1
    outer loop
      vertex 40.0524 23.5407 7.8
      vertex 39.574 22.3858 7.8
      vertex 39.7071 22.3229 7.8
    endloop
  endfacet
  facet normal 0 0 1
    outer loop
      vertex 39.4354 22.4354 7.8
      vertex 39.7983 23.6316 7.8
      vertex 39.5365 23.6972 7.8
    endloop
  endfacet
  facet normal 0 0 1
    outer loop
      vertex 39.7983 23.6316 7.8
      vertex 39.4354 22.4354 7.8
      vertex 39.574 22.3858 7.8
    endloop
  endfacet
  facet normal 0 0 1
    outer loop
      vertex 39.5365 23.6972 7.8
      vertex 39.2926 22.4712 7.8
      vertex 39.4354 22.4354 7.8
    endloop
  endfacet
  facet normal 0 0 1
    outer loop
      vertex 39.2695 23.7368 7.8
      vertex 39.2926 22.4712 7.8
      vertex 39.5365 23.6972 7.8
    endloop
  endfacet
  facet normal 0 0 1
    outer loop
      vertex 39.2695 23.7368 7.8
      vertex 39.147 22.4928 7.8
      vertex 39.2926 22.4712 7.8
    endloop
  endfacet
  facet normal 0 0 1
    outer loop
      vertex 39 23.75 7.8
      vertex 39.147 22.4928 7.8
      vertex 39.2695 23.7368 7.8
    endloop
  endfacet
  facet normal 0 0 1
    outer loop
      vertex 39 23.75 7.8
      vertex 39 22.5 7.8
      vertex 39.147 22.4928 7.8
    endloop
  endfacet
  facet normal 0 0 1
    outer loop
      vertex 39 23.75 7.8
      vertex 38.853 22.4928 7.8
      vertex 39 22.5 7.8
    endloop
  endfacet
  facet normal -0 0 1
    outer loop
      vertex 38.7305 23.7368 7.8
      vertex 38.853 22.4928 7.8
      vertex 39 23.75 7.8
    endloop
  endfacet
  facet normal 0 0 1
    outer loop
      vertex 38.7305 23.7368 7.8
      vertex 38.7074 22.4712 7.8
      vertex 38.853 22.4928 7.8
    endloop
  endfacet
  facet normal -0 0 1
    outer loop
      vertex 38.4635 23.6972 7.8
      vertex 38.7074 22.4712 7.8
      vertex 38.7305 23.7368 7.8
    endloop
  endfacet
  facet normal 0 0 1
    outer loop
      vertex 38.7074 22.4712 7.8
      vertex 38.4635 23.6972 7.8
      vertex 38.5646 22.4354 7.8
    endloop
  endfacet
  facet normal -0 0 1
    outer loop
      vertex 38.2017 23.6316 7.8
      vertex 38.5646 22.4354 7.8
      vertex 38.4635 23.6972 7.8
    endloop
  endfacet
  facet normal 0 0 1
    outer loop
      vertex 38.5646 22.4354 7.8
      vertex 38.2017 23.6316 7.8
      vertex 38.426 22.3858 7.8
    endloop
  endfacet
  facet normal -0 0 1
    outer loop
      vertex 37.9476 23.5407 7.8
      vertex 38.426 22.3858 7.8
      vertex 38.2017 23.6316 7.8
    endloop
  endfacet
  facet normal 0 0 1
    outer loop
      vertex 38.426 22.3858 7.8
      vertex 37.9476 23.5407 7.8
      vertex 38.2929 22.3229 7.8
    endloop
  endfacet
  facet normal -0 0 1
    outer loop
      vertex 37.7037 23.4253 7.8
      vertex 38.2929 22.3229 7.8
      vertex 37.9476 23.5407 7.8
    endloop
  endfacet
  facet normal 0 0 1
    outer loop
      vertex 38.2929 22.3229 7.8
      vertex 37.7037 23.4253 7.8
      vertex 38.1666 22.2472 7.8
    endloop
  endfacet
  facet normal -0 0 1
    outer loop
      vertex 37.4722 23.2865 7.8
      vertex 38.1666 22.2472 7.8
      vertex 37.7037 23.4253 7.8
    endloop
  endfacet
  facet normal 0 0 1
    outer loop
      vertex 38.1666 22.2472 7.8
      vertex 37.4722 23.2865 7.8
      vertex 38.0484 22.1595 7.8
    endloop
  endfacet
  facet normal -0 0 1
    outer loop
      vertex 37.2554 23.1258 7.8
      vertex 38.0484 22.1595 7.8
      vertex 37.4722 23.2865 7.8
    endloop
  endfacet
  facet normal 0 0 1
    outer loop
      vertex 38.0484 22.1595 7.8
      vertex 37.2554 23.1258 7.8
      vertex 37.9393 22.0607 7.8
    endloop
  endfacet
  facet normal -0 0 1
    outer loop
      vertex 37.0555 22.9445 7.8
      vertex 37.9393 22.0607 7.8
      vertex 37.2554 23.1258 7.8
    endloop
  endfacet
  facet normal 0 0 1
    outer loop
      vertex 37.9393 22.0607 7.8
      vertex 37.0555 22.9445 7.8
      vertex 37.8405 21.9516 7.8
    endloop
  endfacet
  facet normal -0 0 1
    outer loop
      vertex 36.8742 22.7446 7.8
      vertex 37.8405 21.9516 7.8
      vertex 37.0555 22.9445 7.8
    endloop
  endfacet
  facet normal 0 0 1
    outer loop
      vertex 37.8405 21.9516 7.8
      vertex 36.8742 22.7446 7.8
      vertex 37.7528 21.8334 7.8
    endloop
  endfacet
  facet normal -0 0 1
    outer loop
      vertex 36.7135 22.5278 7.8
      vertex 37.7528 21.8334 7.8
      vertex 36.8742 22.7446 7.8
    endloop
  endfacet
  facet normal -0 0 1
    outer loop
      vertex 36.5747 22.2963 7.8
      vertex 37.6771 21.7071 7.8
      vertex 36.7135 22.5278 7.8
    endloop
  endfacet
  facet normal 0 0 1
    outer loop
      vertex 37.7528 21.8334 7.8
      vertex 36.7135 22.5278 7.8
      vertex 37.6771 21.7071 7.8
    endloop
  endfacet
  facet normal 0 0 1
    outer loop
      vertex 41.4253 19.7037 7.8
      vertex 40.3229 20.2929 7.8
      vertex 41.2865 19.4722 7.8
    endloop
  endfacet
  facet normal -0 0 1
    outer loop
      vertex 40.2472 20.1666 7.8
      vertex 41.2865 19.4722 7.8
      vertex 40.3229 20.2929 7.8
    endloop
  endfacet
  facet normal 0 0 1
    outer loop
      vertex 41.2865 19.4722 7.8
      vertex 40.2472 20.1666 7.8
      vertex 41.1258 19.2554 7.8
    endloop
  endfacet
  facet normal -0 0 1
    outer loop
      vertex 40.1595 20.0484 7.8
      vertex 41.1258 19.2554 7.8
      vertex 40.2472 20.1666 7.8
    endloop
  endfacet
  facet normal 0 0 1
    outer loop
      vertex 41.1258 19.2554 7.8
      vertex 40.1595 20.0484 7.8
      vertex 40.9445 19.0555 7.8
    endloop
  endfacet
  facet normal -0 0 1
    outer loop
      vertex 40.0607 19.9393 7.8
      vertex 40.9445 19.0555 7.8
      vertex 40.1595 20.0484 7.8
    endloop
  endfacet
  facet normal 0 0 1
    outer loop
      vertex 40.9445 19.0555 7.8
      vertex 40.0607 19.9393 7.8
      vertex 40.7446 18.8742 7.8
    endloop
  endfacet
  facet normal -0 0 1
    outer loop
      vertex 39.9516 19.8405 7.8
      vertex 40.7446 18.8742 7.8
      vertex 40.0607 19.9393 7.8
    endloop
  endfacet
  facet normal 0 0 1
    outer loop
      vertex 40.7446 18.8742 7.8
      vertex 39.9516 19.8405 7.8
      vertex 40.5278 18.7135 7.8
    endloop
  endfacet
  facet normal -0 0 1
    outer loop
      vertex 39.8334 19.7528 7.8
      vertex 40.5278 18.7135 7.8
      vertex 39.9516 19.8405 7.8
    endloop
  endfacet
  facet normal 0 0 1
    outer loop
      vertex 40.5278 18.7135 7.8
      vertex 39.8334 19.7528 7.8
      vertex 40.2963 18.5747 7.8
    endloop
  endfacet
  facet normal -0 0 1
    outer loop
      vertex 39.7071 19.6771 7.8
      vertex 40.2963 18.5747 7.8
      vertex 39.8334 19.7528 7.8
    endloop
  endfacet
  facet normal 0 0 1
    outer loop
      vertex 40.2963 18.5747 7.8
      vertex 39.7071 19.6771 7.8
      vertex 40.0524 18.4593 7.8
    endloop
  endfacet
  facet normal -0 0 1
    outer loop
      vertex 39.574 19.6142 7.8
      vertex 40.0524 18.4593 7.8
      vertex 39.7071 19.6771 7.8
    endloop
  endfacet
  facet normal 0 0 1
    outer loop
      vertex 40.0524 18.4593 7.8
      vertex 39.574 19.6142 7.8
      vertex 39.7983 18.3684 7.8
    endloop
  endfacet
  facet normal -0 0 1
    outer loop
      vertex 39.4354 19.5646 7.8
      vertex 39.7983 18.3684 7.8
      vertex 39.574 19.6142 7.8
    endloop
  endfacet
  facet normal 0 0 1
    outer loop
      vertex 39.7983 18.3684 7.8
      vertex 39.4354 19.5646 7.8
      vertex 39.5365 18.3028 7.8
    endloop
  endfacet
  facet normal -0 0 1
    outer loop
      vertex 39.2926 19.5288 7.8
      vertex 39.5365 18.3028 7.8
      vertex 39.4354 19.5646 7.8
    endloop
  endfacet
  facet normal 0 0 1
    outer loop
      vertex 39.2926 19.5288 7.8
      vertex 39.2695 18.2632 7.8
      vertex 39.5365 18.3028 7.8
    endloop
  endfacet
  facet normal -0 0 1
    outer loop
      vertex 39.147 19.5072 7.8
      vertex 39.2695 18.2632 7.8
      vertex 39.2926 19.5288 7.8
    endloop
  endfacet
  facet normal -0 0 1
    outer loop
      vertex 39 19.5 7.8
      vertex 39.2695 18.2632 7.8
      vertex 39.147 19.5072 7.8
    endloop
  endfacet
  facet normal 0 0 1
    outer loop
      vertex 39 19.5 7.8
      vertex 39 18.25 7.8
      vertex 39.2695 18.2632 7.8
    endloop
  endfacet
  facet normal 0 0 1
    outer loop
      vertex 38.853 19.5072 7.8
      vertex 39 18.25 7.8
      vertex 39 19.5 7.8
    endloop
  endfacet
  facet normal 0 0 1
    outer loop
      vertex 38.853 19.5072 7.8
      vertex 38.7305 18.2632 7.8
      vertex 39 18.25 7.8
    endloop
  endfacet
  facet normal 0 0 1
    outer loop
      vertex 38.7074 19.5288 7.8
      vertex 38.7305 18.2632 7.8
      vertex 38.853 19.5072 7.8
    endloop
  endfacet
  facet normal 0 0 1
    outer loop
      vertex 38.4635 18.3028 7.8
      vertex 38.7074 19.5288 7.8
      vertex 38.5646 19.5646 7.8
    endloop
  endfacet
  facet normal 0 0 1
    outer loop
      vertex 38.7074 19.5288 7.8
      vertex 38.4635 18.3028 7.8
      vertex 38.7305 18.2632 7.8
    endloop
  endfacet
  facet normal 0 0 1
    outer loop
      vertex 38.2017 18.3684 7.8
      vertex 38.5646 19.5646 7.8
      vertex 38.426 19.6142 7.8
    endloop
  endfacet
  facet normal 0 0 1
    outer loop
      vertex 37.9476 18.4593 7.8
      vertex 38.426 19.6142 7.8
      vertex 38.2929 19.6771 7.8
    endloop
  endfacet
  facet normal 0 0 1
    outer loop
      vertex 38.5646 19.5646 7.8
      vertex 38.2017 18.3684 7.8
      vertex 38.4635 18.3028 7.8
    endloop
  endfacet
  facet normal 0 0 1
    outer loop
      vertex 37.7037 18.5747 7.8
      vertex 38.2929 19.6771 7.8
      vertex 38.1666 19.7528 7.8
    endloop
  endfacet
  facet normal 0 0 1
    outer loop
      vertex 37.4722 18.7135 7.8
      vertex 38.1666 19.7528 7.8
      vertex 38.0484 19.8405 7.8
    endloop
  endfacet
  facet normal 0 0 1
    outer loop
      vertex 38.426 19.6142 7.8
      vertex 37.9476 18.4593 7.8
      vertex 38.2017 18.3684 7.8
    endloop
  endfacet
  facet normal 0 0 1
    outer loop
      vertex 37.2554 18.8742 7.8
      vertex 38.0484 19.8405 7.8
      vertex 37.9393 19.9393 7.8
    endloop
  endfacet
  facet normal 0 0 1
    outer loop
      vertex 37.0555 19.0555 7.8
      vertex 37.9393 19.9393 7.8
      vertex 37.8405 20.0484 7.8
    endloop
  endfacet
  facet normal 0 0 1
    outer loop
      vertex 36.8742 19.2554 7.8
      vertex 37.8405 20.0484 7.8
      vertex 37.7528 20.1666 7.8
    endloop
  endfacet
  facet normal 0 0 1
    outer loop
      vertex 38.2929 19.6771 7.8
      vertex 37.7037 18.5747 7.8
      vertex 37.9476 18.4593 7.8
    endloop
  endfacet
  facet normal 0 0 1
    outer loop
      vertex 36.7135 19.4722 7.8
      vertex 37.7528 20.1666 7.8
      vertex 37.6771 20.2929 7.8
    endloop
  endfacet
  facet normal 0 0 1
    outer loop
      vertex 36.5747 19.7037 7.8
      vertex 37.6771 20.2929 7.8
      vertex 37.6142 20.426 7.8
    endloop
  endfacet
  facet normal 0 0 1
    outer loop
      vertex 36.4593 19.9476 7.8
      vertex 37.6142 20.426 7.8
      vertex 37.5646 20.5646 7.8
    endloop
  endfacet
  facet normal 0 0 1
    outer loop
      vertex 36.3684 20.2017 7.8
      vertex 37.5646 20.5646 7.8
      vertex 37.5288 20.7074 7.8
    endloop
  endfacet
  facet normal 0 0 1
    outer loop
      vertex 36.3028 20.4635 7.8
      vertex 37.5288 20.7074 7.8
      vertex 37.5072 20.853 7.8
    endloop
  endfacet
  facet normal 0 0 1
    outer loop
      vertex 38.1666 19.7528 7.8
      vertex 37.4722 18.7135 7.8
      vertex 37.7037 18.5747 7.8
    endloop
  endfacet
  facet normal 0 0 1
    outer loop
      vertex 36.2632 20.7305 7.8
      vertex 37.5072 20.853 7.8
      vertex 37.5 21 7.8
    endloop
  endfacet
  facet normal 0 0 1
    outer loop
      vertex 37.6771 21.7071 7.8
      vertex 36.5747 22.2963 7.8
      vertex 37.6142 21.574 7.8
    endloop
  endfacet
  facet normal -0 0 1
    outer loop
      vertex 36.4593 22.0524 7.8
      vertex 37.6142 21.574 7.8
      vertex 36.5747 22.2963 7.8
    endloop
  endfacet
  facet normal 0 0 1
    outer loop
      vertex 38.0484 19.8405 7.8
      vertex 37.2554 18.8742 7.8
      vertex 37.4722 18.7135 7.8
    endloop
  endfacet
  facet normal 0 0 1
    outer loop
      vertex 37.6142 21.574 7.8
      vertex 36.4593 22.0524 7.8
      vertex 37.5646 21.4354 7.8
    endloop
  endfacet
  facet normal 0 0 1
    outer loop
      vertex 37.9393 19.9393 7.8
      vertex 37.0555 19.0555 7.8
      vertex 37.2554 18.8742 7.8
    endloop
  endfacet
  facet normal -0 0 1
    outer loop
      vertex 36.3684 21.7983 7.8
      vertex 37.5646 21.4354 7.8
      vertex 36.4593 22.0524 7.8
    endloop
  endfacet
  facet normal 0 0 1
    outer loop
      vertex 37.8405 20.0484 7.8
      vertex 36.8742 19.2554 7.8
      vertex 37.0555 19.0555 7.8
    endloop
  endfacet
  facet normal 0 0 1
    outer loop
      vertex 37.5646 21.4354 7.8
      vertex 36.3684 21.7983 7.8
      vertex 37.5288 21.2926 7.8
    endloop
  endfacet
  facet normal 0 0 1
    outer loop
      vertex 37.7528 20.1666 7.8
      vertex 36.7135 19.4722 7.8
      vertex 36.8742 19.2554 7.8
    endloop
  endfacet
  facet normal -0 0 1
    outer loop
      vertex 36.3028 21.5365 7.8
      vertex 37.5288 21.2926 7.8
      vertex 36.3684 21.7983 7.8
    endloop
  endfacet
  facet normal 0 0 1
    outer loop
      vertex 37.6771 20.2929 7.8
      vertex 36.5747 19.7037 7.8
      vertex 36.7135 19.4722 7.8
    endloop
  endfacet
  facet normal 0 0 1
    outer loop
      vertex 37.5288 21.2926 7.8
      vertex 36.3028 21.5365 7.8
      vertex 37.5072 21.147 7.8
    endloop
  endfacet
  facet normal 0 0 1
    outer loop
      vertex 37.6142 20.426 7.8
      vertex 36.4593 19.9476 7.8
      vertex 36.5747 19.7037 7.8
    endloop
  endfacet
  facet normal -0 0 1
    outer loop
      vertex 36.2632 21.2695 7.8
      vertex 37.5072 21.147 7.8
      vertex 36.3028 21.5365 7.8
    endloop
  endfacet
  facet normal 0 0 1
    outer loop
      vertex 37.5646 20.5646 7.8
      vertex 36.3684 20.2017 7.8
      vertex 36.4593 19.9476 7.8
    endloop
  endfacet
  facet normal 0 0 1
    outer loop
      vertex 37.5072 21.147 7.8
      vertex 36.2632 21.2695 7.8
      vertex 37.5 21 7.8
    endloop
  endfacet
  facet normal 0 0 1
    outer loop
      vertex 37.5288 20.7074 7.8
      vertex 36.3028 20.4635 7.8
      vertex 36.3684 20.2017 7.8
    endloop
  endfacet
  facet normal 0 0 1
    outer loop
      vertex 36.25 21 7.8
      vertex 37.5 21 7.8
      vertex 36.2632 21.2695 7.8
    endloop
  endfacet
  facet normal 0 0 1
    outer loop
      vertex 37.5072 20.853 7.8
      vertex 36.2632 20.7305 7.8
      vertex 36.3028 20.4635 7.8
    endloop
  endfacet
  facet normal 0 0 1
    outer loop
      vertex 37.5 21 7.8
      vertex 36.25 21 7.8
      vertex 36.2632 20.7305 7.8
    endloop
  endfacet
  facet normal 0.98918 -0.14671 0
    outer loop
      vertex 41.6972 20.4635 7.8
      vertex 41.7368 20.7305 2
      vertex 41.7368 20.7305 7.8
    endloop
  endfacet
  facet normal 0.98918 -0.14671 0
    outer loop
      vertex 41.7368 20.7305 2
      vertex 41.6972 20.4635 7.8
      vertex 41.6972 20.4635 2
    endloop
  endfacet
  facet normal 0.803367 -0.595485 0
    outer loop
      vertex 41.1258 19.2554 7.8
      vertex 41.2865 19.4722 2
      vertex 41.2865 19.4722 7.8
    endloop
  endfacet
  facet normal 0.803367 -0.595485 0
    outer loop
      vertex 41.2865 19.4722 2
      vertex 41.1258 19.2554 7.8
      vertex 41.1258 19.2554 2
    endloop
  endfacet
  facet normal 0.857656 -0.514223 0
    outer loop
      vertex 41.2865 19.4722 7.8
      vertex 41.4253 19.7037 2
      vertex 41.4253 19.7037 7.8
    endloop
  endfacet
  facet normal 0.857656 -0.514223 0
    outer loop
      vertex 41.4253 19.7037 2
      vertex 41.2865 19.4722 7.8
      vertex 41.2865 19.4722 2
    endloop
  endfacet
  facet normal 0.243059 -0.970012 0
    outer loop
      vertex 39.5365 18.3028 2
      vertex 39.7983 18.3684 7.8
      vertex 39.5365 18.3028 7.8
    endloop
  endfacet
  facet normal 0.243059 -0.970012 0
    outer loop
      vertex 39.7983 18.3684 7.8
      vertex 39.5365 18.3028 2
      vertex 39.7983 18.3684 2
    endloop
  endfacet
  facet normal 0.427688 -0.903926 0
    outer loop
      vertex 40.0524 18.4593 2
      vertex 40.2963 18.5747 7.8
      vertex 40.0524 18.4593 7.8
    endloop
  endfacet
  facet normal 0.427688 -0.903926 0
    outer loop
      vertex 40.2963 18.5747 7.8
      vertex 40.0524 18.4593 2
      vertex 40.2963 18.5747 2
    endloop
  endfacet
  facet normal 0.595485 -0.803367 0
    outer loop
      vertex 40.5278 18.7135 2
      vertex 40.7446 18.8742 7.8
      vertex 40.5278 18.7135 7.8
    endloop
  endfacet
  facet normal 0.595485 -0.803367 0
    outer loop
      vertex 40.7446 18.8742 7.8
      vertex 40.5278 18.7135 2
      vertex 40.7446 18.8742 2
    endloop
  endfacet
  facet normal -0.243059 -0.970012 0
    outer loop
      vertex 38.2017 18.3684 2
      vertex 38.4635 18.3028 7.8
      vertex 38.2017 18.3684 7.8
    endloop
  endfacet
  facet normal -0.243059 -0.970012 -0
    outer loop
      vertex 38.4635 18.3028 7.8
      vertex 38.2017 18.3684 2
      vertex 38.4635 18.3028 2
    endloop
  endfacet
  facet normal -0.427688 -0.903926 0
    outer loop
      vertex 37.7037 18.5747 2
      vertex 37.9476 18.4593 7.8
      vertex 37.7037 18.5747 7.8
    endloop
  endfacet
  facet normal -0.427688 -0.903926 -0
    outer loop
      vertex 37.9476 18.4593 7.8
      vertex 37.7037 18.5747 2
      vertex 37.9476 18.4593 2
    endloop
  endfacet
  facet normal -0.595485 -0.803367 0
    outer loop
      vertex 37.2554 18.8742 2
      vertex 37.4722 18.7135 7.8
      vertex 37.2554 18.8742 7.8
    endloop
  endfacet
  facet normal -0.595485 -0.803367 -0
    outer loop
      vertex 37.4722 18.7135 7.8
      vertex 37.2554 18.8742 2
      vertex 37.4722 18.7135 2
    endloop
  endfacet
  facet normal -0.941566 -0.336829 0
    outer loop
      vertex 36.4593 19.9476 2
      vertex 36.3684 20.2017 7.8
      vertex 36.3684 20.2017 2
    endloop
  endfacet
  facet normal -0.941566 -0.336829 0
    outer loop
      vertex 36.3684 20.2017 7.8
      vertex 36.4593 19.9476 2
      vertex 36.4593 19.9476 7.8
    endloop
  endfacet
  facet normal -0.98918 -0.14671 0
    outer loop
      vertex 36.3028 20.4635 2
      vertex 36.2632 20.7305 7.8
      vertex 36.2632 20.7305 2
    endloop
  endfacet
  facet normal -0.98918 -0.14671 0
    outer loop
      vertex 36.2632 20.7305 7.8
      vertex 36.3028 20.4635 2
      vertex 36.3028 20.4635 7.8
    endloop
  endfacet
  facet normal 0.970012 -0.243059 0
    outer loop
      vertex 41.6316 20.2017 7.8
      vertex 41.6972 20.4635 2
      vertex 41.6972 20.4635 7.8
    endloop
  endfacet
  facet normal 0.970012 -0.243059 0
    outer loop
      vertex 41.6972 20.4635 2
      vertex 41.6316 20.2017 7.8
      vertex 41.6316 20.2017 2
    endloop
  endfacet
  facet normal 0.941566 -0.336829 0
    outer loop
      vertex 41.5407 19.9476 7.8
      vertex 41.6316 20.2017 2
      vertex 41.6316 20.2017 7.8
    endloop
  endfacet
  facet normal 0.941566 -0.336829 0
    outer loop
      vertex 41.6316 20.2017 2
      vertex 41.5407 19.9476 7.8
      vertex 41.5407 19.9476 2
    endloop
  endfacet
  facet normal 0.336829 -0.941566 0
    outer loop
      vertex 39.7983 18.3684 2
      vertex 40.0524 18.4593 7.8
      vertex 39.7983 18.3684 7.8
    endloop
  endfacet
  facet normal 0.336829 -0.941566 0
    outer loop
      vertex 40.0524 18.4593 7.8
      vertex 39.7983 18.3684 2
      vertex 40.0524 18.4593 2
    endloop
  endfacet
  facet normal 0.998803 0.0489209 0
    outer loop
      vertex 40.5 21 9.19
      vertex 40.4928 21.147 7.8
      vertex 40.4928 21.147 9.19
    endloop
  endfacet
  facet normal 0.998803 0.0489209 0
    outer loop
      vertex 40.4928 21.147 7.8
      vertex 40.5 21 9.19
      vertex 40.5 21 7.8
    endloop
  endfacet
  facet normal -0.998803 0.0489209 0
    outer loop
      vertex 37.5 21 7.8
      vertex 37.5072 21.147 9.19
      vertex 37.5072 21.147 7.8
    endloop
  endfacet
  facet normal -0.998803 0.0489209 0
    outer loop
      vertex 37.5072 21.147 9.19
      vertex 37.5 21 7.8
      vertex 37.5 21 9.19
    endloop
  endfacet
  facet normal 0.0489209 0.998803 -0
    outer loop
      vertex 39.147 22.4928 7.8
      vertex 39 22.5 9.19
      vertex 39.147 22.4928 9.19
    endloop
  endfacet
  facet normal 0.0489209 0.998803 0
    outer loop
      vertex 39 22.5 9.19
      vertex 39.147 22.4928 7.8
      vertex 39 22.5 7.8
    endloop
  endfacet
  facet normal -0.0489209 -0.998803 0
    outer loop
      vertex 38.853 19.5072 7.8
      vertex 39 19.5 9.19
      vertex 38.853 19.5072 9.19
    endloop
  endfacet
  facet normal -0.0489209 -0.998803 -0
    outer loop
      vertex 39 19.5 9.19
      vertex 38.853 19.5072 7.8
      vertex 39 19.5 7.8
    endloop
  endfacet
  facet normal -0.74123 -0.671251 0
    outer loop
      vertex 37.9393 19.9393 7.8
      vertex 37.8405 20.0484 9.19
      vertex 37.8405 20.0484 7.8
    endloop
  endfacet
  facet normal -0.74123 -0.671251 0
    outer loop
      vertex 37.8405 20.0484 9.19
      vertex 37.9393 19.9393 7.8
      vertex 37.9393 19.9393 9.19
    endloop
  endfacet
  facet normal 0.671251 0.74123 -0
    outer loop
      vertex 40.0607 22.0607 7.8
      vertex 39.9516 22.1595 9.19
      vertex 40.0607 22.0607 9.19
    endloop
  endfacet
  facet normal 0.671251 0.74123 0
    outer loop
      vertex 39.9516 22.1595 9.19
      vertex 40.0607 22.0607 7.8
      vertex 39.9516 22.1595 7.8
    endloop
  endfacet
  facet normal -0.671251 0.74123 0
    outer loop
      vertex 38.0484 22.1595 7.8
      vertex 37.9393 22.0607 9.19
      vertex 38.0484 22.1595 9.19
    endloop
  endfacet
  facet normal -0.671251 0.74123 0
    outer loop
      vertex 37.9393 22.0607 9.19
      vertex 38.0484 22.1595 7.8
      vertex 37.9393 22.0607 7.8
    endloop
  endfacet
  facet normal -0.336939 0.941527 0
    outer loop
      vertex 38.5646 22.4354 7.8
      vertex 38.426 22.3858 9.19
      vertex 38.5646 22.4354 9.19
    endloop
  endfacet
  facet normal -0.336939 0.941527 0
    outer loop
      vertex 38.426 22.3858 9.19
      vertex 38.5646 22.4354 7.8
      vertex 38.426 22.3858 7.8
    endloop
  endfacet
  facet normal -0.941527 -0.336939 0
    outer loop
      vertex 37.6142 20.426 7.8
      vertex 37.5646 20.5646 9.19
      vertex 37.5646 20.5646 7.8
    endloop
  endfacet
  facet normal -0.941527 -0.336939 0
    outer loop
      vertex 37.5646 20.5646 9.19
      vertex 37.6142 20.426 7.8
      vertex 37.6142 20.426 9.19
    endloop
  endfacet
  facet normal 0.904125 0.427269 0
    outer loop
      vertex 40.3858 21.574 9.19
      vertex 40.3229 21.7071 7.8
      vertex 40.3229 21.7071 9.19
    endloop
  endfacet
  facet normal 0.904125 0.427269 0
    outer loop
      vertex 40.3229 21.7071 7.8
      vertex 40.3858 21.574 9.19
      vertex 40.3858 21.574 7.8
    endloop
  endfacet
  facet normal 0.336939 0.941527 -0
    outer loop
      vertex 39.574 22.3858 7.8
      vertex 39.4354 22.4354 9.19
      vertex 39.574 22.3858 9.19
    endloop
  endfacet
  facet normal 0.336939 0.941527 0
    outer loop
      vertex 39.4354 22.4354 9.19
      vertex 39.574 22.3858 7.8
      vertex 39.4354 22.4354 7.8
    endloop
  endfacet
  facet normal 0.514096 0.857733 -0
    outer loop
      vertex 39.8334 22.2472 7.8
      vertex 39.7071 22.3229 9.19
      vertex 39.8334 22.2472 9.19
    endloop
  endfacet
  facet normal 0.514096 0.857733 0
    outer loop
      vertex 39.7071 22.3229 9.19
      vertex 39.8334 22.2472 7.8
      vertex 39.7071 22.3229 7.8
    endloop
  endfacet
  facet normal -0.904125 0.427269 0
    outer loop
      vertex 37.6142 21.574 7.8
      vertex 37.6771 21.7071 9.19
      vertex 37.6771 21.7071 7.8
    endloop
  endfacet
  facet normal -0.904125 0.427269 0
    outer loop
      vertex 37.6771 21.7071 9.19
      vertex 37.6142 21.574 7.8
      vertex 37.6142 21.574 9.19
    endloop
  endfacet
  facet normal -0.146746 0.989174 0
    outer loop
      vertex 38.853 22.4928 7.8
      vertex 38.7074 22.4712 9.19
      vertex 38.853 22.4928 9.19
    endloop
  endfacet
  facet normal -0.146746 0.989174 0
    outer loop
      vertex 38.7074 22.4712 9.19
      vertex 38.853 22.4928 7.8
      vertex 38.7074 22.4712 7.8
    endloop
  endfacet
  facet normal 0.941527 -0.336939 0
    outer loop
      vertex 40.3858 20.426 9.19
      vertex 40.4354 20.5646 7.8
      vertex 40.4354 20.5646 9.19
    endloop
  endfacet
  facet normal 0.941527 -0.336939 0
    outer loop
      vertex 40.4354 20.5646 7.8
      vertex 40.3858 20.426 9.19
      vertex 40.3858 20.426 7.8
    endloop
  endfacet
  facet normal 0.969982 -0.243175 0
    outer loop
      vertex 40.4354 20.5646 9.19
      vertex 40.4712 20.7074 7.8
      vertex 40.4712 20.7074 9.19
    endloop
  endfacet
  facet normal 0.969982 -0.243175 0
    outer loop
      vertex 40.4712 20.7074 7.8
      vertex 40.4354 20.5646 9.19
      vertex 40.4354 20.5646 7.8
    endloop
  endfacet
  facet normal 0.969982 0.243175 0
    outer loop
      vertex 40.4712 21.2926 9.19
      vertex 40.4354 21.4354 7.8
      vertex 40.4354 21.4354 9.19
    endloop
  endfacet
  facet normal 0.969982 0.243175 0
    outer loop
      vertex 40.4354 21.4354 7.8
      vertex 40.4712 21.2926 9.19
      vertex 40.4712 21.2926 7.8
    endloop
  endfacet
  facet normal 0.989174 0.146746 0
    outer loop
      vertex 40.4928 21.147 9.19
      vertex 40.4712 21.2926 7.8
      vertex 40.4712 21.2926 9.19
    endloop
  endfacet
  facet normal 0.989174 0.146746 0
    outer loop
      vertex 40.4712 21.2926 7.8
      vertex 40.4928 21.147 9.19
      vertex 40.4928 21.147 7.8
    endloop
  endfacet
  facet normal 0.941527 0.336939 0
    outer loop
      vertex 40.4354 21.4354 9.19
      vertex 40.3858 21.574 7.8
      vertex 40.3858 21.574 9.19
    endloop
  endfacet
  facet normal 0.941527 0.336939 0
    outer loop
      vertex 40.3858 21.574 7.8
      vertex 40.4354 21.4354 9.19
      vertex 40.4354 21.4354 7.8
    endloop
  endfacet
  facet normal 0.803088 0.595861 0
    outer loop
      vertex 40.2472 21.8334 9.19
      vertex 40.1595 21.9516 7.8
      vertex 40.1595 21.9516 9.19
    endloop
  endfacet
  facet normal 0.803088 0.595861 0
    outer loop
      vertex 40.1595 21.9516 7.8
      vertex 40.2472 21.8334 9.19
      vertex 40.2472 21.8334 7.8
    endloop
  endfacet
  facet normal 0.74123 0.671251 0
    outer loop
      vertex 40.1595 21.9516 9.19
      vertex 40.0607 22.0607 7.8
      vertex 40.0607 22.0607 9.19
    endloop
  endfacet
  facet normal 0.74123 0.671251 0
    outer loop
      vertex 40.0607 22.0607 7.8
      vertex 40.1595 21.9516 9.19
      vertex 40.1595 21.9516 7.8
    endloop
  endfacet
  facet normal 0.857733 0.514096 0
    outer loop
      vertex 40.3229 21.7071 9.19
      vertex 40.2472 21.8334 7.8
      vertex 40.2472 21.8334 9.19
    endloop
  endfacet
  facet normal 0.857733 0.514096 0
    outer loop
      vertex 40.2472 21.8334 7.8
      vertex 40.3229 21.7071 9.19
      vertex 40.3229 21.7071 7.8
    endloop
  endfacet
  facet normal 0.243175 0.969982 -0
    outer loop
      vertex 39.4354 22.4354 7.8
      vertex 39.2926 22.4712 9.19
      vertex 39.4354 22.4354 9.19
    endloop
  endfacet
  facet normal 0.243175 0.969982 0
    outer loop
      vertex 39.2926 22.4712 9.19
      vertex 39.4354 22.4354 7.8
      vertex 39.2926 22.4712 7.8
    endloop
  endfacet
  facet normal 0.146746 0.989174 -0
    outer loop
      vertex 39.2926 22.4712 7.8
      vertex 39.147 22.4928 9.19
      vertex 39.2926 22.4712 9.19
    endloop
  endfacet
  facet normal 0.146746 0.989174 0
    outer loop
      vertex 39.147 22.4928 9.19
      vertex 39.2926 22.4712 7.8
      vertex 39.147 22.4928 7.8
    endloop
  endfacet
  facet normal 0.427269 0.904125 -0
    outer loop
      vertex 39.7071 22.3229 7.8
      vertex 39.574 22.3858 9.19
      vertex 39.7071 22.3229 9.19
    endloop
  endfacet
  facet normal 0.427269 0.904125 0
    outer loop
      vertex 39.574 22.3858 9.19
      vertex 39.7071 22.3229 7.8
      vertex 39.574 22.3858 7.8
    endloop
  endfacet
  facet normal 0.595861 0.803088 -0
    outer loop
      vertex 39.9516 22.1595 7.8
      vertex 39.8334 22.2472 9.19
      vertex 39.9516 22.1595 9.19
    endloop
  endfacet
  facet normal 0.595861 0.803088 0
    outer loop
      vertex 39.8334 22.2472 9.19
      vertex 39.9516 22.1595 7.8
      vertex 39.8334 22.2472 7.8
    endloop
  endfacet
  facet normal -0.969982 0.243175 0
    outer loop
      vertex 37.5288 21.2926 7.8
      vertex 37.5646 21.4354 9.19
      vertex 37.5646 21.4354 7.8
    endloop
  endfacet
  facet normal -0.969982 0.243175 0
    outer loop
      vertex 37.5646 21.4354 9.19
      vertex 37.5288 21.2926 7.8
      vertex 37.5288 21.2926 9.19
    endloop
  endfacet
  facet normal -0.803088 0.595861 0
    outer loop
      vertex 37.7528 21.8334 7.8
      vertex 37.8405 21.9516 9.19
      vertex 37.8405 21.9516 7.8
    endloop
  endfacet
  facet normal -0.803088 0.595861 0
    outer loop
      vertex 37.8405 21.9516 9.19
      vertex 37.7528 21.8334 7.8
      vertex 37.7528 21.8334 9.19
    endloop
  endfacet
  facet normal -0.74123 0.671251 0
    outer loop
      vertex 37.8405 21.9516 7.8
      vertex 37.9393 22.0607 9.19
      vertex 37.9393 22.0607 7.8
    endloop
  endfacet
  facet normal -0.74123 0.671251 0
    outer loop
      vertex 37.9393 22.0607 9.19
      vertex 37.8405 21.9516 7.8
      vertex 37.8405 21.9516 9.19
    endloop
  endfacet
  facet normal -0.857733 0.514096 0
    outer loop
      vertex 37.6771 21.7071 7.8
      vertex 37.7528 21.8334 9.19
      vertex 37.7528 21.8334 7.8
    endloop
  endfacet
  facet normal -0.857733 0.514096 0
    outer loop
      vertex 37.7528 21.8334 9.19
      vertex 37.6771 21.7071 7.8
      vertex 37.6771 21.7071 9.19
    endloop
  endfacet
  facet normal -0.941527 0.336939 0
    outer loop
      vertex 37.5646 21.4354 7.8
      vertex 37.6142 21.574 9.19
      vertex 37.6142 21.574 7.8
    endloop
  endfacet
  facet normal -0.941527 0.336939 0
    outer loop
      vertex 37.6142 21.574 9.19
      vertex 37.5646 21.4354 7.8
      vertex 37.5646 21.4354 9.19
    endloop
  endfacet
  facet normal -0.989174 0.146746 0
    outer loop
      vertex 37.5072 21.147 7.8
      vertex 37.5288 21.2926 9.19
      vertex 37.5288 21.2926 7.8
    endloop
  endfacet
  facet normal -0.989174 0.146746 0
    outer loop
      vertex 37.5288 21.2926 9.19
      vertex 37.5072 21.147 7.8
      vertex 37.5072 21.147 9.19
    endloop
  endfacet
  facet normal 0 0 1
    outer loop
      vertex 40.4928 21.147 9.19
      vertex 40.4928 20.853 9.19
      vertex 40.5 21 9.19
    endloop
  endfacet
  facet normal 0 0 1
    outer loop
      vertex 40.4712 21.2926 9.19
      vertex 40.4928 20.853 9.19
      vertex 40.4928 21.147 9.19
    endloop
  endfacet
  facet normal 0 0 1
    outer loop
      vertex 40.4712 21.2926 9.19
      vertex 40.4712 20.7074 9.19
      vertex 40.4928 20.853 9.19
    endloop
  endfacet
  facet normal 0 0 1
    outer loop
      vertex 40.4354 21.4354 9.19
      vertex 40.4712 20.7074 9.19
      vertex 40.4712 21.2926 9.19
    endloop
  endfacet
  facet normal 0 0 1
    outer loop
      vertex 40.4354 21.4354 9.19
      vertex 40.4354 20.5646 9.19
      vertex 40.4712 20.7074 9.19
    endloop
  endfacet
  facet normal 0 0 1
    outer loop
      vertex 40.3858 21.574 9.19
      vertex 40.4354 20.5646 9.19
      vertex 40.4354 21.4354 9.19
    endloop
  endfacet
  facet normal 0 0 1
    outer loop
      vertex 40.3858 21.574 9.19
      vertex 40.3858 20.426 9.19
      vertex 40.4354 20.5646 9.19
    endloop
  endfacet
  facet normal 0 0 1
    outer loop
      vertex 40.3229 21.7071 9.19
      vertex 40.3858 20.426 9.19
      vertex 40.3858 21.574 9.19
    endloop
  endfacet
  facet normal 0 0 1
    outer loop
      vertex 40.3229 21.7071 9.19
      vertex 40.3229 20.2929 9.19
      vertex 40.3858 20.426 9.19
    endloop
  endfacet
  facet normal 0 0 1
    outer loop
      vertex 40.2472 21.8334 9.19
      vertex 40.3229 20.2929 9.19
      vertex 40.3229 21.7071 9.19
    endloop
  endfacet
  facet normal 0 0 1
    outer loop
      vertex 40.2472 21.8334 9.19
      vertex 40.2472 20.1666 9.19
      vertex 40.3229 20.2929 9.19
    endloop
  endfacet
  facet normal 0 0 1
    outer loop
      vertex 40.1595 21.9516 9.19
      vertex 40.2472 20.1666 9.19
      vertex 40.2472 21.8334 9.19
    endloop
  endfacet
  facet normal 0 0 1
    outer loop
      vertex 40.1595 21.9516 9.19
      vertex 40.1595 20.0484 9.19
      vertex 40.2472 20.1666 9.19
    endloop
  endfacet
  facet normal 0 0 1
    outer loop
      vertex 40.0607 22.0607 9.19
      vertex 40.1595 20.0484 9.19
      vertex 40.1595 21.9516 9.19
    endloop
  endfacet
  facet normal 0 0 1
    outer loop
      vertex 40.0607 22.0607 9.19
      vertex 40.0607 19.9393 9.19
      vertex 40.1595 20.0484 9.19
    endloop
  endfacet
  facet normal 0 0 1
    outer loop
      vertex 39.9516 22.1595 9.19
      vertex 40.0607 19.9393 9.19
      vertex 40.0607 22.0607 9.19
    endloop
  endfacet
  facet normal 0 0 1
    outer loop
      vertex 39.9516 22.1595 9.19
      vertex 39.9516 19.8405 9.19
      vertex 40.0607 19.9393 9.19
    endloop
  endfacet
  facet normal 0 0 1
    outer loop
      vertex 39.8334 22.2472 9.19
      vertex 39.9516 19.8405 9.19
      vertex 39.9516 22.1595 9.19
    endloop
  endfacet
  facet normal 0 0 1
    outer loop
      vertex 39.8334 22.2472 9.19
      vertex 39.8334 19.7528 9.19
      vertex 39.9516 19.8405 9.19
    endloop
  endfacet
  facet normal 0 0 1
    outer loop
      vertex 39.7071 22.3229 9.19
      vertex 39.8334 19.7528 9.19
      vertex 39.8334 22.2472 9.19
    endloop
  endfacet
  facet normal 0 0 1
    outer loop
      vertex 39.7071 22.3229 9.19
      vertex 39.7071 19.6771 9.19
      vertex 39.8334 19.7528 9.19
    endloop
  endfacet
  facet normal 0 0 1
    outer loop
      vertex 39.574 22.3858 9.19
      vertex 39.7071 19.6771 9.19
      vertex 39.7071 22.3229 9.19
    endloop
  endfacet
  facet normal 0 0 1
    outer loop
      vertex 39.574 22.3858 9.19
      vertex 39.574 19.6142 9.19
      vertex 39.7071 19.6771 9.19
    endloop
  endfacet
  facet normal 0 0 1
    outer loop
      vertex 39.4354 22.4354 9.19
      vertex 39.574 19.6142 9.19
      vertex 39.574 22.3858 9.19
    endloop
  endfacet
  facet normal 0 0 1
    outer loop
      vertex 39.4354 22.4354 9.19
      vertex 39.4354 19.5646 9.19
      vertex 39.574 19.6142 9.19
    endloop
  endfacet
  facet normal 0 0 1
    outer loop
      vertex 39.2926 22.4712 9.19
      vertex 39.4354 19.5646 9.19
      vertex 39.4354 22.4354 9.19
    endloop
  endfacet
  facet normal 0 0 1
    outer loop
      vertex 39.2926 22.4712 9.19
      vertex 39.2926 19.5288 9.19
      vertex 39.4354 19.5646 9.19
    endloop
  endfacet
  facet normal 0 0 1
    outer loop
      vertex 39.147 22.4928 9.19
      vertex 39.2926 19.5288 9.19
      vertex 39.2926 22.4712 9.19
    endloop
  endfacet
  facet normal 0 0 1
    outer loop
      vertex 39.147 22.4928 9.19
      vertex 39.147 19.5072 9.19
      vertex 39.2926 19.5288 9.19
    endloop
  endfacet
  facet normal 0 0 1
    outer loop
      vertex 39 22.5 9.19
      vertex 39.147 19.5072 9.19
      vertex 39.147 22.4928 9.19
    endloop
  endfacet
  facet normal 0 0 1
    outer loop
      vertex 39 22.5 9.19
      vertex 39 19.5 9.19
      vertex 39.147 19.5072 9.19
    endloop
  endfacet
  facet normal -0 0 1
    outer loop
      vertex 38.853 22.4928 9.19
      vertex 39 19.5 9.19
      vertex 39 22.5 9.19
    endloop
  endfacet
  facet normal 0 0 1
    outer loop
      vertex 38.853 22.4928 9.19
      vertex 38.853 19.5072 9.19
      vertex 39 19.5 9.19
    endloop
  endfacet
  facet normal -0 0 1
    outer loop
      vertex 38.7074 22.4712 9.19
      vertex 38.853 19.5072 9.19
      vertex 38.853 22.4928 9.19
    endloop
  endfacet
  facet normal 0 0 1
    outer loop
      vertex 38.7074 22.4712 9.19
      vertex 38.7074 19.5288 9.19
      vertex 38.853 19.5072 9.19
    endloop
  endfacet
  facet normal -0 0 1
    outer loop
      vertex 38.5646 22.4354 9.19
      vertex 38.7074 19.5288 9.19
      vertex 38.7074 22.4712 9.19
    endloop
  endfacet
  facet normal 0 0 1
    outer loop
      vertex 38.5646 22.4354 9.19
      vertex 38.5646 19.5646 9.19
      vertex 38.7074 19.5288 9.19
    endloop
  endfacet
  facet normal -0 0 1
    outer loop
      vertex 38.426 22.3858 9.19
      vertex 38.5646 19.5646 9.19
      vertex 38.5646 22.4354 9.19
    endloop
  endfacet
  facet normal 0 0 1
    outer loop
      vertex 38.426 22.3858 9.19
      vertex 38.426 19.6142 9.19
      vertex 38.5646 19.5646 9.19
    endloop
  endfacet
  facet normal -0 0 1
    outer loop
      vertex 38.2929 22.3229 9.19
      vertex 38.426 19.6142 9.19
      vertex 38.426 22.3858 9.19
    endloop
  endfacet
  facet normal 0 0 1
    outer loop
      vertex 38.2929 22.3229 9.19
      vertex 38.2929 19.6771 9.19
      vertex 38.426 19.6142 9.19
    endloop
  endfacet
  facet normal -0 0 1
    outer loop
      vertex 38.1666 22.2472 9.19
      vertex 38.2929 19.6771 9.19
      vertex 38.2929 22.3229 9.19
    endloop
  endfacet
  facet normal 0 0 1
    outer loop
      vertex 38.1666 22.2472 9.19
      vertex 38.1666 19.7528 9.19
      vertex 38.2929 19.6771 9.19
    endloop
  endfacet
  facet normal -0 0 1
    outer loop
      vertex 38.0484 22.1595 9.19
      vertex 38.1666 19.7528 9.19
      vertex 38.1666 22.2472 9.19
    endloop
  endfacet
  facet normal 0 0 1
    outer loop
      vertex 38.0484 22.1595 9.19
      vertex 38.0484 19.8405 9.19
      vertex 38.1666 19.7528 9.19
    endloop
  endfacet
  facet normal -0 0 1
    outer loop
      vertex 37.9393 22.0607 9.19
      vertex 38.0484 19.8405 9.19
      vertex 38.0484 22.1595 9.19
    endloop
  endfacet
  facet normal 0 0 1
    outer loop
      vertex 37.9393 22.0607 9.19
      vertex 37.9393 19.9393 9.19
      vertex 38.0484 19.8405 9.19
    endloop
  endfacet
  facet normal -0 0 1
    outer loop
      vertex 37.8405 21.9516 9.19
      vertex 37.9393 19.9393 9.19
      vertex 37.9393 22.0607 9.19
    endloop
  endfacet
  facet normal 0 0 1
    outer loop
      vertex 37.8405 21.9516 9.19
      vertex 37.8405 20.0484 9.19
      vertex 37.9393 19.9393 9.19
    endloop
  endfacet
  facet normal -0 0 1
    outer loop
      vertex 37.7528 21.8334 9.19
      vertex 37.8405 20.0484 9.19
      vertex 37.8405 21.9516 9.19
    endloop
  endfacet
  facet normal 0 0 1
    outer loop
      vertex 37.7528 21.8334 9.19
      vertex 37.7528 20.1666 9.19
      vertex 37.8405 20.0484 9.19
    endloop
  endfacet
  facet normal -0 0 1
    outer loop
      vertex 37.6771 21.7071 9.19
      vertex 37.7528 20.1666 9.19
      vertex 37.7528 21.8334 9.19
    endloop
  endfacet
  facet normal 0 0 1
    outer loop
      vertex 37.6771 21.7071 9.19
      vertex 37.6771 20.2929 9.19
      vertex 37.7528 20.1666 9.19
    endloop
  endfacet
  facet normal -0 0 1
    outer loop
      vertex 37.6142 21.574 9.19
      vertex 37.6771 20.2929 9.19
      vertex 37.6771 21.7071 9.19
    endloop
  endfacet
  facet normal 0 0 1
    outer loop
      vertex 37.6142 21.574 9.19
      vertex 37.6142 20.426 9.19
      vertex 37.6771 20.2929 9.19
    endloop
  endfacet
  facet normal -0 0 1
    outer loop
      vertex 37.5646 21.4354 9.19
      vertex 37.6142 20.426 9.19
      vertex 37.6142 21.574 9.19
    endloop
  endfacet
  facet normal 0 0 1
    outer loop
      vertex 37.5646 21.4354 9.19
      vertex 37.5646 20.5646 9.19
      vertex 37.6142 20.426 9.19
    endloop
  endfacet
  facet normal -0 0 1
    outer loop
      vertex 37.5288 21.2926 9.19
      vertex 37.5646 20.5646 9.19
      vertex 37.5646 21.4354 9.19
    endloop
  endfacet
  facet normal 0 0 1
    outer loop
      vertex 37.5288 21.2926 9.19
      vertex 37.5288 20.7074 9.19
      vertex 37.5646 20.5646 9.19
    endloop
  endfacet
  facet normal -0 0 1
    outer loop
      vertex 37.5072 21.147 9.19
      vertex 37.5288 20.7074 9.19
      vertex 37.5288 21.2926 9.19
    endloop
  endfacet
  facet normal 0 0 1
    outer loop
      vertex 37.5072 21.147 9.19
      vertex 37.5072 20.853 9.19
      vertex 37.5288 20.7074 9.19
    endloop
  endfacet
  facet normal 0 -0 1
    outer loop
      vertex 37.5072 20.853 9.19
      vertex 37.5072 21.147 9.19
      vertex 37.5 21 9.19
    endloop
  endfacet
  facet normal -0.514096 0.857733 0
    outer loop
      vertex 38.2929 22.3229 7.8
      vertex 38.1666 22.2472 9.19
      vertex 38.2929 22.3229 9.19
    endloop
  endfacet
  facet normal -0.514096 0.857733 0
    outer loop
      vertex 38.1666 22.2472 9.19
      vertex 38.2929 22.3229 7.8
      vertex 38.1666 22.2472 7.8
    endloop
  endfacet
  facet normal -0.427269 0.904125 0
    outer loop
      vertex 38.426 22.3858 7.8
      vertex 38.2929 22.3229 9.19
      vertex 38.426 22.3858 9.19
    endloop
  endfacet
  facet normal -0.427269 0.904125 0
    outer loop
      vertex 38.2929 22.3229 9.19
      vertex 38.426 22.3858 7.8
      vertex 38.2929 22.3229 7.8
    endloop
  endfacet
  facet normal -0.595861 0.803088 0
    outer loop
      vertex 38.1666 22.2472 7.8
      vertex 38.0484 22.1595 9.19
      vertex 38.1666 22.2472 9.19
    endloop
  endfacet
  facet normal -0.595861 0.803088 0
    outer loop
      vertex 38.0484 22.1595 9.19
      vertex 38.1666 22.2472 7.8
      vertex 38.0484 22.1595 7.8
    endloop
  endfacet
  facet normal -0.243175 0.969982 0
    outer loop
      vertex 38.7074 22.4712 7.8
      vertex 38.5646 22.4354 9.19
      vertex 38.7074 22.4712 9.19
    endloop
  endfacet
  facet normal -0.243175 0.969982 0
    outer loop
      vertex 38.5646 22.4354 9.19
      vertex 38.7074 22.4712 7.8
      vertex 38.5646 22.4354 7.8
    endloop
  endfacet
  facet normal -0.0489209 0.998803 0
    outer loop
      vertex 39 22.5 7.8
      vertex 38.853 22.4928 9.19
      vertex 39 22.5 9.19
    endloop
  endfacet
  facet normal -0.0489209 0.998803 0
    outer loop
      vertex 38.853 22.4928 9.19
      vertex 39 22.5 7.8
      vertex 38.853 22.4928 7.8
    endloop
  endfacet
  facet normal 0.0489209 -0.998803 0
    outer loop
      vertex 39 19.5 7.8
      vertex 39.147 19.5072 9.19
      vertex 39 19.5 9.19
    endloop
  endfacet
  facet normal 0.0489209 -0.998803 0
    outer loop
      vertex 39.147 19.5072 9.19
      vertex 39 19.5 7.8
      vertex 39.147 19.5072 7.8
    endloop
  endfacet
  facet normal 0.336939 -0.941527 0
    outer loop
      vertex 39.4354 19.5646 7.8
      vertex 39.574 19.6142 9.19
      vertex 39.4354 19.5646 9.19
    endloop
  endfacet
  facet normal 0.336939 -0.941527 0
    outer loop
      vertex 39.574 19.6142 9.19
      vertex 39.4354 19.5646 7.8
      vertex 39.574 19.6142 7.8
    endloop
  endfacet
  facet normal 0.671251 -0.74123 0
    outer loop
      vertex 39.9516 19.8405 7.8
      vertex 40.0607 19.9393 9.19
      vertex 39.9516 19.8405 9.19
    endloop
  endfacet
  facet normal 0.671251 -0.74123 0
    outer loop
      vertex 40.0607 19.9393 9.19
      vertex 39.9516 19.8405 7.8
      vertex 40.0607 19.9393 7.8
    endloop
  endfacet
  facet normal 0.514096 -0.857733 0
    outer loop
      vertex 39.7071 19.6771 7.8
      vertex 39.8334 19.7528 9.19
      vertex 39.7071 19.6771 9.19
    endloop
  endfacet
  facet normal 0.514096 -0.857733 0
    outer loop
      vertex 39.8334 19.7528 9.19
      vertex 39.7071 19.6771 7.8
      vertex 39.8334 19.7528 7.8
    endloop
  endfacet
  facet normal 0.803088 -0.595861 0
    outer loop
      vertex 40.1595 20.0484 9.19
      vertex 40.2472 20.1666 7.8
      vertex 40.2472 20.1666 9.19
    endloop
  endfacet
  facet normal 0.803088 -0.595861 0
    outer loop
      vertex 40.2472 20.1666 7.8
      vertex 40.1595 20.0484 9.19
      vertex 40.1595 20.0484 7.8
    endloop
  endfacet
  facet normal 0.904125 -0.427269 0
    outer loop
      vertex 40.3229 20.2929 9.19
      vertex 40.3858 20.426 7.8
      vertex 40.3858 20.426 9.19
    endloop
  endfacet
  facet normal 0.904125 -0.427269 0
    outer loop
      vertex 40.3858 20.426 7.8
      vertex 40.3229 20.2929 9.19
      vertex 40.3229 20.2929 7.8
    endloop
  endfacet
  facet normal -0.671251 -0.74123 0
    outer loop
      vertex 37.9393 19.9393 7.8
      vertex 38.0484 19.8405 9.19
      vertex 37.9393 19.9393 9.19
    endloop
  endfacet
  facet normal -0.671251 -0.74123 -0
    outer loop
      vertex 38.0484 19.8405 9.19
      vertex 37.9393 19.9393 7.8
      vertex 38.0484 19.8405 7.8
    endloop
  endfacet
  facet normal -0.514096 -0.857733 0
    outer loop
      vertex 38.1666 19.7528 7.8
      vertex 38.2929 19.6771 9.19
      vertex 38.1666 19.7528 9.19
    endloop
  endfacet
  facet normal -0.514096 -0.857733 -0
    outer loop
      vertex 38.2929 19.6771 9.19
      vertex 38.1666 19.7528 7.8
      vertex 38.2929 19.6771 7.8
    endloop
  endfacet
  facet normal -0.336939 -0.941527 0
    outer loop
      vertex 38.426 19.6142 7.8
      vertex 38.5646 19.5646 9.19
      vertex 38.426 19.6142 9.19
    endloop
  endfacet
  facet normal -0.336939 -0.941527 -0
    outer loop
      vertex 38.5646 19.5646 9.19
      vertex 38.426 19.6142 7.8
      vertex 38.5646 19.5646 7.8
    endloop
  endfacet
  facet normal -0.146746 -0.989174 0
    outer loop
      vertex 38.7074 19.5288 7.8
      vertex 38.853 19.5072 9.19
      vertex 38.7074 19.5288 9.19
    endloop
  endfacet
  facet normal -0.146746 -0.989174 -0
    outer loop
      vertex 38.853 19.5072 9.19
      vertex 38.7074 19.5288 7.8
      vertex 38.853 19.5072 7.8
    endloop
  endfacet
  facet normal -0.904125 -0.427269 0
    outer loop
      vertex 37.6771 20.2929 7.8
      vertex 37.6142 20.426 9.19
      vertex 37.6142 20.426 7.8
    endloop
  endfacet
  facet normal -0.904125 -0.427269 0
    outer loop
      vertex 37.6142 20.426 9.19
      vertex 37.6771 20.2929 7.8
      vertex 37.6771 20.2929 9.19
    endloop
  endfacet
  facet normal -0.803088 -0.595861 0
    outer loop
      vertex 37.8405 20.0484 7.8
      vertex 37.7528 20.1666 9.19
      vertex 37.7528 20.1666 7.8
    endloop
  endfacet
  facet normal -0.803088 -0.595861 0
    outer loop
      vertex 37.7528 20.1666 9.19
      vertex 37.8405 20.0484 7.8
      vertex 37.8405 20.0484 9.19
    endloop
  endfacet
  facet normal -0.969982 -0.243175 0
    outer loop
      vertex 37.5646 20.5646 7.8
      vertex 37.5288 20.7074 9.19
      vertex 37.5288 20.7074 7.8
    endloop
  endfacet
  facet normal -0.969982 -0.243175 0
    outer loop
      vertex 37.5288 20.7074 9.19
      vertex 37.5646 20.5646 7.8
      vertex 37.5646 20.5646 9.19
    endloop
  endfacet
  facet normal -0.998803 -0.0489209 0
    outer loop
      vertex 37.5072 20.853 7.8
      vertex 37.5 21 9.19
      vertex 37.5 21 7.8
    endloop
  endfacet
  facet normal -0.998803 -0.0489209 0
    outer loop
      vertex 37.5 21 9.19
      vertex 37.5072 20.853 7.8
      vertex 37.5072 20.853 9.19
    endloop
  endfacet
  facet normal 0.146746 -0.989174 0
    outer loop
      vertex 39.147 19.5072 7.8
      vertex 39.2926 19.5288 9.19
      vertex 39.147 19.5072 9.19
    endloop
  endfacet
  facet normal 0.146746 -0.989174 0
    outer loop
      vertex 39.2926 19.5288 9.19
      vertex 39.147 19.5072 7.8
      vertex 39.2926 19.5288 7.8
    endloop
  endfacet
  facet normal 0.427269 -0.904125 0
    outer loop
      vertex 39.574 19.6142 7.8
      vertex 39.7071 19.6771 9.19
      vertex 39.574 19.6142 9.19
    endloop
  endfacet
  facet normal 0.427269 -0.904125 0
    outer loop
      vertex 39.7071 19.6771 9.19
      vertex 39.574 19.6142 7.8
      vertex 39.7071 19.6771 7.8
    endloop
  endfacet
  facet normal 0.74123 -0.671251 0
    outer loop
      vertex 40.0607 19.9393 9.19
      vertex 40.1595 20.0484 7.8
      vertex 40.1595 20.0484 9.19
    endloop
  endfacet
  facet normal 0.74123 -0.671251 0
    outer loop
      vertex 40.1595 20.0484 7.8
      vertex 40.0607 19.9393 9.19
      vertex 40.0607 19.9393 7.8
    endloop
  endfacet
  facet normal 0.595861 -0.803088 0
    outer loop
      vertex 39.8334 19.7528 7.8
      vertex 39.9516 19.8405 9.19
      vertex 39.8334 19.7528 9.19
    endloop
  endfacet
  facet normal 0.595861 -0.803088 0
    outer loop
      vertex 39.9516 19.8405 9.19
      vertex 39.8334 19.7528 7.8
      vertex 39.9516 19.8405 7.8
    endloop
  endfacet
  facet normal 0.857733 -0.514096 0
    outer loop
      vertex 40.2472 20.1666 9.19
      vertex 40.3229 20.2929 7.8
      vertex 40.3229 20.2929 9.19
    endloop
  endfacet
  facet normal 0.857733 -0.514096 0
    outer loop
      vertex 40.3229 20.2929 7.8
      vertex 40.2472 20.1666 9.19
      vertex 40.2472 20.1666 7.8
    endloop
  endfacet
  facet normal 0.989174 -0.146746 0
    outer loop
      vertex 40.4712 20.7074 9.19
      vertex 40.4928 20.853 7.8
      vertex 40.4928 20.853 9.19
    endloop
  endfacet
  facet normal 0.989174 -0.146746 0
    outer loop
      vertex 40.4928 20.853 7.8
      vertex 40.4712 20.7074 9.19
      vertex 40.4712 20.7074 7.8
    endloop
  endfacet
  facet normal 0.998803 -0.0489209 0
    outer loop
      vertex 40.4928 20.853 9.19
      vertex 40.5 21 7.8
      vertex 40.5 21 9.19
    endloop
  endfacet
  facet normal 0.998803 -0.0489209 0
    outer loop
      vertex 40.5 21 7.8
      vertex 40.4928 20.853 9.19
      vertex 40.4928 20.853 7.8
    endloop
  endfacet
  facet normal -0.595861 -0.803088 0
    outer loop
      vertex 38.0484 19.8405 7.8
      vertex 38.1666 19.7528 9.19
      vertex 38.0484 19.8405 9.19
    endloop
  endfacet
  facet normal -0.595861 -0.803088 -0
    outer loop
      vertex 38.1666 19.7528 9.19
      vertex 38.0484 19.8405 7.8
      vertex 38.1666 19.7528 7.8
    endloop
  endfacet
  facet normal -0.427269 -0.904125 0
    outer loop
      vertex 38.2929 19.6771 7.8
      vertex 38.426 19.6142 9.19
      vertex 38.2929 19.6771 9.19
    endloop
  endfacet
  facet normal -0.427269 -0.904125 -0
    outer loop
      vertex 38.426 19.6142 9.19
      vertex 38.2929 19.6771 7.8
      vertex 38.426 19.6142 7.8
    endloop
  endfacet
  facet normal -0.243175 -0.969982 0
    outer loop
      vertex 38.5646 19.5646 7.8
      vertex 38.7074 19.5288 9.19
      vertex 38.5646 19.5646 9.19
    endloop
  endfacet
  facet normal -0.243175 -0.969982 -0
    outer loop
      vertex 38.7074 19.5288 9.19
      vertex 38.5646 19.5646 7.8
      vertex 38.7074 19.5288 7.8
    endloop
  endfacet
  facet normal -0.857733 -0.514096 0
    outer loop
      vertex 37.7528 20.1666 7.8
      vertex 37.6771 20.2929 9.19
      vertex 37.6771 20.2929 7.8
    endloop
  endfacet
  facet normal -0.857733 -0.514096 0
    outer loop
      vertex 37.6771 20.2929 9.19
      vertex 37.7528 20.1666 7.8
      vertex 37.7528 20.1666 9.19
    endloop
  endfacet
  facet normal -0.989174 -0.146746 0
    outer loop
      vertex 37.5288 20.7074 7.8
      vertex 37.5072 20.853 9.19
      vertex 37.5072 20.853 7.8
    endloop
  endfacet
  facet normal -0.989174 -0.146746 0
    outer loop
      vertex 37.5072 20.853 9.19
      vertex 37.5288 20.7074 7.8
      vertex 37.5288 20.7074 9.19
    endloop
  endfacet
  facet normal 0.243175 -0.969982 0
    outer loop
      vertex 39.2926 19.5288 7.8
      vertex 39.4354 19.5646 9.19
      vertex 39.2926 19.5288 9.19
    endloop
  endfacet
  facet normal 0.243175 -0.969982 0
    outer loop
      vertex 39.4354 19.5646 9.19
      vertex 39.2926 19.5288 7.8
      vertex 39.4354 19.5646 7.8
    endloop
  endfacet
  facet normal 0.0491054 -0.998794 0
    outer loop
      vertex 39.5 -30.05 0
      vertex 40.338 -30.0088 2
      vertex 39.5 -30.05 2
    endloop
  endfacet
  facet normal 0.0491054 -0.998794 0
    outer loop
      vertex 40.338 -30.0088 2
      vertex 39.5 -30.05 0
      vertex 40.338 -30.0088 0
    endloop
  endfacet
  facet normal 0.146708 -0.98918 0
    outer loop
      vertex 40.338 -30.0088 0
      vertex 41.168 -29.8857 2
      vertex 40.338 -30.0088 2
    endloop
  endfacet
  facet normal 0.146708 -0.98918 0
    outer loop
      vertex 41.168 -29.8857 2
      vertex 40.338 -30.0088 0
      vertex 41.168 -29.8857 0
    endloop
  endfacet
  facet normal -0.0491054 0.998794 0
    outer loop
      vertex -39.5 30.05 0
      vertex -40.338 30.0088 2
      vertex -39.5 30.05 2
    endloop
  endfacet
  facet normal -0.0491054 0.998794 0
    outer loop
      vertex -40.338 30.0088 2
      vertex -39.5 30.05 0
      vertex -40.338 30.0088 0
    endloop
  endfacet
  facet normal -0.98918 -0.146708 0
    outer loop
      vertex -47.8857 -23.168 0
      vertex -48.0088 -22.338 2
      vertex -48.0088 -22.338 0
    endloop
  endfacet
  facet normal -0.98918 -0.146708 0
    outer loop
      vertex -48.0088 -22.338 2
      vertex -47.8857 -23.168 0
      vertex -47.8857 -23.168 2
    endloop
  endfacet
  facet normal -0.243012 -0.970023 0
    outer loop
      vertex -41.9819 -29.6818 0
      vertex -41.168 -29.8857 2
      vertex -41.9819 -29.6818 2
    endloop
  endfacet
  facet normal -0.243012 -0.970023 -0
    outer loop
      vertex -41.168 -29.8857 2
      vertex -41.9819 -29.6818 0
      vertex -41.168 -29.8857 0
    endloop
  endfacet
  facet normal 0 -1 0
    outer loop
      vertex -39.5 -30.05 0
      vertex -29.5 -30.05 2
      vertex -39.5 -30.05 2
    endloop
  endfacet
  facet normal 0 -1 -0
    outer loop
      vertex -29.5 -30.05 2
      vertex -39.5 -30.05 0
      vertex -28 -30.05 2
    endloop
  endfacet
  facet normal 0 -1 -0
    outer loop
      vertex -28 -30.05 2
      vertex -39.5 -30.05 0
      vertex -16 -30.05 2
    endloop
  endfacet
  facet normal 0 -1 -0
    outer loop
      vertex -16 -30.05 2
      vertex -39.5 -30.05 0
      vertex -14.5 -30.05 2
    endloop
  endfacet
  facet normal 0 -1 -0
    outer loop
      vertex -14.5 -30.05 2
      vertex -39.5 -30.05 0
      vertex 14.5 -30.05 2
    endloop
  endfacet
  facet normal 0 -1 0
    outer loop
      vertex 39.5 -30.05 0
      vertex 14.5 -30.05 2
      vertex -39.5 -30.05 0
    endloop
  endfacet
  facet normal 0 -1 0
    outer loop
      vertex 14.5 -30.05 2
      vertex 39.5 -30.05 0
      vertex 16 -30.05 2
    endloop
  endfacet
  facet normal 0 -1 0
    outer loop
      vertex 16 -30.05 2
      vertex 39.5 -30.05 0
      vertex 28 -30.05 2
    endloop
  endfacet
  facet normal 0 -1 0
    outer loop
      vertex 28 -30.05 2
      vertex 39.5 -30.05 0
      vertex 29.5 -30.05 2
    endloop
  endfacet
  facet normal 0 -1 0
    outer loop
      vertex 29.5 -30.05 2
      vertex 39.5 -30.05 0
      vertex 39.5 -30.05 2
    endloop
  endfacet
  facet normal 0 1 -0
    outer loop
      vertex 39.5 30.05 0
      vertex 29.5 30.05 2
      vertex 39.5 30.05 2
    endloop
  endfacet
  facet normal 0 1 0
    outer loop
      vertex 29.5 30.05 2
      vertex 39.5 30.05 0
      vertex 28 30.05 2
    endloop
  endfacet
  facet normal 0 1 0
    outer loop
      vertex 28 30.05 2
      vertex 39.5 30.05 0
      vertex 16 30.05 2
    endloop
  endfacet
  facet normal 0 1 0
    outer loop
      vertex 16 30.05 2
      vertex 39.5 30.05 0
      vertex 14.5 30.05 2
    endloop
  endfacet
  facet normal 0 1 0
    outer loop
      vertex 14.5 30.05 2
      vertex 39.5 30.05 0
      vertex -14.5 30.05 2
    endloop
  endfacet
  facet normal 0 1 0
    outer loop
      vertex -39.5 30.05 0
      vertex -14.5 30.05 2
      vertex 39.5 30.05 0
    endloop
  endfacet
  facet normal 0 1 0
    outer loop
      vertex -14.5 30.05 2
      vertex -39.5 30.05 0
      vertex -16 30.05 2
    endloop
  endfacet
  facet normal 0 1 0
    outer loop
      vertex -16 30.05 2
      vertex -39.5 30.05 0
      vertex -28 30.05 2
    endloop
  endfacet
  facet normal 0 1 0
    outer loop
      vertex -28 30.05 2
      vertex -39.5 30.05 0
      vertex -29.5 30.05 2
    endloop
  endfacet
  facet normal 0 1 0
    outer loop
      vertex -29.5 30.05 2
      vertex -39.5 30.05 0
      vertex -39.5 30.05 2
    endloop
  endfacet
  facet normal -0.595777 -0.80315 0
    outer loop
      vertex -44.924 -28.1092 0
      vertex -44.2501 -28.6091 2
      vertex -44.924 -28.1092 2
    endloop
  endfacet
  facet normal -0.595777 -0.80315 -0
    outer loop
      vertex -44.2501 -28.6091 2
      vertex -44.924 -28.1092 0
      vertex -44.2501 -28.6091 0
    endloop
  endfacet
  facet normal 0.51404 0.857766 -0
    outer loop
      vertex 44.2501 28.6091 0
      vertex 43.5304 29.0404 2
      vertex 44.2501 28.6091 2
    endloop
  endfacet
  facet normal 0.51404 0.857766 0
    outer loop
      vertex 43.5304 29.0404 2
      vertex 44.2501 28.6091 0
      vertex 43.5304 29.0404 0
    endloop
  endfacet
  facet normal 0.243012 0.970023 -0
    outer loop
      vertex 41.9819 29.6818 0
      vertex 41.168 29.8857 2
      vertex 41.9819 29.6818 2
    endloop
  endfacet
  facet normal 0.243012 0.970023 0
    outer loop
      vertex 41.168 29.8857 2
      vertex 41.9819 29.6818 0
      vertex 41.168 29.8857 0
    endloop
  endfacet
  facet normal -0.98918 0.146708 0
    outer loop
      vertex -48.0088 22.338 0
      vertex -47.8857 23.168 2
      vertex -47.8857 23.168 0
    endloop
  endfacet
  facet normal -0.98918 0.146708 0
    outer loop
      vertex -47.8857 23.168 2
      vertex -48.0088 22.338 0
      vertex -48.0088 22.338 2
    endloop
  endfacet
  facet normal -0.80315 -0.595777 0
    outer loop
      vertex -46.1092 -26.924 0
      vertex -46.6091 -26.2501 2
      vertex -46.6091 -26.2501 0
    endloop
  endfacet
  facet normal -0.80315 -0.595777 0
    outer loop
      vertex -46.6091 -26.2501 2
      vertex -46.1092 -26.924 0
      vertex -46.1092 -26.924 2
    endloop
  endfacet
  facet normal -0.51404 -0.857766 0
    outer loop
      vertex -44.2501 -28.6091 0
      vertex -43.5304 -29.0404 2
      vertex -44.2501 -28.6091 2
    endloop
  endfacet
  facet normal -0.51404 -0.857766 -0
    outer loop
      vertex -43.5304 -29.0404 2
      vertex -44.2501 -28.6091 0
      vertex -43.5304 -29.0404 0
    endloop
  endfacet
  facet normal -0.998794 0.0491054 0
    outer loop
      vertex -48.05 21.5 0
      vertex -48.0088 22.338 2
      vertex -48.0088 22.338 0
    endloop
  endfacet
  facet normal -0.998794 0.0491054 0
    outer loop
      vertex -48.0088 22.338 2
      vertex -48.05 21.5 0
      vertex -48.05 21.5 2
    endloop
  endfacet
  facet normal -0.998794 -0.0491054 0
    outer loop
      vertex -48.0088 -22.338 0
      vertex -48.05 -21.5 2
      vertex -48.05 -21.5 0
    endloop
  endfacet
  facet normal -0.998794 -0.0491054 0
    outer loop
      vertex -48.05 -21.5 2
      vertex -48.0088 -22.338 0
      vertex -48.0088 -22.338 2
    endloop
  endfacet
  facet normal -0.0491054 -0.998794 0
    outer loop
      vertex -40.338 -30.0088 0
      vertex -39.5 -30.05 2
      vertex -40.338 -30.0088 2
    endloop
  endfacet
  facet normal -0.0491054 -0.998794 -0
    outer loop
      vertex -39.5 -30.05 2
      vertex -40.338 -30.0088 0
      vertex -39.5 -30.05 0
    endloop
  endfacet
  facet normal -0.146708 -0.98918 0
    outer loop
      vertex -41.168 -29.8857 0
      vertex -40.338 -30.0088 2
      vertex -41.168 -29.8857 2
    endloop
  endfacet
  facet normal -0.146708 -0.98918 -0
    outer loop
      vertex -40.338 -30.0088 2
      vertex -41.168 -29.8857 0
      vertex -40.338 -30.0088 0
    endloop
  endfacet
  facet normal -0.33682 -0.941569 0
    outer loop
      vertex -42.7719 -29.3992 0
      vertex -41.9819 -29.6818 2
      vertex -42.7719 -29.3992 2
    endloop
  endfacet
  facet normal -0.33682 -0.941569 -0
    outer loop
      vertex -41.9819 -29.6818 2
      vertex -42.7719 -29.3992 0
      vertex -41.9819 -29.6818 0
    endloop
  endfacet
  facet normal -0.42761 -0.903963 0
    outer loop
      vertex -43.5304 -29.0404 0
      vertex -42.7719 -29.3992 2
      vertex -43.5304 -29.0404 2
    endloop
  endfacet
  facet normal -0.42761 -0.903963 -0
    outer loop
      vertex -42.7719 -29.3992 2
      vertex -43.5304 -29.0404 0
      vertex -42.7719 -29.3992 0
    endloop
  endfacet
  facet normal 0.998794 -0.0491054 0
    outer loop
      vertex 48.0088 -22.338 2
      vertex 48.05 -21.5 0
      vertex 48.05 -21.5 2
    endloop
  endfacet
  facet normal 0.998794 -0.0491054 0
    outer loop
      vertex 48.05 -21.5 0
      vertex 48.0088 -22.338 2
      vertex 48.0088 -22.338 0
    endloop
  endfacet
  facet normal 0.98918 -0.146708 0
    outer loop
      vertex 47.8857 -23.168 2
      vertex 48.0088 -22.338 0
      vertex 48.0088 -22.338 2
    endloop
  endfacet
  facet normal 0.98918 -0.146708 0
    outer loop
      vertex 48.0088 -22.338 0
      vertex 47.8857 -23.168 2
      vertex 47.8857 -23.168 0
    endloop
  endfacet
  facet normal 0.33682 0.941569 -0
    outer loop
      vertex 42.7719 29.3992 0
      vertex 41.9819 29.6818 2
      vertex 42.7719 29.3992 2
    endloop
  endfacet
  facet normal 0.33682 0.941569 0
    outer loop
      vertex 41.9819 29.6818 2
      vertex 42.7719 29.3992 0
      vertex 41.9819 29.6818 0
    endloop
  endfacet
  facet normal 0.0491054 0.998794 -0
    outer loop
      vertex 40.338 30.0088 0
      vertex 39.5 30.05 2
      vertex 40.338 30.0088 2
    endloop
  endfacet
  facet normal 0.0491054 0.998794 0
    outer loop
      vertex 39.5 30.05 2
      vertex 40.338 30.0088 0
      vertex 39.5 30.05 0
    endloop
  endfacet
  facet normal -0.146708 0.98918 0
    outer loop
      vertex -40.338 30.0088 0
      vertex -41.168 29.8857 2
      vertex -40.338 30.0088 2
    endloop
  endfacet
  facet normal -0.146708 0.98918 0
    outer loop
      vertex -41.168 29.8857 2
      vertex -40.338 30.0088 0
      vertex -41.168 29.8857 0
    endloop
  endfacet
  facet normal -0.595777 0.80315 0
    outer loop
      vertex -44.2501 28.6091 0
      vertex -44.924 28.1092 2
      vertex -44.2501 28.6091 2
    endloop
  endfacet
  facet normal -0.595777 0.80315 0
    outer loop
      vertex -44.924 28.1092 2
      vertex -44.2501 28.6091 0
      vertex -44.924 28.1092 0
    endloop
  endfacet
  facet normal -0.51404 0.857766 0
    outer loop
      vertex -43.5304 29.0404 0
      vertex -44.2501 28.6091 2
      vertex -43.5304 29.0404 2
    endloop
  endfacet
  facet normal -0.51404 0.857766 0
    outer loop
      vertex -44.2501 28.6091 2
      vertex -43.5304 29.0404 0
      vertex -44.2501 28.6091 0
    endloop
  endfacet
  facet normal -0.671575 0.740937 0
    outer loop
      vertex -44.924 28.1092 0
      vertex -45.5457 27.5457 2
      vertex -44.924 28.1092 2
    endloop
  endfacet
  facet normal -0.671575 0.740937 0
    outer loop
      vertex -45.5457 27.5457 2
      vertex -44.924 28.1092 0
      vertex -45.5457 27.5457 0
    endloop
  endfacet
  facet normal -0.903963 0.42761 0
    outer loop
      vertex -47.3992 24.7719 0
      vertex -47.0404 25.5304 2
      vertex -47.0404 25.5304 0
    endloop
  endfacet
  facet normal -0.903963 0.42761 0
    outer loop
      vertex -47.0404 25.5304 2
      vertex -47.3992 24.7719 0
      vertex -47.3992 24.7719 2
    endloop
  endfacet
  facet normal -0.941569 0.33682 0
    outer loop
      vertex -47.6818 23.9819 0
      vertex -47.3992 24.7719 2
      vertex -47.3992 24.7719 0
    endloop
  endfacet
  facet normal -0.941569 0.33682 0
    outer loop
      vertex -47.3992 24.7719 2
      vertex -47.6818 23.9819 0
      vertex -47.6818 23.9819 2
    endloop
  endfacet
  facet normal -0.903963 -0.42761 0
    outer loop
      vertex -47.0404 -25.5304 0
      vertex -47.3992 -24.7719 2
      vertex -47.3992 -24.7719 0
    endloop
  endfacet
  facet normal -0.903963 -0.42761 0
    outer loop
      vertex -47.3992 -24.7719 2
      vertex -47.0404 -25.5304 0
      vertex -47.0404 -25.5304 2
    endloop
  endfacet
  facet normal -0.857766 -0.51404 0
    outer loop
      vertex -46.6091 -26.2501 0
      vertex -47.0404 -25.5304 2
      vertex -47.0404 -25.5304 0
    endloop
  endfacet
  facet normal -0.857766 -0.51404 0
    outer loop
      vertex -47.0404 -25.5304 2
      vertex -46.6091 -26.2501 0
      vertex -46.6091 -26.2501 2
    endloop
  endfacet
  facet normal -1 0 0
    outer loop
      vertex -48.05 -21.5 0
      vertex -48.05 21.5 2
      vertex -48.05 21.5 0
    endloop
  endfacet
  facet normal -1 -0 0
    outer loop
      vertex -48.05 21.5 2
      vertex -48.05 -21.5 0
      vertex -48.05 -21.5 2
    endloop
  endfacet
  facet normal 0 0 -1
    outer loop
      vertex 39.5 -30.05 0
      vertex 48.05 -21.5 0
      vertex 48.0088 -22.338 0
    endloop
  endfacet
  facet normal 0 0 -1
    outer loop
      vertex 48.05 -21.5 0
      vertex 34 0 0
      vertex 48.05 21.5 0
    endloop
  endfacet
  facet normal 0 0 -1
    outer loop
      vertex 39.5 -30.05 0
      vertex 48.0088 -22.338 0
      vertex 47.8857 -23.168 0
    endloop
  endfacet
  facet normal 0 0 -1
    outer loop
      vertex 33.9807 0.392068 0
      vertex 48.05 21.5 0
      vertex 34 0 0
    endloop
  endfacet
  facet normal 0 0 -1
    outer loop
      vertex 39.5 -30.05 0
      vertex 47.8857 -23.168 0
      vertex 47.6818 -23.9819 0
    endloop
  endfacet
  facet normal 0 0 -1
    outer loop
      vertex 33.9231 0.780361 0
      vertex 48.05 21.5 0
      vertex 33.9807 0.392068 0
    endloop
  endfacet
  facet normal 0 0 -1
    outer loop
      vertex 39.5 -30.05 0
      vertex 47.6818 -23.9819 0
      vertex 47.3992 -24.7719 0
    endloop
  endfacet
  facet normal 0 0 -1
    outer loop
      vertex 33.8278 1.16114 0
      vertex 48.05 21.5 0
      vertex 33.9231 0.780361 0
    endloop
  endfacet
  facet normal 0 0 -1
    outer loop
      vertex 39.5 -30.05 0
      vertex 47.3992 -24.7719 0
      vertex 47.0404 -25.5304 0
    endloop
  endfacet
  facet normal 0 0 -1
    outer loop
      vertex 33.6955 1.53073 0
      vertex 48.05 21.5 0
      vertex 33.8278 1.16114 0
    endloop
  endfacet
  facet normal 0 0 -1
    outer loop
      vertex 39.5 -30.05 0
      vertex 47.0404 -25.5304 0
      vertex 46.6091 -26.2501 0
    endloop
  endfacet
  facet normal 0 0 -1
    outer loop
      vertex 33.5277 1.88559 0
      vertex 48.05 21.5 0
      vertex 33.6955 1.53073 0
    endloop
  endfacet
  facet normal 0 0 -1
    outer loop
      vertex 39.5 -30.05 0
      vertex 46.6091 -26.2501 0
      vertex 46.1092 -26.924 0
    endloop
  endfacet
  facet normal 0 0 -1
    outer loop
      vertex 33.3259 2.22228 0
      vertex 48.05 21.5 0
      vertex 33.5277 1.88559 0
    endloop
  endfacet
  facet normal 0 0 -1
    outer loop
      vertex 39.5 -30.05 0
      vertex 46.1092 -26.924 0
      vertex 45.5457 -27.5457 0
    endloop
  endfacet
  facet normal 0 0 -1
    outer loop
      vertex 33.092 2.53757 0
      vertex 48.05 21.5 0
      vertex 33.3259 2.22228 0
    endloop
  endfacet
  facet normal 0 0 -1
    outer loop
      vertex 39.5 -30.05 0
      vertex 45.5457 -27.5457 0
      vertex 44.924 -28.1092 0
    endloop
  endfacet
  facet normal 0 0 -1
    outer loop
      vertex 32.8284 2.82843 0
      vertex 48.05 21.5 0
      vertex 33.092 2.53757 0
    endloop
  endfacet
  facet normal 0 0 -1
    outer loop
      vertex 39.5 -30.05 0
      vertex 44.924 -28.1092 0
      vertex 44.2501 -28.6091 0
    endloop
  endfacet
  facet normal 0 0 -1
    outer loop
      vertex 32.5376 3.09204 0
      vertex 48.05 21.5 0
      vertex 32.8284 2.82843 0
    endloop
  endfacet
  facet normal 0 0 -1
    outer loop
      vertex 39.5 -30.05 0
      vertex 44.2501 -28.6091 0
      vertex 43.5304 -29.0404 0
    endloop
  endfacet
  facet normal 0 0 -1
    outer loop
      vertex 32.2223 3.32588 0
      vertex 48.05 21.5 0
      vertex 32.5376 3.09204 0
    endloop
  endfacet
  facet normal 0 0 -1
    outer loop
      vertex 39.5 -30.05 0
      vertex 43.5304 -29.0404 0
      vertex 42.7719 -29.3992 0
    endloop
  endfacet
  facet normal 0 0 -1
    outer loop
      vertex 31.8856 3.52768 0
      vertex 48.05 21.5 0
      vertex 32.2223 3.32588 0
    endloop
  endfacet
  facet normal 0 0 -1
    outer loop
      vertex 39.5 -30.05 0
      vertex 42.7719 -29.3992 0
      vertex 41.9819 -29.6818 0
    endloop
  endfacet
  facet normal 0 0 -1
    outer loop
      vertex 31.5307 3.69552 0
      vertex 48.05 21.5 0
      vertex 31.8856 3.52768 0
    endloop
  endfacet
  facet normal 0 0 -1
    outer loop
      vertex 39.5 -30.05 0
      vertex 41.9819 -29.6818 0
      vertex 41.168 -29.8857 0
    endloop
  endfacet
  facet normal 0 0 -1
    outer loop
      vertex 31.1611 3.82776 0
      vertex 48.05 21.5 0
      vertex 31.5307 3.69552 0
    endloop
  endfacet
  facet normal 0 0 -1
    outer loop
      vertex 39.5 -30.05 0
      vertex 41.168 -29.8857 0
      vertex 40.338 -30.0088 0
    endloop
  endfacet
  facet normal 0 -0 -1
    outer loop
      vertex 39.5 30.05 0
      vertex 48.05 21.5 0
      vertex 31.1611 3.82776 0
    endloop
  endfacet
  facet normal -0 0 -1
    outer loop
      vertex 48.05 -21.5 0
      vertex 39.5 -30.05 0
      vertex 30.9899 -7.85203 0
    endloop
  endfacet
  facet normal 0 0 -1
    outer loop
      vertex 48.05 21.5 0
      vertex 39.5 30.05 0
      vertex 48.0088 22.338 0
    endloop
  endfacet
  facet normal 0 0 -1
    outer loop
      vertex 47.8857 23.168 0
      vertex 39.5 30.05 0
      vertex 47.6818 23.9819 0
    endloop
  endfacet
  facet normal 0 0 -1
    outer loop
      vertex 48.05 -21.5 0
      vertex 33.9807 -0.392068 0
      vertex 34 0 0
    endloop
  endfacet
  facet normal 0 0 -1
    outer loop
      vertex 48.05 -21.5 0
      vertex 33.9231 -0.780361 0
      vertex 33.9807 -0.392068 0
    endloop
  endfacet
  facet normal 0 0 -1
    outer loop
      vertex 48.05 -21.5 0
      vertex 33.8278 -1.16114 0
      vertex 33.9231 -0.780361 0
    endloop
  endfacet
  facet normal 0 0 -1
    outer loop
      vertex 48.05 -21.5 0
      vertex 33.6955 -1.53073 0
      vertex 33.8278 -1.16114 0
    endloop
  endfacet
  facet normal 0 0 -1
    outer loop
      vertex 48.05 -21.5 0
      vertex 32.0596 -6.40969 0
      vertex 33.5277 -1.88559 0
    endloop
  endfacet
  facet normal 0 0 -1
    outer loop
      vertex 48.05 -21.5 0
      vertex 33.5277 -1.88559 0
      vertex 33.6955 -1.53073 0
    endloop
  endfacet
  facet normal 0 -0 -1
    outer loop
      vertex 32.0899 -6.20584 0
      vertex 33.5277 -1.88559 0
      vertex 32.0596 -6.40969 0
    endloop
  endfacet
  facet normal 0 0 -1
    outer loop
      vertex 33.5277 -1.88559 0
      vertex 32.0899 -6.20584 0
      vertex 33.3259 -2.22228 0
    endloop
  endfacet
  facet normal 0 0 -1
    outer loop
      vertex 33.3259 -2.22228 0
      vertex 32.1 -6 0
      vertex 33.092 -2.53757 0
    endloop
  endfacet
  facet normal 0 0 -1
    outer loop
      vertex 33.092 -2.53757 0
      vertex 32.1 -6 0
      vertex 32.8284 -2.82843 0
    endloop
  endfacet
  facet normal 0 0 -1
    outer loop
      vertex 32.5376 -3.09204 0
      vertex 32.1 -6 0
      vertex 32.2223 -3.32588 0
    endloop
  endfacet
  facet normal 0 0 -1
    outer loop
      vertex 32.8284 -2.82843 0
      vertex 32.1 -6 0
      vertex 32.5376 -3.09204 0
    endloop
  endfacet
  facet normal 0 -0 -1
    outer loop
      vertex 32.1 -6 0
      vertex 33.3259 -2.22228 0
      vertex 32.0899 -6.20584 0
    endloop
  endfacet
  facet normal 0 0 -1
    outer loop
      vertex 48.05 -21.5 0
      vertex 32.0096 -6.6096 0
      vertex 32.0596 -6.40969 0
    endloop
  endfacet
  facet normal 0 0 -1
    outer loop
      vertex 48.05 -21.5 0
      vertex 31.9401 -6.80363 0
      vertex 32.0096 -6.6096 0
    endloop
  endfacet
  facet normal 0 0 -1
    outer loop
      vertex 48.05 -21.5 0
      vertex 31.852 -6.98993 0
      vertex 31.9401 -6.80363 0
    endloop
  endfacet
  facet normal 0 0 -1
    outer loop
      vertex 48.05 -21.5 0
      vertex 31.7461 -7.1667 0
      vertex 31.852 -6.98993 0
    endloop
  endfacet
  facet normal 0 0 -1
    outer loop
      vertex 48.05 -21.5 0
      vertex 31.6233 -7.33223 0
      vertex 31.7461 -7.1667 0
    endloop
  endfacet
  facet normal 0 0 -1
    outer loop
      vertex 48.05 -21.5 0
      vertex 31.4849 -7.48492 0
      vertex 31.6233 -7.33223 0
    endloop
  endfacet
  facet normal 0 0 -1
    outer loop
      vertex 48.05 -21.5 0
      vertex 31.3322 -7.62332 0
      vertex 31.4849 -7.48492 0
    endloop
  endfacet
  facet normal 0 0 -1
    outer loop
      vertex 48.05 -21.5 0
      vertex 31.1667 -7.74609 0
      vertex 31.3322 -7.62332 0
    endloop
  endfacet
  facet normal 0 0 -1
    outer loop
      vertex 48.05 -21.5 0
      vertex 30.9899 -7.85203 0
      vertex 31.1667 -7.74609 0
    endloop
  endfacet
  facet normal 0 0 -1
    outer loop
      vertex 39.5 -30.05 0
      vertex 30.8036 -7.94015 0
      vertex 30.9899 -7.85203 0
    endloop
  endfacet
  facet normal 0 0 -1
    outer loop
      vertex 39.5 -30.05 0
      vertex 30.6096 -8.00957 0
      vertex 30.8036 -7.94015 0
    endloop
  endfacet
  facet normal 0 0 -1
    outer loop
      vertex 39.5 -30.05 0
      vertex 30.4097 -8.05965 0
      vertex 30.6096 -8.00957 0
    endloop
  endfacet
  facet normal 0 0 -1
    outer loop
      vertex 39.5 -30.05 0
      vertex 30.2058 -8.08989 0
      vertex 30.4097 -8.05965 0
    endloop
  endfacet
  facet normal 0 0 -1
    outer loop
      vertex 39.5 -30.05 0
      vertex 30 -8.1 0
      vertex 30.2058 -8.08989 0
    endloop
  endfacet
  facet normal 0 0 -1
    outer loop
      vertex 39.5 -30.05 0
      vertex 29.7942 -8.08989 0
      vertex 30 -8.1 0
    endloop
  endfacet
  facet normal 0 0 -1
    outer loop
      vertex 39.5 -30.05 0
      vertex 29.5903 -8.05965 0
      vertex 29.7942 -8.08989 0
    endloop
  endfacet
  facet normal 0 0 -1
    outer loop
      vertex 39.5 -30.05 0
      vertex 29.3904 -8.00957 0
      vertex 29.5903 -8.05965 0
    endloop
  endfacet
  facet normal 0 0 -1
    outer loop
      vertex 39.5 -30.05 0
      vertex 29.1964 -7.94015 0
      vertex 29.3904 -8.00957 0
    endloop
  endfacet
  facet normal 0 0 -1
    outer loop
      vertex 39.5 -30.05 0
      vertex 29.0101 -7.85203 0
      vertex 29.1964 -7.94015 0
    endloop
  endfacet
  facet normal 0 0 -1
    outer loop
      vertex 39.5 -30.05 0
      vertex 28.8333 -7.74609 0
      vertex 29.0101 -7.85203 0
    endloop
  endfacet
  facet normal 0 0 -1
    outer loop
      vertex 39.5 -30.05 0
      vertex 28.6678 -7.62332 0
      vertex 28.8333 -7.74609 0
    endloop
  endfacet
  facet normal 0 0 -1
    outer loop
      vertex 39.5 -30.05 0
      vertex 28.5151 -7.48492 0
      vertex 28.6678 -7.62332 0
    endloop
  endfacet
  facet normal 0 0 -1
    outer loop
      vertex -28.5151 -7.48492 0
      vertex 28.5151 -7.48492 0
      vertex 39.5 -30.05 0
    endloop
  endfacet
  facet normal 0 0 -1
    outer loop
      vertex 28.5151 -7.48492 0
      vertex -28.5151 -7.48492 0
      vertex 28.3767 -7.33223 0
    endloop
  endfacet
  facet normal 0 -0 -1
    outer loop
      vertex -28.3767 -7.33223 0
      vertex 28.3767 -7.33223 0
      vertex -28.5151 -7.48492 0
    endloop
  endfacet
  facet normal 0 0 -1
    outer loop
      vertex 27.9 -6 0
      vertex 27.7777 -3.32588 0
      vertex 27.9 -3.39917 0
    endloop
  endfacet
  facet normal 0 0 -1
    outer loop
      vertex 27.9 -6 0
      vertex 27.4624 -3.09204 0
      vertex 27.7777 -3.32588 0
    endloop
  endfacet
  facet normal 0 0 -1
    outer loop
      vertex 26.6741 -2.22228 0
      vertex 27.9 -6 0
      vertex 27.9101 -6.20584 0
    endloop
  endfacet
  facet normal 0 0 -1
    outer loop
      vertex 27.9 -6 0
      vertex 27.1716 -2.82843 0
      vertex 27.4624 -3.09204 0
    endloop
  endfacet
  facet normal 0 0 -1
    outer loop
      vertex 26.4723 -1.88559 0
      vertex 27.9101 -6.20584 0
      vertex 27.9404 -6.40969 0
    endloop
  endfacet
  facet normal 0 0 -1
    outer loop
      vertex 27.9 -6 0
      vertex 26.908 -2.53757 0
      vertex 27.1716 -2.82843 0
    endloop
  endfacet
  facet normal 0 0 -1
    outer loop
      vertex -27.9404 -6.40969 0
      vertex 27.9404 -6.40969 0
      vertex 27.9904 -6.6096 0
    endloop
  endfacet
  facet normal 0 0 -1
    outer loop
      vertex 27.9 -6 0
      vertex 26.6741 -2.22228 0
      vertex 26.908 -2.53757 0
    endloop
  endfacet
  facet normal 0 0 -1
    outer loop
      vertex 27.9101 -6.20584 0
      vertex 26.4723 -1.88559 0
      vertex 26.6741 -2.22228 0
    endloop
  endfacet
  facet normal 0 0 -1
    outer loop
      vertex 27.9404 -6.40969 0
      vertex 26.3045 -1.53073 0
      vertex 26.4723 -1.88559 0
    endloop
  endfacet
  facet normal 0 0 -1
    outer loop
      vertex 27.9404 -6.40969 0
      vertex -26.3045 -1.53073 0
      vertex 26.3045 -1.53073 0
    endloop
  endfacet
  facet normal 0 0 -1
    outer loop
      vertex 26.0193 -0.392068 0
      vertex -26 0 0
      vertex 26 0 0
    endloop
  endfacet
  facet normal 0 0 -1
    outer loop
      vertex -26.0193 -0.392068 0
      vertex 26.0193 -0.392068 0
      vertex 26.0769 -0.780361 0
    endloop
  endfacet
  facet normal 0 0 -1
    outer loop
      vertex -26.0769 -0.780361 0
      vertex 26.0769 -0.780361 0
      vertex 26.1722 -1.16114 0
    endloop
  endfacet
  facet normal 0 0 -1
    outer loop
      vertex 26.3045 -1.53073 0
      vertex -26.3045 -1.53073 0
      vertex 26.1722 -1.16114 0
    endloop
  endfacet
  facet normal 0 0 -1
    outer loop
      vertex -27.9904 -6.6096 0
      vertex 27.9904 -6.6096 0
      vertex 28.0599 -6.80363 0
    endloop
  endfacet
  facet normal 0 0 -1
    outer loop
      vertex -28.0599 -6.80363 0
      vertex 28.0599 -6.80363 0
      vertex 28.148 -6.98993 0
    endloop
  endfacet
  facet normal 0 0 -1
    outer loop
      vertex 28.3767 -7.33223 0
      vertex -28.3767 -7.33223 0
      vertex 28.2539 -7.1667 0
    endloop
  endfacet
  facet normal 0 0 -1
    outer loop
      vertex 26.0193 -0.392068 0
      vertex -26.0193 -0.392068 0
      vertex -26 0 0
    endloop
  endfacet
  facet normal 0 0 -1
    outer loop
      vertex 26.0769 -0.780361 0
      vertex -26.0769 -0.780361 0
      vertex -26.0193 -0.392068 0
    endloop
  endfacet
  facet normal 0 0 -1
    outer loop
      vertex 26.1722 -1.16114 0
      vertex -26.1722 -1.16114 0
      vertex -26.0769 -0.780361 0
    endloop
  endfacet
  facet normal -0 0 -1
    outer loop
      vertex 26.1722 -1.16114 0
      vertex -26.3045 -1.53073 0
      vertex -26.1722 -1.16114 0
    endloop
  endfacet
  facet normal 0 0 -1
    outer loop
      vertex 27.9404 -6.40969 0
      vertex -27.9404 -6.40969 0
      vertex -26.3045 -1.53073 0
    endloop
  endfacet
  facet normal 0 0 -1
    outer loop
      vertex -26.3045 -1.53073 0
      vertex -27.9404 -6.40969 0
      vertex -26.4723 -1.88559 0
    endloop
  endfacet
  facet normal 0 -0 -1
    outer loop
      vertex -27.9101 -6.20584 0
      vertex -26.4723 -1.88559 0
      vertex -27.9404 -6.40969 0
    endloop
  endfacet
  facet normal 0 0 -1
    outer loop
      vertex -26.4723 -1.88559 0
      vertex -27.9101 -6.20584 0
      vertex -26.6741 -2.22228 0
    endloop
  endfacet
  facet normal 0 -0 -1
    outer loop
      vertex -27.9 -6 0
      vertex -26.6741 -2.22228 0
      vertex -27.9101 -6.20584 0
    endloop
  endfacet
  facet normal 0 0 -1
    outer loop
      vertex -26.908 -2.53757 0
      vertex -27.9 -6 0
      vertex -27.1716 -2.82843 0
    endloop
  endfacet
  facet normal 0 0 -1
    outer loop
      vertex -27.4624 -3.09204 0
      vertex -27.9 -6 0
      vertex -27.7777 -3.32588 0
    endloop
  endfacet
  facet normal 0 0 -1
    outer loop
      vertex -27.1716 -2.82843 0
      vertex -27.9 -6 0
      vertex -27.4624 -3.09204 0
    endloop
  endfacet
  facet normal 0 0 -1
    outer loop
      vertex -26.6741 -2.22228 0
      vertex -27.9 -6 0
      vertex -26.908 -2.53757 0
    endloop
  endfacet
  facet normal 0 0 -1
    outer loop
      vertex 27.9904 -6.6096 0
      vertex -27.9904 -6.6096 0
      vertex -27.9404 -6.40969 0
    endloop
  endfacet
  facet normal 0 0 -1
    outer loop
      vertex 28.0599 -6.80363 0
      vertex -28.0599 -6.80363 0
      vertex -27.9904 -6.6096 0
    endloop
  endfacet
  facet normal 0 0 -1
    outer loop
      vertex 28.148 -6.98993 0
      vertex -28.148 -6.98993 0
      vertex -28.0599 -6.80363 0
    endloop
  endfacet
  facet normal -0 0 -1
    outer loop
      vertex 28.148 -6.98993 0
      vertex -28.2539 -7.1667 0
      vertex -28.148 -6.98993 0
    endloop
  endfacet
  facet normal 0 0 -1
    outer loop
      vertex 28.2539 -7.1667 0
      vertex -28.2539 -7.1667 0
      vertex 28.148 -6.98993 0
    endloop
  endfacet
  facet normal 0 -0 -1
    outer loop
      vertex -28.2539 -7.1667 0
      vertex 28.2539 -7.1667 0
      vertex -28.3767 -7.33223 0
    endloop
  endfacet
  facet normal 0 0 -1
    outer loop
      vertex -39.5 -30.05 0
      vertex -28.5151 -7.48492 0
      vertex 39.5 -30.05 0
    endloop
  endfacet
  facet normal 0 0 -1
    outer loop
      vertex -28.5151 -7.48492 0
      vertex -39.5 -30.05 0
      vertex -28.6678 -7.62332 0
    endloop
  endfacet
  facet normal 0 0 -1
    outer loop
      vertex -28.6678 -7.62332 0
      vertex -39.5 -30.05 0
      vertex -28.8333 -7.74609 0
    endloop
  endfacet
  facet normal 0 0 -1
    outer loop
      vertex -28.8333 -7.74609 0
      vertex -39.5 -30.05 0
      vertex -29.0101 -7.85203 0
    endloop
  endfacet
  facet normal 0 0 -1
    outer loop
      vertex -29.0101 -7.85203 0
      vertex -39.5 -30.05 0
      vertex -29.1964 -7.94015 0
    endloop
  endfacet
  facet normal 0 0 -1
    outer loop
      vertex -29.1964 -7.94015 0
      vertex -39.5 -30.05 0
      vertex -29.3904 -8.00957 0
    endloop
  endfacet
  facet normal 0 0 -1
    outer loop
      vertex -29.3904 -8.00957 0
      vertex -39.5 -30.05 0
      vertex -29.5903 -8.05965 0
    endloop
  endfacet
  facet normal 0 0 -1
    outer loop
      vertex -29.5903 -8.05965 0
      vertex -39.5 -30.05 0
      vertex -29.7942 -8.08989 0
    endloop
  endfacet
  facet normal 0 0 -1
    outer loop
      vertex -29.7942 -8.08989 0
      vertex -39.5 -30.05 0
      vertex -30 -8.1 0
    endloop
  endfacet
  facet normal -0 0 -1
    outer loop
      vertex -30 -8.1 0
      vertex -39.5 -30.05 0
      vertex -30.2058 -8.08989 0
    endloop
  endfacet
  facet normal -0 0 -1
    outer loop
      vertex -30.2058 -8.08989 0
      vertex -39.5 -30.05 0
      vertex -30.4097 -8.05965 0
    endloop
  endfacet
  facet normal 0 0 -1
    outer loop
      vertex -32.1 -6 0
      vertex -32.2223 -3.32588 0
      vertex -32.1 -3.39917 0
    endloop
  endfacet
  facet normal 0 0 -1
    outer loop
      vertex -32.1 -6 0
      vertex -32.5376 -3.09204 0
      vertex -32.2223 -3.32588 0
    endloop
  endfacet
  facet normal 0 0 -1
    outer loop
      vertex -33.3259 -2.22228 0
      vertex -32.1 -6 0
      vertex -32.0899 -6.20584 0
    endloop
  endfacet
  facet normal 0 0 -1
    outer loop
      vertex -32.1 -6 0
      vertex -32.8284 -2.82843 0
      vertex -32.5376 -3.09204 0
    endloop
  endfacet
  facet normal 0 0 -1
    outer loop
      vertex -33.5277 -1.88559 0
      vertex -32.0899 -6.20584 0
      vertex -32.0596 -6.40969 0
    endloop
  endfacet
  facet normal 0 0 -1
    outer loop
      vertex -32.1 -6 0
      vertex -33.092 -2.53757 0
      vertex -32.8284 -2.82843 0
    endloop
  endfacet
  facet normal 0 0 -1
    outer loop
      vertex -48.05 -21.5 0
      vertex -32.0596 -6.40969 0
      vertex -32.0096 -6.6096 0
    endloop
  endfacet
  facet normal 0 0 -1
    outer loop
      vertex -32.1 -6 0
      vertex -33.3259 -2.22228 0
      vertex -33.092 -2.53757 0
    endloop
  endfacet
  facet normal 0 0 -1
    outer loop
      vertex -32.0899 -6.20584 0
      vertex -33.5277 -1.88559 0
      vertex -33.3259 -2.22228 0
    endloop
  endfacet
  facet normal -0 0 -1
    outer loop
      vertex -32.0596 -6.40969 0
      vertex -48.05 -21.5 0
      vertex -33.5277 -1.88559 0
    endloop
  endfacet
  facet normal -0 0 -1
    outer loop
      vertex -33.5277 -1.88559 0
      vertex -48.05 -21.5 0
      vertex -33.6955 -1.53073 0
    endloop
  endfacet
  facet normal -0 0 -1
    outer loop
      vertex -33.9231 -0.780361 0
      vertex -48.05 -21.5 0
      vertex -33.9807 -0.392068 0
    endloop
  endfacet
  facet normal -0 0 -1
    outer loop
      vertex -33.8278 -1.16114 0
      vertex -48.05 -21.5 0
      vertex -33.9231 -0.780361 0
    endloop
  endfacet
  facet normal -0 0 -1
    outer loop
      vertex -33.6955 -1.53073 0
      vertex -48.05 -21.5 0
      vertex -33.8278 -1.16114 0
    endloop
  endfacet
  facet normal -0 0 -1
    outer loop
      vertex -31.9401 -6.80363 0
      vertex -48.05 -21.5 0
      vertex -32.0096 -6.6096 0
    endloop
  endfacet
  facet normal -0 0 -1
    outer loop
      vertex -31.852 -6.98993 0
      vertex -48.05 -21.5 0
      vertex -31.9401 -6.80363 0
    endloop
  endfacet
  facet normal -0 0 -1
    outer loop
      vertex -31.7461 -7.1667 0
      vertex -48.05 -21.5 0
      vertex -31.852 -6.98993 0
    endloop
  endfacet
  facet normal -0 0 -1
    outer loop
      vertex -31.6233 -7.33223 0
      vertex -48.05 -21.5 0
      vertex -31.7461 -7.1667 0
    endloop
  endfacet
  facet normal -0 0 -1
    outer loop
      vertex -31.4849 -7.48492 0
      vertex -48.05 -21.5 0
      vertex -31.6233 -7.33223 0
    endloop
  endfacet
  facet normal -0 0 -1
    outer loop
      vertex -31.3322 -7.62332 0
      vertex -48.05 -21.5 0
      vertex -31.4849 -7.48492 0
    endloop
  endfacet
  facet normal -0 0 -1
    outer loop
      vertex -31.1667 -7.74609 0
      vertex -48.05 -21.5 0
      vertex -31.3322 -7.62332 0
    endloop
  endfacet
  facet normal -0 0 -1
    outer loop
      vertex -30.9899 -7.85203 0
      vertex -48.05 -21.5 0
      vertex -31.1667 -7.74609 0
    endloop
  endfacet
  facet normal 0 0 -1
    outer loop
      vertex -48.05 -21.5 0
      vertex -30.9899 -7.85203 0
      vertex -39.5 -30.05 0
    endloop
  endfacet
  facet normal -0 0 -1
    outer loop
      vertex -30.8036 -7.94015 0
      vertex -39.5 -30.05 0
      vertex -30.9899 -7.85203 0
    endloop
  endfacet
  facet normal -0 0 -1
    outer loop
      vertex -30.6096 -8.00957 0
      vertex -39.5 -30.05 0
      vertex -30.8036 -7.94015 0
    endloop
  endfacet
  facet normal -0 0 -1
    outer loop
      vertex -30.4097 -8.05965 0
      vertex -39.5 -30.05 0
      vertex -30.6096 -8.00957 0
    endloop
  endfacet
  facet normal 0 0 -1
    outer loop
      vertex 47.6818 23.9819 0
      vertex 39.5 30.05 0
      vertex 47.3992 24.7719 0
    endloop
  endfacet
  facet normal 0 0 -1
    outer loop
      vertex 47.3992 24.7719 0
      vertex 39.5 30.05 0
      vertex 47.0404 25.5304 0
    endloop
  endfacet
  facet normal 0 0 -1
    outer loop
      vertex 47.0404 25.5304 0
      vertex 39.5 30.05 0
      vertex 46.6091 26.2501 0
    endloop
  endfacet
  facet normal 0 0 -1
    outer loop
      vertex 46.6091 26.2501 0
      vertex 39.5 30.05 0
      vertex 46.1092 26.924 0
    endloop
  endfacet
  facet normal 0 0 -1
    outer loop
      vertex 45.5457 27.5457 0
      vertex 39.5 30.05 0
      vertex 44.924 28.1092 0
    endloop
  endfacet
  facet normal 0 0 -1
    outer loop
      vertex 44.924 28.1092 0
      vertex 39.5 30.05 0
      vertex 44.2501 28.6091 0
    endloop
  endfacet
  facet normal 0 0 -1
    outer loop
      vertex 44.2501 28.6091 0
      vertex 39.5 30.05 0
      vertex 43.5304 29.0404 0
    endloop
  endfacet
  facet normal 0 0 -1
    outer loop
      vertex 43.5304 29.0404 0
      vertex 39.5 30.05 0
      vertex 42.7719 29.3992 0
    endloop
  endfacet
  facet normal 0 0 -1
    outer loop
      vertex 42.7719 29.3992 0
      vertex 39.5 30.05 0
      vertex 41.9819 29.6818 0
    endloop
  endfacet
  facet normal 0 0 -1
    outer loop
      vertex 41.9819 29.6818 0
      vertex 39.5 30.05 0
      vertex 41.168 29.8857 0
    endloop
  endfacet
  facet normal 0 0 -1
    outer loop
      vertex 41.168 29.8857 0
      vertex 39.5 30.05 0
      vertex 40.338 30.0088 0
    endloop
  endfacet
  facet normal 0 0 -1
    outer loop
      vertex 46.1092 26.924 0
      vertex 39.5 30.05 0
      vertex 45.5457 27.5457 0
    endloop
  endfacet
  facet normal 0 0 -1
    outer loop
      vertex 48.0088 22.338 0
      vertex 39.5 30.05 0
      vertex 47.8857 23.168 0
    endloop
  endfacet
  facet normal 0 0 -1
    outer loop
      vertex 30.7804 3.92314 0
      vertex 39.5 30.05 0
      vertex 31.1611 3.82776 0
    endloop
  endfacet
  facet normal 0 0 -1
    outer loop
      vertex 30.3921 3.98074 0
      vertex 39.5 30.05 0
      vertex 30.7804 3.92314 0
    endloop
  endfacet
  facet normal 0 0 -1
    outer loop
      vertex 30 4 0
      vertex 39.5 30.05 0
      vertex 30.3921 3.98074 0
    endloop
  endfacet
  facet normal 0 0 -1
    outer loop
      vertex 29.6079 3.98074 0
      vertex 39.5 30.05 0
      vertex 30 4 0
    endloop
  endfacet
  facet normal 0 0 -1
    outer loop
      vertex 29.2196 3.92314 0
      vertex 39.5 30.05 0
      vertex 29.6079 3.98074 0
    endloop
  endfacet
  facet normal 0 0 -1
    outer loop
      vertex 28.8389 3.82776 0
      vertex 39.5 30.05 0
      vertex 29.2196 3.92314 0
    endloop
  endfacet
  facet normal 0 0 -1
    outer loop
      vertex 28.4693 3.69552 0
      vertex 39.5 30.05 0
      vertex 28.8389 3.82776 0
    endloop
  endfacet
  facet normal 0 0 -1
    outer loop
      vertex 28.1144 3.52768 0
      vertex 39.5 30.05 0
      vertex 28.4693 3.69552 0
    endloop
  endfacet
  facet normal 0 0 -1
    outer loop
      vertex 27.7777 3.32588 0
      vertex 39.5 30.05 0
      vertex 28.1144 3.52768 0
    endloop
  endfacet
  facet normal 0 0 -1
    outer loop
      vertex 27.4624 3.09204 0
      vertex 39.5 30.05 0
      vertex 27.7777 3.32588 0
    endloop
  endfacet
  facet normal 0 0 -1
    outer loop
      vertex 27.1716 2.82843 0
      vertex 39.5 30.05 0
      vertex 27.4624 3.09204 0
    endloop
  endfacet
  facet normal 0 0 -1
    outer loop
      vertex -27.1716 2.82843 0
      vertex 27.1716 2.82843 0
      vertex 26.908 2.53757 0
    endloop
  endfacet
  facet normal 0 0 -1
    outer loop
      vertex -26.908 2.53757 0
      vertex 26.908 2.53757 0
      vertex 26.6741 2.22228 0
    endloop
  endfacet
  facet normal 0 0 -1
    outer loop
      vertex -26.6741 2.22228 0
      vertex 26.6741 2.22228 0
      vertex 26.4723 1.88559 0
    endloop
  endfacet
  facet normal 0 0 -1
    outer loop
      vertex -26.4723 1.88559 0
      vertex 26.4723 1.88559 0
      vertex 26.3045 1.53073 0
    endloop
  endfacet
  facet normal 0 0 -1
    outer loop
      vertex -26 0 0
      vertex 26.0193 0.392068 0
      vertex 26 0 0
    endloop
  endfacet
  facet normal 0 0 -1
    outer loop
      vertex -26.0193 0.392068 0
      vertex 26.0193 0.392068 0
      vertex -26 0 0
    endloop
  endfacet
  facet normal 0 0 -1
    outer loop
      vertex 26.0193 0.392068 0
      vertex -26.0193 0.392068 0
      vertex 26.0769 0.780361 0
    endloop
  endfacet
  facet normal 0 0 -1
    outer loop
      vertex -26.0769 0.780361 0
      vertex 26.0769 0.780361 0
      vertex -26.0193 0.392068 0
    endloop
  endfacet
  facet normal 0 0 -1
    outer loop
      vertex 26.0769 0.780361 0
      vertex -26.0769 0.780361 0
      vertex 26.1722 1.16114 0
    endloop
  endfacet
  facet normal 0 0 -1
    outer loop
      vertex -26.1722 1.16114 0
      vertex 26.1722 1.16114 0
      vertex -26.0769 0.780361 0
    endloop
  endfacet
  facet normal 0 0 -1
    outer loop
      vertex 26.1722 1.16114 0
      vertex -26.1722 1.16114 0
      vertex 26.3045 1.53073 0
    endloop
  endfacet
  facet normal 0 0 -1
    outer loop
      vertex -26.3045 1.53073 0
      vertex 26.3045 1.53073 0
      vertex -26.1722 1.16114 0
    endloop
  endfacet
  facet normal 0 0 -1
    outer loop
      vertex -26.4723 1.88559 0
      vertex 26.3045 1.53073 0
      vertex -26.3045 1.53073 0
    endloop
  endfacet
  facet normal 0 0 -1
    outer loop
      vertex 26.4723 1.88559 0
      vertex -26.4723 1.88559 0
      vertex -26.6741 2.22228 0
    endloop
  endfacet
  facet normal 0 0 -1
    outer loop
      vertex 26.6741 2.22228 0
      vertex -26.6741 2.22228 0
      vertex -26.908 2.53757 0
    endloop
  endfacet
  facet normal 0 0 -1
    outer loop
      vertex 26.908 2.53757 0
      vertex -26.908 2.53757 0
      vertex -27.1716 2.82843 0
    endloop
  endfacet
  facet normal 0 0 -1
    outer loop
      vertex 27.1716 2.82843 0
      vertex -27.1716 2.82843 0
      vertex 39.5 30.05 0
    endloop
  endfacet
  facet normal 0 0 -1
    outer loop
      vertex -39.5 30.05 0
      vertex -27.1716 2.82843 0
      vertex -27.4624 3.09204 0
    endloop
  endfacet
  facet normal 0 0 -1
    outer loop
      vertex -39.5 30.05 0
      vertex -27.4624 3.09204 0
      vertex -27.7777 3.32588 0
    endloop
  endfacet
  facet normal 0 0 -1
    outer loop
      vertex -39.5 30.05 0
      vertex -27.7777 3.32588 0
      vertex -28.1144 3.52768 0
    endloop
  endfacet
  facet normal 0 0 -1
    outer loop
      vertex -39.5 30.05 0
      vertex -28.1144 3.52768 0
      vertex -28.4693 3.69552 0
    endloop
  endfacet
  facet normal 0 0 -1
    outer loop
      vertex -39.5 30.05 0
      vertex -28.4693 3.69552 0
      vertex -28.8389 3.82776 0
    endloop
  endfacet
  facet normal 0 0 -1
    outer loop
      vertex -39.5 30.05 0
      vertex -28.8389 3.82776 0
      vertex -29.2196 3.92314 0
    endloop
  endfacet
  facet normal 0 0 -1
    outer loop
      vertex -39.5 30.05 0
      vertex -29.2196 3.92314 0
      vertex -29.6079 3.98074 0
    endloop
  endfacet
  facet normal 0 0 -1
    outer loop
      vertex -39.5 30.05 0
      vertex -29.6079 3.98074 0
      vertex -30 4 0
    endloop
  endfacet
  facet normal 0 0 -1
    outer loop
      vertex -39.5 30.05 0
      vertex -30 4 0
      vertex -30.3921 3.98074 0
    endloop
  endfacet
  facet normal 0 0 -1
    outer loop
      vertex -39.5 30.05 0
      vertex -30.3921 3.98074 0
      vertex -30.7804 3.92314 0
    endloop
  endfacet
  facet normal 0 0 -1
    outer loop
      vertex -39.5 30.05 0
      vertex -30.7804 3.92314 0
      vertex -31.1611 3.82776 0
    endloop
  endfacet
  facet normal 0 0 -1
    outer loop
      vertex -48.05 21.5 0
      vertex -31.1611 3.82776 0
      vertex -31.5307 3.69552 0
    endloop
  endfacet
  facet normal -0 0 -1
    outer loop
      vertex -33.9807 -0.392068 0
      vertex -48.05 -21.5 0
      vertex -34 0 0
    endloop
  endfacet
  facet normal 0 0 -1
    outer loop
      vertex -48.05 21.5 0
      vertex -34 0 0
      vertex -48.05 -21.5 0
    endloop
  endfacet
  facet normal 0 0 -1
    outer loop
      vertex -27.1716 2.82843 0
      vertex -39.5 30.05 0
      vertex 39.5 30.05 0
    endloop
  endfacet
  facet normal 0 0 -1
    outer loop
      vertex -48.05 21.5 0
      vertex -31.5307 3.69552 0
      vertex -31.8856 3.52768 0
    endloop
  endfacet
  facet normal 0 0 -1
    outer loop
      vertex -48.05 21.5 0
      vertex -31.8856 3.52768 0
      vertex -32.2223 3.32588 0
    endloop
  endfacet
  facet normal 0 0 -1
    outer loop
      vertex -48.05 21.5 0
      vertex -32.2223 3.32588 0
      vertex -32.5376 3.09204 0
    endloop
  endfacet
  facet normal 0 0 -1
    outer loop
      vertex -48.05 21.5 0
      vertex -32.5376 3.09204 0
      vertex -32.8284 2.82843 0
    endloop
  endfacet
  facet normal 0 0 -1
    outer loop
      vertex -48.05 21.5 0
      vertex -32.8284 2.82843 0
      vertex -33.092 2.53757 0
    endloop
  endfacet
  facet normal 0 0 -1
    outer loop
      vertex -48.05 21.5 0
      vertex -33.092 2.53757 0
      vertex -33.3259 2.22228 0
    endloop
  endfacet
  facet normal 0 0 -1
    outer loop
      vertex -48.05 21.5 0
      vertex -33.3259 2.22228 0
      vertex -33.5277 1.88559 0
    endloop
  endfacet
  facet normal 0 0 -1
    outer loop
      vertex -48.05 21.5 0
      vertex -33.5277 1.88559 0
      vertex -33.6955 1.53073 0
    endloop
  endfacet
  facet normal 0 0 -1
    outer loop
      vertex -48.05 21.5 0
      vertex -33.6955 1.53073 0
      vertex -33.8278 1.16114 0
    endloop
  endfacet
  facet normal 0 0 -1
    outer loop
      vertex -48.05 21.5 0
      vertex -33.8278 1.16114 0
      vertex -33.9231 0.780361 0
    endloop
  endfacet
  facet normal 0 0 -1
    outer loop
      vertex -34 0 0
      vertex -48.05 21.5 0
      vertex -33.9807 0.392068 0
    endloop
  endfacet
  facet normal 0 0 -1
    outer loop
      vertex -48.05 -21.5 0
      vertex -39.5 -30.05 0
      vertex -40.338 -30.0088 0
    endloop
  endfacet
  facet normal 0 0 -1
    outer loop
      vertex -33.9807 0.392068 0
      vertex -48.05 21.5 0
      vertex -33.9231 0.780361 0
    endloop
  endfacet
  facet normal 0 0 -1
    outer loop
      vertex -48.05 -21.5 0
      vertex -40.338 -30.0088 0
      vertex -41.168 -29.8857 0
    endloop
  endfacet
  facet normal 0 0 -1
    outer loop
      vertex -31.1611 3.82776 0
      vertex -48.05 21.5 0
      vertex -39.5 30.05 0
    endloop
  endfacet
  facet normal 0 0 -1
    outer loop
      vertex -48.05 -21.5 0
      vertex -41.168 -29.8857 0
      vertex -41.9819 -29.6818 0
    endloop
  endfacet
  facet normal 0 0 -1
    outer loop
      vertex -39.5 30.05 0
      vertex -48.05 21.5 0
      vertex -40.338 30.0088 0
    endloop
  endfacet
  facet normal 0 0 -1
    outer loop
      vertex -48.05 -21.5 0
      vertex -41.9819 -29.6818 0
      vertex -42.7719 -29.3992 0
    endloop
  endfacet
  facet normal 0 0 -1
    outer loop
      vertex -40.338 30.0088 0
      vertex -48.05 21.5 0
      vertex -41.168 29.8857 0
    endloop
  endfacet
  facet normal 0 0 -1
    outer loop
      vertex -48.05 -21.5 0
      vertex -42.7719 -29.3992 0
      vertex -43.5304 -29.0404 0
    endloop
  endfacet
  facet normal 0 0 -1
    outer loop
      vertex -41.168 29.8857 0
      vertex -48.05 21.5 0
      vertex -41.9819 29.6818 0
    endloop
  endfacet
  facet normal 0 0 -1
    outer loop
      vertex -48.05 -21.5 0
      vertex -43.5304 -29.0404 0
      vertex -44.2501 -28.6091 0
    endloop
  endfacet
  facet normal 0 0 -1
    outer loop
      vertex -41.9819 29.6818 0
      vertex -48.05 21.5 0
      vertex -42.7719 29.3992 0
    endloop
  endfacet
  facet normal 0 0 -1
    outer loop
      vertex -48.05 -21.5 0
      vertex -44.2501 -28.6091 0
      vertex -44.924 -28.1092 0
    endloop
  endfacet
  facet normal 0 0 -1
    outer loop
      vertex -42.7719 29.3992 0
      vertex -48.05 21.5 0
      vertex -43.5304 29.0404 0
    endloop
  endfacet
  facet normal 0 0 -1
    outer loop
      vertex -48.05 -21.5 0
      vertex -44.924 -28.1092 0
      vertex -45.5457 -27.5457 0
    endloop
  endfacet
  facet normal 0 0 -1
    outer loop
      vertex -43.5304 29.0404 0
      vertex -48.05 21.5 0
      vertex -44.2501 28.6091 0
    endloop
  endfacet
  facet normal 0 0 -1
    outer loop
      vertex -48.05 -21.5 0
      vertex -45.5457 -27.5457 0
      vertex -46.1092 -26.924 0
    endloop
  endfacet
  facet normal 0 0 -1
    outer loop
      vertex -44.2501 28.6091 0
      vertex -48.05 21.5 0
      vertex -44.924 28.1092 0
    endloop
  endfacet
  facet normal 0 0 -1
    outer loop
      vertex -48.05 -21.5 0
      vertex -46.1092 -26.924 0
      vertex -46.6091 -26.2501 0
    endloop
  endfacet
  facet normal 0 0 -1
    outer loop
      vertex -44.924 28.1092 0
      vertex -48.05 21.5 0
      vertex -45.5457 27.5457 0
    endloop
  endfacet
  facet normal 0 0 -1
    outer loop
      vertex -48.05 -21.5 0
      vertex -46.6091 -26.2501 0
      vertex -47.0404 -25.5304 0
    endloop
  endfacet
  facet normal 0 0 -1
    outer loop
      vertex -45.5457 27.5457 0
      vertex -48.05 21.5 0
      vertex -46.1092 26.924 0
    endloop
  endfacet
  facet normal 0 0 -1
    outer loop
      vertex -48.05 -21.5 0
      vertex -47.0404 -25.5304 0
      vertex -47.3992 -24.7719 0
    endloop
  endfacet
  facet normal 0 0 -1
    outer loop
      vertex -46.1092 26.924 0
      vertex -48.05 21.5 0
      vertex -46.6091 26.2501 0
    endloop
  endfacet
  facet normal 0 0 -1
    outer loop
      vertex -48.05 -21.5 0
      vertex -47.3992 -24.7719 0
      vertex -47.6818 -23.9819 0
    endloop
  endfacet
  facet normal 0 0 -1
    outer loop
      vertex -46.6091 26.2501 0
      vertex -48.05 21.5 0
      vertex -47.0404 25.5304 0
    endloop
  endfacet
  facet normal 0 0 -1
    outer loop
      vertex -48.05 -21.5 0
      vertex -47.6818 -23.9819 0
      vertex -47.8857 -23.168 0
    endloop
  endfacet
  facet normal 0 0 -1
    outer loop
      vertex -47.0404 25.5304 0
      vertex -48.05 21.5 0
      vertex -47.3992 24.7719 0
    endloop
  endfacet
  facet normal 0 0 -1
    outer loop
      vertex -48.05 -21.5 0
      vertex -47.8857 -23.168 0
      vertex -48.0088 -22.338 0
    endloop
  endfacet
  facet normal 0 0 -1
    outer loop
      vertex -47.3992 24.7719 0
      vertex -48.05 21.5 0
      vertex -47.6818 23.9819 0
    endloop
  endfacet
  facet normal 0 0 -1
    outer loop
      vertex -47.6818 23.9819 0
      vertex -48.05 21.5 0
      vertex -47.8857 23.168 0
    endloop
  endfacet
  facet normal 0 0 -1
    outer loop
      vertex -47.8857 23.168 0
      vertex -48.05 21.5 0
      vertex -48.0088 22.338 0
    endloop
  endfacet
  facet normal 0 0 -1
    outer loop
      vertex 32.2223 -3.32588 0
      vertex 32.1 -6 0
      vertex 32.1 -3.39917 0
    endloop
  endfacet
  facet normal 0 0 -1
    outer loop
      vertex -27.7777 -3.32588 0
      vertex -27.9 -6 0
      vertex -27.9 -3.39917 0
    endloop
  endfacet
  facet normal 0.857766 0.51404 0
    outer loop
      vertex 47.0404 25.5304 2
      vertex 46.6091 26.2501 0
      vertex 46.6091 26.2501 2
    endloop
  endfacet
  facet normal 0.857766 0.51404 0
    outer loop
      vertex 46.6091 26.2501 0
      vertex 47.0404 25.5304 2
      vertex 47.0404 25.5304 0
    endloop
  endfacet
  facet normal 0.42761 0.903963 -0
    outer loop
      vertex 43.5304 29.0404 0
      vertex 42.7719 29.3992 2
      vertex 43.5304 29.0404 2
    endloop
  endfacet
  facet normal 0.42761 0.903963 0
    outer loop
      vertex 42.7719 29.3992 2
      vertex 43.5304 29.0404 0
      vertex 42.7719 29.3992 0
    endloop
  endfacet
  facet normal 0.146708 0.98918 -0
    outer loop
      vertex 41.168 29.8857 0
      vertex 40.338 30.0088 2
      vertex 41.168 29.8857 2
    endloop
  endfacet
  facet normal 0.146708 0.98918 0
    outer loop
      vertex 40.338 30.0088 2
      vertex 41.168 29.8857 0
      vertex 40.338 30.0088 0
    endloop
  endfacet
  facet normal -0.33682 0.941569 0
    outer loop
      vertex -41.9819 29.6818 0
      vertex -42.7719 29.3992 2
      vertex -41.9819 29.6818 2
    endloop
  endfacet
  facet normal -0.33682 0.941569 0
    outer loop
      vertex -42.7719 29.3992 2
      vertex -41.9819 29.6818 0
      vertex -42.7719 29.3992 0
    endloop
  endfacet
  facet normal -0.243012 0.970023 0
    outer loop
      vertex -41.168 29.8857 0
      vertex -41.9819 29.6818 2
      vertex -41.168 29.8857 2
    endloop
  endfacet
  facet normal -0.243012 0.970023 0
    outer loop
      vertex -41.9819 29.6818 2
      vertex -41.168 29.8857 0
      vertex -41.9819 29.6818 0
    endloop
  endfacet
  facet normal -0.857766 0.51404 0
    outer loop
      vertex -47.0404 25.5304 0
      vertex -46.6091 26.2501 2
      vertex -46.6091 26.2501 0
    endloop
  endfacet
  facet normal -0.857766 0.51404 0
    outer loop
      vertex -46.6091 26.2501 2
      vertex -47.0404 25.5304 0
      vertex -47.0404 25.5304 2
    endloop
  endfacet
  facet normal -0.80315 0.595777 0
    outer loop
      vertex -46.6091 26.2501 0
      vertex -46.1092 26.924 2
      vertex -46.1092 26.924 0
    endloop
  endfacet
  facet normal -0.80315 0.595777 0
    outer loop
      vertex -46.1092 26.924 2
      vertex -46.6091 26.2501 0
      vertex -46.6091 26.2501 2
    endloop
  endfacet
  facet normal -0.740937 0.671575 0
    outer loop
      vertex -46.1092 26.924 0
      vertex -45.5457 27.5457 2
      vertex -45.5457 27.5457 0
    endloop
  endfacet
  facet normal -0.740937 0.671575 0
    outer loop
      vertex -45.5457 27.5457 2
      vertex -46.1092 26.924 0
      vertex -46.1092 26.924 2
    endloop
  endfacet
  facet normal -0.970023 0.243012 0
    outer loop
      vertex -47.8857 23.168 0
      vertex -47.6818 23.9819 2
      vertex -47.6818 23.9819 0
    endloop
  endfacet
  facet normal -0.970023 0.243012 0
    outer loop
      vertex -47.6818 23.9819 2
      vertex -47.8857 23.168 0
      vertex -47.8857 23.168 2
    endloop
  endfacet
  facet normal -0.941569 -0.33682 0
    outer loop
      vertex -47.3992 -24.7719 0
      vertex -47.6818 -23.9819 2
      vertex -47.6818 -23.9819 0
    endloop
  endfacet
  facet normal -0.941569 -0.33682 0
    outer loop
      vertex -47.6818 -23.9819 2
      vertex -47.3992 -24.7719 0
      vertex -47.3992 -24.7719 2
    endloop
  endfacet
  facet normal -0.671575 -0.740937 0
    outer loop
      vertex -45.5457 -27.5457 0
      vertex -44.924 -28.1092 2
      vertex -45.5457 -27.5457 2
    endloop
  endfacet
  facet normal -0.671575 -0.740937 -0
    outer loop
      vertex -44.924 -28.1092 2
      vertex -45.5457 -27.5457 0
      vertex -44.924 -28.1092 0
    endloop
  endfacet
  facet normal 0.595777 0.80315 -0
    outer loop
      vertex 44.924 28.1092 0
      vertex 44.2501 28.6091 2
      vertex 44.924 28.1092 2
    endloop
  endfacet
  facet normal 0.595777 0.80315 0
    outer loop
      vertex 44.2501 28.6091 2
      vertex 44.924 28.1092 0
      vertex 44.2501 28.6091 0
    endloop
  endfacet
  facet normal 0.671575 0.740937 -0
    outer loop
      vertex 45.5457 27.5457 0
      vertex 44.924 28.1092 2
      vertex 45.5457 27.5457 2
    endloop
  endfacet
  facet normal 0.671575 0.740937 0
    outer loop
      vertex 44.924 28.1092 2
      vertex 45.5457 27.5457 0
      vertex 44.924 28.1092 0
    endloop
  endfacet
  facet normal 1 0 0
    outer loop
      vertex 48.05 -7.5 2
      vertex 48.05 -21.5 2
      vertex 48.05 -7.5 1.99
    endloop
  endfacet
  facet normal 1 0 0
    outer loop
      vertex 48.05 7.5 1.99
      vertex 48.05 21.5 2
      vertex 48.05 7.5 2
    endloop
  endfacet
  facet normal 1 0 0
    outer loop
      vertex 48.05 21.5 2
      vertex 48.05 7.5 1.99
      vertex 48.05 21.5 0
    endloop
  endfacet
  facet normal 1 -0 0
    outer loop
      vertex 48.05 -7.5 1.99
      vertex 48.05 21.5 0
      vertex 48.05 7.5 1.99
    endloop
  endfacet
  facet normal 1 0 0
    outer loop
      vertex 48.05 -21.5 0
      vertex 48.05 -7.5 1.99
      vertex 48.05 -21.5 2
    endloop
  endfacet
  facet normal 1 0 0
    outer loop
      vertex 48.05 -7.5 1.99
      vertex 48.05 -21.5 0
      vertex 48.05 21.5 0
    endloop
  endfacet
  facet normal 0.941569 -0.33682 0
    outer loop
      vertex 47.3992 -24.7719 2
      vertex 47.6818 -23.9819 0
      vertex 47.6818 -23.9819 2
    endloop
  endfacet
  facet normal 0.941569 -0.33682 0
    outer loop
      vertex 47.6818 -23.9819 0
      vertex 47.3992 -24.7719 2
      vertex 47.3992 -24.7719 0
    endloop
  endfacet
  facet normal 0.903963 -0.42761 0
    outer loop
      vertex 47.0404 -25.5304 2
      vertex 47.3992 -24.7719 0
      vertex 47.3992 -24.7719 2
    endloop
  endfacet
  facet normal 0.903963 -0.42761 0
    outer loop
      vertex 47.3992 -24.7719 0
      vertex 47.0404 -25.5304 2
      vertex 47.0404 -25.5304 0
    endloop
  endfacet
  facet normal -0.42761 0.903963 0
    outer loop
      vertex -42.7719 29.3992 0
      vertex -43.5304 29.0404 2
      vertex -42.7719 29.3992 2
    endloop
  endfacet
  facet normal -0.42761 0.903963 0
    outer loop
      vertex -43.5304 29.0404 2
      vertex -42.7719 29.3992 0
      vertex -43.5304 29.0404 0
    endloop
  endfacet
  facet normal -0.740937 -0.671575 0
    outer loop
      vertex -45.5457 -27.5457 0
      vertex -46.1092 -26.924 2
      vertex -46.1092 -26.924 0
    endloop
  endfacet
  facet normal -0.740937 -0.671575 0
    outer loop
      vertex -46.1092 -26.924 2
      vertex -45.5457 -27.5457 0
      vertex -45.5457 -27.5457 2
    endloop
  endfacet
  facet normal -0.970023 -0.243012 0
    outer loop
      vertex -47.6818 -23.9819 0
      vertex -47.8857 -23.168 2
      vertex -47.8857 -23.168 0
    endloop
  endfacet
  facet normal -0.970023 -0.243012 0
    outer loop
      vertex -47.8857 -23.168 2
      vertex -47.6818 -23.9819 0
      vertex -47.6818 -23.9819 2
    endloop
  endfacet
  facet normal 0.740937 0.671575 0
    outer loop
      vertex 46.1092 26.924 2
      vertex 45.5457 27.5457 0
      vertex 45.5457 27.5457 2
    endloop
  endfacet
  facet normal 0.740937 0.671575 0
    outer loop
      vertex 45.5457 27.5457 0
      vertex 46.1092 26.924 2
      vertex 46.1092 26.924 0
    endloop
  endfacet
  facet normal 0.80315 0.595777 0
    outer loop
      vertex 46.6091 26.2501 2
      vertex 46.1092 26.924 0
      vertex 46.1092 26.924 2
    endloop
  endfacet
  facet normal 0.80315 0.595777 0
    outer loop
      vertex 46.1092 26.924 0
      vertex 46.6091 26.2501 2
      vertex 46.6091 26.2501 0
    endloop
  endfacet
  facet normal 0.903963 0.42761 0
    outer loop
      vertex 47.3992 24.7719 2
      vertex 47.0404 25.5304 0
      vertex 47.0404 25.5304 2
    endloop
  endfacet
  facet normal 0.903963 0.42761 0
    outer loop
      vertex 47.0404 25.5304 0
      vertex 47.3992 24.7719 2
      vertex 47.3992 24.7719 0
    endloop
  endfacet
  facet normal 0.941569 0.33682 0
    outer loop
      vertex 47.6818 23.9819 2
      vertex 47.3992 24.7719 0
      vertex 47.3992 24.7719 2
    endloop
  endfacet
  facet normal 0.941569 0.33682 0
    outer loop
      vertex 47.3992 24.7719 0
      vertex 47.6818 23.9819 2
      vertex 47.6818 23.9819 0
    endloop
  endfacet
  facet normal 0.970023 -0.243012 0
    outer loop
      vertex 47.6818 -23.9819 2
      vertex 47.8857 -23.168 0
      vertex 47.8857 -23.168 2
    endloop
  endfacet
  facet normal 0.970023 -0.243012 0
    outer loop
      vertex 47.8857 -23.168 0
      vertex 47.6818 -23.9819 2
      vertex 47.6818 -23.9819 0
    endloop
  endfacet
  facet normal 0.243012 -0.970023 0
    outer loop
      vertex 41.168 -29.8857 0
      vertex 41.9819 -29.6818 2
      vertex 41.168 -29.8857 2
    endloop
  endfacet
  facet normal 0.243012 -0.970023 0
    outer loop
      vertex 41.9819 -29.6818 2
      vertex 41.168 -29.8857 0
      vertex 41.9819 -29.6818 0
    endloop
  endfacet
  facet normal 0.33682 -0.941569 0
    outer loop
      vertex 41.9819 -29.6818 0
      vertex 42.7719 -29.3992 2
      vertex 41.9819 -29.6818 2
    endloop
  endfacet
  facet normal 0.33682 -0.941569 0
    outer loop
      vertex 42.7719 -29.3992 2
      vertex 41.9819 -29.6818 0
      vertex 42.7719 -29.3992 0
    endloop
  endfacet
  facet normal 0.857766 -0.51404 0
    outer loop
      vertex 46.6091 -26.2501 2
      vertex 47.0404 -25.5304 0
      vertex 47.0404 -25.5304 2
    endloop
  endfacet
  facet normal 0.857766 -0.51404 0
    outer loop
      vertex 47.0404 -25.5304 0
      vertex 46.6091 -26.2501 2
      vertex 46.6091 -26.2501 0
    endloop
  endfacet
  facet normal 0.740937 -0.671575 0
    outer loop
      vertex 45.5457 -27.5457 2
      vertex 46.1092 -26.924 0
      vertex 46.1092 -26.924 2
    endloop
  endfacet
  facet normal 0.740937 -0.671575 0
    outer loop
      vertex 46.1092 -26.924 0
      vertex 45.5457 -27.5457 2
      vertex 45.5457 -27.5457 0
    endloop
  endfacet
  facet normal 0.98918 0.146708 0
    outer loop
      vertex 48.0088 22.338 2
      vertex 47.8857 23.168 0
      vertex 47.8857 23.168 2
    endloop
  endfacet
  facet normal 0.98918 0.146708 0
    outer loop
      vertex 47.8857 23.168 0
      vertex 48.0088 22.338 2
      vertex 48.0088 22.338 0
    endloop
  endfacet
  facet normal 0.970023 0.243012 0
    outer loop
      vertex 47.8857 23.168 2
      vertex 47.6818 23.9819 0
      vertex 47.6818 23.9819 2
    endloop
  endfacet
  facet normal 0.970023 0.243012 0
    outer loop
      vertex 47.6818 23.9819 0
      vertex 47.8857 23.168 2
      vertex 47.8857 23.168 0
    endloop
  endfacet
  facet normal 0.998794 0.0491054 0
    outer loop
      vertex 48.05 21.5 2
      vertex 48.0088 22.338 0
      vertex 48.0088 22.338 2
    endloop
  endfacet
  facet normal 0.998794 0.0491054 0
    outer loop
      vertex 48.0088 22.338 0
      vertex 48.05 21.5 2
      vertex 48.05 21.5 0
    endloop
  endfacet
  facet normal 0.595777 -0.80315 0
    outer loop
      vertex 44.2501 -28.6091 0
      vertex 44.924 -28.1092 2
      vertex 44.2501 -28.6091 2
    endloop
  endfacet
  facet normal 0.595777 -0.80315 0
    outer loop
      vertex 44.924 -28.1092 2
      vertex 44.2501 -28.6091 0
      vertex 44.924 -28.1092 0
    endloop
  endfacet
  facet normal 0.80315 -0.595777 0
    outer loop
      vertex 46.1092 -26.924 2
      vertex 46.6091 -26.2501 0
      vertex 46.6091 -26.2501 2
    endloop
  endfacet
  facet normal 0.80315 -0.595777 0
    outer loop
      vertex 46.6091 -26.2501 0
      vertex 46.1092 -26.924 2
      vertex 46.1092 -26.924 0
    endloop
  endfacet
  facet normal 0.51404 -0.857766 0
    outer loop
      vertex 43.5304 -29.0404 0
      vertex 44.2501 -28.6091 2
      vertex 43.5304 -29.0404 2
    endloop
  endfacet
  facet normal 0.51404 -0.857766 0
    outer loop
      vertex 44.2501 -28.6091 2
      vertex 43.5304 -29.0404 0
      vertex 44.2501 -28.6091 0
    endloop
  endfacet
  facet normal 0.671575 -0.740937 0
    outer loop
      vertex 44.924 -28.1092 0
      vertex 45.5457 -27.5457 2
      vertex 44.924 -28.1092 2
    endloop
  endfacet
  facet normal 0.671575 -0.740937 0
    outer loop
      vertex 45.5457 -27.5457 2
      vertex 44.924 -28.1092 0
      vertex 45.5457 -27.5457 0
    endloop
  endfacet
  facet normal 0.42761 -0.903963 0
    outer loop
      vertex 42.7719 -29.3992 0
      vertex 43.5304 -29.0404 2
      vertex 42.7719 -29.3992 2
    endloop
  endfacet
  facet normal 0.42761 -0.903963 0
    outer loop
      vertex 43.5304 -29.0404 2
      vertex 42.7719 -29.3992 0
      vertex 43.5304 -29.0404 0
    endloop
  endfacet
  facet normal 1 -0 0
    outer loop
      vertex -29.5 25.8 9.99
      vertex -29.5 27.2 2
      vertex -29.5 27.2 9.99
    endloop
  endfacet
  facet normal 1 0 0
    outer loop
      vertex -29.5 27.2 2
      vertex -29.5 25.8 9.99
      vertex -29.5 25.8 2
    endloop
  endfacet
  facet normal -1 0 0
    outer loop
      vertex -14.5 25.8 2
      vertex -14.5 27.2 9.99
      vertex -14.5 27.2 2
    endloop
  endfacet
  facet normal -1 -0 0
    outer loop
      vertex -14.5 27.2 9.99
      vertex -14.5 25.8 2
      vertex -14.5 25.8 9.99
    endloop
  endfacet
  facet normal 1 -0 0
    outer loop
      vertex 14.5 25.8 9.99
      vertex 14.5 27.2 2
      vertex 14.5 27.2 9.99
    endloop
  endfacet
  facet normal 1 0 0
    outer loop
      vertex 14.5 27.2 2
      vertex 14.5 25.8 9.99
      vertex 14.5 25.8 2
    endloop
  endfacet
  facet normal -1 0 0
    outer loop
      vertex 29.5 25.8 2
      vertex 29.5 27.2 9.99
      vertex 29.5 27.2 2
    endloop
  endfacet
  facet normal -1 -0 0
    outer loop
      vertex 29.5 27.2 9.99
      vertex 29.5 25.8 2
      vertex 29.5 25.8 9.99
    endloop
  endfacet
  facet normal 1 -0 0
    outer loop
      vertex -29.5 -27.2 9.99
      vertex -29.5 -25.8 2
      vertex -29.5 -25.8 9.99
    endloop
  endfacet
  facet normal 1 0 0
    outer loop
      vertex -29.5 -25.8 2
      vertex -29.5 -27.2 9.99
      vertex -29.5 -27.2 2
    endloop
  endfacet
  facet normal -1 0 0
    outer loop
      vertex -14.5 -27.2 2
      vertex -14.5 -25.8 9.99
      vertex -14.5 -25.8 2
    endloop
  endfacet
  facet normal -1 -0 0
    outer loop
      vertex -14.5 -25.8 9.99
      vertex -14.5 -27.2 2
      vertex -14.5 -27.2 9.99
    endloop
  endfacet
  facet normal 1 -0 0
    outer loop
      vertex 14.5 -27.2 9.99
      vertex 14.5 -25.8 2
      vertex 14.5 -25.8 9.99
    endloop
  endfacet
  facet normal 1 0 0
    outer loop
      vertex 14.5 -25.8 2
      vertex 14.5 -27.2 9.99
      vertex 14.5 -27.2 2
    endloop
  endfacet
  facet normal -1 0 0
    outer loop
      vertex 29.5 -27.2 2
      vertex 29.5 -25.8 9.99
      vertex 29.5 -25.8 2
    endloop
  endfacet
  facet normal -1 -0 0
    outer loop
      vertex 29.5 -25.8 9.99
      vertex 29.5 -27.2 2
      vertex 29.5 -27.2 9.99
    endloop
  endfacet
  facet normal -0.998791 -0.0491666 0
    outer loop
      vertex -26 0 0
      vertex -26.0193 0.392068 2
      vertex -26.0193 0.392068 0
    endloop
  endfacet
  facet normal -0.998791 -0.0491666 0
    outer loop
      vertex -26.0193 0.392068 2
      vertex -26 0 0
      vertex -26 0 2
    endloop
  endfacet
  facet normal 0.998791 -0.0491666 0
    outer loop
      vertex -34 0 2
      vertex -33.9807 0.392068 0
      vertex -33.9807 0.392068 2
    endloop
  endfacet
  facet normal 0.998791 -0.0491666 0
    outer loop
      vertex -33.9807 0.392068 0
      vertex -34 0 2
      vertex -34 0 0
    endloop
  endfacet
  facet normal -0.049061 -0.998796 0
    outer loop
      vertex -30 4 0
      vertex -29.6079 3.98074 2
      vertex -30 4 2
    endloop
  endfacet
  facet normal -0.049061 -0.998796 -0
    outer loop
      vertex -29.6079 3.98074 2
      vertex -30 4 0
      vertex -29.6079 3.98074 0
    endloop
  endfacet
  facet normal -0.671621 -0.740895 0
    outer loop
      vertex -27.4624 3.09204 0
      vertex -27.1716 2.82843 2
      vertex -27.4624 3.09204 2
    endloop
  endfacet
  facet normal -0.671621 -0.740895 -0
    outer loop
      vertex -27.1716 2.82843 2
      vertex -27.4624 3.09204 0
      vertex -27.1716 2.82843 0
    endloop
  endfacet
  facet normal 0.671621 -0.740895 0
    outer loop
      vertex -32.8284 2.82843 0
      vertex -32.5376 3.09204 2
      vertex -32.8284 2.82843 2
    endloop
  endfacet
  facet normal 0.671621 -0.740895 0
    outer loop
      vertex -32.5376 3.09204 2
      vertex -32.8284 2.82843 0
      vertex -32.5376 3.09204 0
    endloop
  endfacet
  facet normal 0.336879 -0.941548 0
    outer loop
      vertex -31.5307 3.69552 0
      vertex -31.1611 3.82776 2
      vertex -31.5307 3.69552 2
    endloop
  endfacet
  facet normal 0.336879 -0.941548 0
    outer loop
      vertex -31.1611 3.82776 2
      vertex -31.5307 3.69552 0
      vertex -31.1611 3.82776 0
    endloop
  endfacet
  facet normal -0.904025 -0.42748 0
    outer loop
      vertex -26.3045 1.53073 0
      vertex -26.4723 1.88559 2
      vertex -26.4723 1.88559 0
    endloop
  endfacet
  facet normal -0.904025 -0.42748 0
    outer loop
      vertex -26.4723 1.88559 2
      vertex -26.3045 1.53073 0
      vertex -26.3045 1.53073 2
    endloop
  endfacet
  facet normal -0.427523 -0.904004 0
    outer loop
      vertex -28.4693 3.69552 0
      vertex -28.1144 3.52768 2
      vertex -28.4693 3.69552 2
    endloop
  endfacet
  facet normal -0.427523 -0.904004 -0
    outer loop
      vertex -28.1144 3.52768 2
      vertex -28.4693 3.69552 0
      vertex -28.1144 3.52768 0
    endloop
  endfacet
  facet normal -0.595695 -0.80321 0
    outer loop
      vertex -27.7777 3.32588 0
      vertex -27.4624 3.09204 2
      vertex -27.7777 3.32588 2
    endloop
  endfacet
  facet normal -0.595695 -0.80321 -0
    outer loop
      vertex -27.4624 3.09204 2
      vertex -27.7777 3.32588 0
      vertex -27.4624 3.09204 0
    endloop
  endfacet
  facet normal 0.904025 -0.42748 0
    outer loop
      vertex -33.6955 1.53073 2
      vertex -33.5277 1.88559 0
      vertex -33.5277 1.88559 2
    endloop
  endfacet
  facet normal 0.904025 -0.42748 0
    outer loop
      vertex -33.5277 1.88559 0
      vertex -33.6955 1.53073 2
      vertex -33.6955 1.53073 0
    endloop
  endfacet
  facet normal 0.146733 -0.989176 0
    outer loop
      vertex -30.7804 3.92314 0
      vertex -30.3921 3.98074 2
      vertex -30.7804 3.92314 2
    endloop
  endfacet
  facet normal 0.146733 -0.989176 0
    outer loop
      vertex -30.3921 3.98074 2
      vertex -30.7804 3.92314 0
      vertex -30.3921 3.98074 0
    endloop
  endfacet
  facet normal -0.970079 -0.242788 0
    outer loop
      vertex -26.0769 0.780361 0
      vertex -26.1722 1.16114 2
      vertex -26.1722 1.16114 0
    endloop
  endfacet
  facet normal -0.970079 -0.242788 0
    outer loop
      vertex -26.1722 1.16114 2
      vertex -26.0769 0.780361 0
      vertex -26.0769 0.780361 2
    endloop
  endfacet
  facet normal -0.989176 -0.146736 0
    outer loop
      vertex -26.0193 0.392068 0
      vertex -26.0769 0.780361 2
      vertex -26.0769 0.780361 0
    endloop
  endfacet
  facet normal -0.989176 -0.146736 0
    outer loop
      vertex -26.0769 0.780361 2
      vertex -26.0193 0.392068 0
      vertex -26.0193 0.392068 2
    endloop
  endfacet
  facet normal -0.941497 -0.337022 0
    outer loop
      vertex -26.1722 1.16114 0
      vertex -26.3045 1.53073 2
      vertex -26.3045 1.53073 0
    endloop
  endfacet
  facet normal -0.941497 -0.337022 0
    outer loop
      vertex -26.3045 1.53073 2
      vertex -26.1722 1.16114 0
      vertex -26.1722 1.16114 2
    endloop
  endfacet
  facet normal -0.803128 -0.595806 0
    outer loop
      vertex -26.6741 2.22228 0
      vertex -26.908 2.53757 2
      vertex -26.908 2.53757 0
    endloop
  endfacet
  facet normal -0.803128 -0.595806 0
    outer loop
      vertex -26.908 2.53757 2
      vertex -26.6741 2.22228 0
      vertex -26.6741 2.22228 2
    endloop
  endfacet
  facet normal -0.740977 -0.671531 0
    outer loop
      vertex -26.908 2.53757 0
      vertex -27.1716 2.82843 2
      vertex -27.1716 2.82843 0
    endloop
  endfacet
  facet normal -0.740977 -0.671531 0
    outer loop
      vertex -27.1716 2.82843 2
      vertex -26.908 2.53757 0
      vertex -26.908 2.53757 2
    endloop
  endfacet
  facet normal -0.857733 -0.514095 0
    outer loop
      vertex -26.4723 1.88559 0
      vertex -26.6741 2.22228 2
      vertex -26.6741 2.22228 0
    endloop
  endfacet
  facet normal -0.857733 -0.514095 0
    outer loop
      vertex -26.6741 2.22228 2
      vertex -26.4723 1.88559 0
      vertex -26.4723 1.88559 2
    endloop
  endfacet
  facet normal -0.243027 -0.970019 0
    outer loop
      vertex -29.2196 3.92314 0
      vertex -28.8389 3.82776 2
      vertex -29.2196 3.92314 2
    endloop
  endfacet
  facet normal -0.243027 -0.970019 -0
    outer loop
      vertex -28.8389 3.82776 2
      vertex -29.2196 3.92314 0
      vertex -28.8389 3.82776 0
    endloop
  endfacet
  facet normal -0.336879 -0.941548 0
    outer loop
      vertex -28.8389 3.82776 0
      vertex -28.4693 3.69552 2
      vertex -28.8389 3.82776 2
    endloop
  endfacet
  facet normal -0.336879 -0.941548 -0
    outer loop
      vertex -28.4693 3.69552 2
      vertex -28.8389 3.82776 0
      vertex -28.4693 3.69552 0
    endloop
  endfacet
  facet normal -0.146733 -0.989176 0
    outer loop
      vertex -29.6079 3.98074 0
      vertex -29.2196 3.92314 2
      vertex -29.6079 3.98074 2
    endloop
  endfacet
  facet normal -0.146733 -0.989176 -0
    outer loop
      vertex -29.2196 3.92314 2
      vertex -29.6079 3.98074 0
      vertex -29.2196 3.92314 0
    endloop
  endfacet
  facet normal -0.514084 -0.85774 0
    outer loop
      vertex -28.1144 3.52768 0
      vertex -27.7777 3.32588 2
      vertex -28.1144 3.52768 2
    endloop
  endfacet
  facet normal -0.514084 -0.85774 -0
    outer loop
      vertex -27.7777 3.32588 2
      vertex -28.1144 3.52768 0
      vertex -27.7777 3.32588 0
    endloop
  endfacet
  facet normal 0.970079 -0.242788 0
    outer loop
      vertex -33.9231 0.780361 2
      vertex -33.8278 1.16114 0
      vertex -33.8278 1.16114 2
    endloop
  endfacet
  facet normal 0.970079 -0.242788 0
    outer loop
      vertex -33.8278 1.16114 0
      vertex -33.9231 0.780361 2
      vertex -33.9231 0.780361 0
    endloop
  endfacet
  facet normal 0.803128 -0.595806 0
    outer loop
      vertex -33.3259 2.22228 2
      vertex -33.092 2.53757 0
      vertex -33.092 2.53757 2
    endloop
  endfacet
  facet normal 0.803128 -0.595806 0
    outer loop
      vertex -33.092 2.53757 0
      vertex -33.3259 2.22228 2
      vertex -33.3259 2.22228 0
    endloop
  endfacet
  facet normal 0.740977 -0.671531 0
    outer loop
      vertex -33.092 2.53757 2
      vertex -32.8284 2.82843 0
      vertex -32.8284 2.82843 2
    endloop
  endfacet
  facet normal 0.740977 -0.671531 0
    outer loop
      vertex -32.8284 2.82843 0
      vertex -33.092 2.53757 2
      vertex -33.092 2.53757 0
    endloop
  endfacet
  facet normal 0.857733 -0.514095 0
    outer loop
      vertex -33.5277 1.88559 2
      vertex -33.3259 2.22228 0
      vertex -33.3259 2.22228 2
    endloop
  endfacet
  facet normal 0.857733 -0.514095 0
    outer loop
      vertex -33.3259 2.22228 0
      vertex -33.5277 1.88559 2
      vertex -33.5277 1.88559 0
    endloop
  endfacet
  facet normal 0.941497 -0.337022 0
    outer loop
      vertex -33.8278 1.16114 2
      vertex -33.6955 1.53073 0
      vertex -33.6955 1.53073 2
    endloop
  endfacet
  facet normal 0.941497 -0.337022 0
    outer loop
      vertex -33.6955 1.53073 0
      vertex -33.8278 1.16114 2
      vertex -33.8278 1.16114 0
    endloop
  endfacet
  facet normal 0.989176 -0.146736 0
    outer loop
      vertex -33.9807 0.392068 2
      vertex -33.9231 0.780361 0
      vertex -33.9231 0.780361 2
    endloop
  endfacet
  facet normal 0.989176 -0.146736 0
    outer loop
      vertex -33.9231 0.780361 0
      vertex -33.9807 0.392068 2
      vertex -33.9807 0.392068 0
    endloop
  endfacet
  facet normal 0.514084 -0.85774 0
    outer loop
      vertex -32.2223 3.32588 0
      vertex -31.8856 3.52768 2
      vertex -32.2223 3.32588 2
    endloop
  endfacet
  facet normal 0.514084 -0.85774 0
    outer loop
      vertex -31.8856 3.52768 2
      vertex -32.2223 3.32588 0
      vertex -31.8856 3.52768 0
    endloop
  endfacet
  facet normal 0.427523 -0.904004 0
    outer loop
      vertex -31.8856 3.52768 0
      vertex -31.5307 3.69552 2
      vertex -31.8856 3.52768 2
    endloop
  endfacet
  facet normal 0.427523 -0.904004 0
    outer loop
      vertex -31.5307 3.69552 2
      vertex -31.8856 3.52768 0
      vertex -31.5307 3.69552 0
    endloop
  endfacet
  facet normal 0.595695 -0.80321 0
    outer loop
      vertex -32.5376 3.09204 0
      vertex -32.2223 3.32588 2
      vertex -32.5376 3.09204 2
    endloop
  endfacet
  facet normal 0.595695 -0.80321 0
    outer loop
      vertex -32.2223 3.32588 2
      vertex -32.5376 3.09204 0
      vertex -32.2223 3.32588 0
    endloop
  endfacet
  facet normal 0.243027 -0.970019 0
    outer loop
      vertex -31.1611 3.82776 0
      vertex -30.7804 3.92314 2
      vertex -31.1611 3.82776 2
    endloop
  endfacet
  facet normal 0.243027 -0.970019 0
    outer loop
      vertex -30.7804 3.92314 2
      vertex -31.1611 3.82776 0
      vertex -30.7804 3.92314 0
    endloop
  endfacet
  facet normal 0.049061 -0.998796 0
    outer loop
      vertex -30.3921 3.98074 0
      vertex -30 4 2
      vertex -30.3921 3.98074 2
    endloop
  endfacet
  facet normal 0.049061 -0.998796 0
    outer loop
      vertex -30 4 2
      vertex -30.3921 3.98074 0
      vertex -30 4 0
    endloop
  endfacet
  facet normal -0.998791 0.0491666 0
    outer loop
      vertex -26.0193 -0.392068 0
      vertex -26 0 2
      vertex -26 0 0
    endloop
  endfacet
  facet normal -0.998791 0.0491666 0
    outer loop
      vertex -26 0 2
      vertex -26.0193 -0.392068 0
      vertex -26.0193 -0.392068 2
    endloop
  endfacet
  facet normal -0.671621 0.740895 0
    outer loop
      vertex -27.1716 -2.82843 0
      vertex -27.4624 -3.09204 2
      vertex -27.1716 -2.82843 2
    endloop
  endfacet
  facet normal -0.671621 0.740895 0
    outer loop
      vertex -27.4624 -3.09204 2
      vertex -27.1716 -2.82843 0
      vertex -27.4624 -3.09204 0
    endloop
  endfacet
  facet normal -0.514032 0.857771 0
    outer loop
      vertex -27.7777 -3.32588 0
      vertex -27.9 -3.39917 2
      vertex -27.7777 -3.32588 2
    endloop
  endfacet
  facet normal -0.514032 0.857771 0
    outer loop
      vertex -27.9 -3.39917 2
      vertex -27.7777 -3.32588 0
      vertex -27.9 -3.39917 0
    endloop
  endfacet
  facet normal -0.803128 0.595806 0
    outer loop
      vertex -26.908 -2.53757 0
      vertex -26.6741 -2.22228 2
      vertex -26.6741 -2.22228 0
    endloop
  endfacet
  facet normal -0.803128 0.595806 0
    outer loop
      vertex -26.6741 -2.22228 2
      vertex -26.908 -2.53757 0
      vertex -26.908 -2.53757 2
    endloop
  endfacet
  facet normal -0.904025 0.42748 0
    outer loop
      vertex -26.4723 -1.88559 0
      vertex -26.3045 -1.53073 2
      vertex -26.3045 -1.53073 0
    endloop
  endfacet
  facet normal -0.904025 0.42748 0
    outer loop
      vertex -26.3045 -1.53073 2
      vertex -26.4723 -1.88559 0
      vertex -26.4723 -1.88559 2
    endloop
  endfacet
  facet normal 0.671621 0.740895 -0
    outer loop
      vertex -32.5376 -3.09204 0
      vertex -32.8284 -2.82843 2
      vertex -32.5376 -3.09204 2
    endloop
  endfacet
  facet normal 0.671621 0.740895 0
    outer loop
      vertex -32.8284 -2.82843 2
      vertex -32.5376 -3.09204 0
      vertex -32.8284 -2.82843 0
    endloop
  endfacet
  facet normal 0.514032 0.857771 -0
    outer loop
      vertex -32.1 -3.39917 0
      vertex -32.2223 -3.32588 2
      vertex -32.1 -3.39917 2
    endloop
  endfacet
  facet normal 0.514032 0.857771 0
    outer loop
      vertex -32.2223 -3.32588 2
      vertex -32.1 -3.39917 0
      vertex -32.2223 -3.32588 0
    endloop
  endfacet
  facet normal 0.803128 0.595806 0
    outer loop
      vertex -33.092 -2.53757 2
      vertex -33.3259 -2.22228 0
      vertex -33.3259 -2.22228 2
    endloop
  endfacet
  facet normal 0.803128 0.595806 0
    outer loop
      vertex -33.3259 -2.22228 0
      vertex -33.092 -2.53757 2
      vertex -33.092 -2.53757 0
    endloop
  endfacet
  facet normal 0.904025 0.42748 0
    outer loop
      vertex -33.5277 -1.88559 2
      vertex -33.6955 -1.53073 0
      vertex -33.6955 -1.53073 2
    endloop
  endfacet
  facet normal 0.904025 0.42748 0
    outer loop
      vertex -33.6955 -1.53073 0
      vertex -33.5277 -1.88559 2
      vertex -33.5277 -1.88559 0
    endloop
  endfacet
  facet normal 0.857733 0.514095 0
    outer loop
      vertex -33.3259 -2.22228 2
      vertex -33.5277 -1.88559 0
      vertex -33.5277 -1.88559 2
    endloop
  endfacet
  facet normal 0.857733 0.514095 0
    outer loop
      vertex -33.5277 -1.88559 0
      vertex -33.3259 -2.22228 2
      vertex -33.3259 -2.22228 0
    endloop
  endfacet
  facet normal 0.970079 0.242788 0
    outer loop
      vertex -33.8278 -1.16114 2
      vertex -33.9231 -0.780361 0
      vertex -33.9231 -0.780361 2
    endloop
  endfacet
  facet normal 0.970079 0.242788 0
    outer loop
      vertex -33.9231 -0.780361 0
      vertex -33.8278 -1.16114 2
      vertex -33.8278 -1.16114 0
    endloop
  endfacet
  facet normal 0.941497 0.337022 0
    outer loop
      vertex -33.6955 -1.53073 2
      vertex -33.8278 -1.16114 0
      vertex -33.8278 -1.16114 2
    endloop
  endfacet
  facet normal 0.941497 0.337022 0
    outer loop
      vertex -33.8278 -1.16114 0
      vertex -33.6955 -1.53073 2
      vertex -33.6955 -1.53073 0
    endloop
  endfacet
  facet normal 0.998791 0.0491666 0
    outer loop
      vertex -33.9807 -0.392068 2
      vertex -34 0 0
      vertex -34 0 2
    endloop
  endfacet
  facet normal 0.998791 0.0491666 0
    outer loop
      vertex -34 0 0
      vertex -33.9807 -0.392068 2
      vertex -33.9807 -0.392068 0
    endloop
  endfacet
  facet normal -0.740977 0.671531 0
    outer loop
      vertex -27.1716 -2.82843 0
      vertex -26.908 -2.53757 2
      vertex -26.908 -2.53757 0
    endloop
  endfacet
  facet normal -0.740977 0.671531 0
    outer loop
      vertex -26.908 -2.53757 2
      vertex -27.1716 -2.82843 0
      vertex -27.1716 -2.82843 2
    endloop
  endfacet
  facet normal -0.595695 0.80321 0
    outer loop
      vertex -27.4624 -3.09204 0
      vertex -27.7777 -3.32588 2
      vertex -27.4624 -3.09204 2
    endloop
  endfacet
  facet normal -0.595695 0.80321 0
    outer loop
      vertex -27.7777 -3.32588 2
      vertex -27.4624 -3.09204 0
      vertex -27.7777 -3.32588 0
    endloop
  endfacet
  facet normal -0.857733 0.514095 0
    outer loop
      vertex -26.6741 -2.22228 0
      vertex -26.4723 -1.88559 2
      vertex -26.4723 -1.88559 0
    endloop
  endfacet
  facet normal -0.857733 0.514095 0
    outer loop
      vertex -26.4723 -1.88559 2
      vertex -26.6741 -2.22228 0
      vertex -26.6741 -2.22228 2
    endloop
  endfacet
  facet normal -0.941497 0.337022 0
    outer loop
      vertex -26.3045 -1.53073 0
      vertex -26.1722 -1.16114 2
      vertex -26.1722 -1.16114 0
    endloop
  endfacet
  facet normal -0.941497 0.337022 0
    outer loop
      vertex -26.1722 -1.16114 2
      vertex -26.3045 -1.53073 0
      vertex -26.3045 -1.53073 2
    endloop
  endfacet
  facet normal -0.989176 0.146736 0
    outer loop
      vertex -26.0769 -0.780361 0
      vertex -26.0193 -0.392068 2
      vertex -26.0193 -0.392068 0
    endloop
  endfacet
  facet normal -0.989176 0.146736 0
    outer loop
      vertex -26.0193 -0.392068 2
      vertex -26.0769 -0.780361 0
      vertex -26.0769 -0.780361 2
    endloop
  endfacet
  facet normal -0.970079 0.242788 0
    outer loop
      vertex -26.1722 -1.16114 0
      vertex -26.0769 -0.780361 2
      vertex -26.0769 -0.780361 0
    endloop
  endfacet
  facet normal -0.970079 0.242788 0
    outer loop
      vertex -26.0769 -0.780361 2
      vertex -26.1722 -1.16114 0
      vertex -26.1722 -1.16114 2
    endloop
  endfacet
  facet normal 0.595695 0.80321 -0
    outer loop
      vertex -32.2223 -3.32588 0
      vertex -32.5376 -3.09204 2
      vertex -32.2223 -3.32588 2
    endloop
  endfacet
  facet normal 0.595695 0.80321 0
    outer loop
      vertex -32.5376 -3.09204 2
      vertex -32.2223 -3.32588 0
      vertex -32.5376 -3.09204 0
    endloop
  endfacet
  facet normal 0.740977 0.671531 0
    outer loop
      vertex -32.8284 -2.82843 2
      vertex -33.092 -2.53757 0
      vertex -33.092 -2.53757 2
    endloop
  endfacet
  facet normal 0.740977 0.671531 0
    outer loop
      vertex -33.092 -2.53757 0
      vertex -32.8284 -2.82843 2
      vertex -32.8284 -2.82843 0
    endloop
  endfacet
  facet normal 0.989176 0.146736 0
    outer loop
      vertex -33.9231 -0.780361 2
      vertex -33.9807 -0.392068 0
      vertex -33.9807 -0.392068 2
    endloop
  endfacet
  facet normal 0.989176 0.146736 0
    outer loop
      vertex -33.9807 -0.392068 0
      vertex -33.9231 -0.780361 2
      vertex -33.9231 -0.780361 0
    endloop
  endfacet
  facet normal -0.998798 0.0490083 0
    outer loop
      vertex -27.9101 -6.20584 0
      vertex -27.9 -6 2
      vertex -27.9 -6 0
    endloop
  endfacet
  facet normal -0.998798 0.0490083 0
    outer loop
      vertex -27.9 -6 2
      vertex -27.9101 -6.20584 0
      vertex -27.9101 -6.20584 2
    endloop
  endfacet
  facet normal -0.513996 0.857792 0
    outer loop
      vertex -28.8333 -7.74609 0
      vertex -29.0101 -7.85203 2
      vertex -28.8333 -7.74609 2
    endloop
  endfacet
  facet normal -0.513996 0.857792 0
    outer loop
      vertex -29.0101 -7.85203 2
      vertex -28.8333 -7.74609 0
      vertex -29.0101 -7.85203 0
    endloop
  endfacet
  facet normal -0.970117 0.242638 0
    outer loop
      vertex -27.9904 -6.6096 0
      vertex -27.9404 -6.40969 2
      vertex -27.9404 -6.40969 0
    endloop
  endfacet
  facet normal -0.970117 0.242638 0
    outer loop
      vertex -27.9404 -6.40969 2
      vertex -27.9904 -6.6096 0
      vertex -27.9904 -6.6096 2
    endloop
  endfacet
  facet normal -0.146703 0.989181 0
    outer loop
      vertex -29.5903 -8.05965 0
      vertex -29.7942 -8.08989 2
      vertex -29.5903 -8.05965 2
    endloop
  endfacet
  facet normal -0.146703 0.989181 0
    outer loop
      vertex -29.7942 -8.08989 2
      vertex -29.5903 -8.05965 0
      vertex -29.7942 -8.08989 0
    endloop
  endfacet
  facet normal -0.989133 0.147023 0
    outer loop
      vertex -27.9404 -6.40969 0
      vertex -27.9101 -6.20584 2
      vertex -27.9101 -6.20584 0
    endloop
  endfacet
  facet normal -0.989133 0.147023 0
    outer loop
      vertex -27.9101 -6.20584 2
      vertex -27.9404 -6.40969 0
      vertex -27.9404 -6.40969 2
    endloop
  endfacet
  facet normal -0.803127 0.595808 0
    outer loop
      vertex -28.3767 -7.33223 0
      vertex -28.2539 -7.1667 2
      vertex -28.2539 -7.1667 0
    endloop
  endfacet
  facet normal -0.803127 0.595808 0
    outer loop
      vertex -28.2539 -7.1667 2
      vertex -28.3767 -7.33223 0
      vertex -28.3767 -7.33223 2
    endloop
  endfacet
  facet normal -0.904014 0.427502 0
    outer loop
      vertex -28.148 -6.98993 0
      vertex -28.0599 -6.80363 2
      vertex -28.0599 -6.80363 0
    endloop
  endfacet
  facet normal -0.904014 0.427502 0
    outer loop
      vertex -28.0599 -6.80363 2
      vertex -28.148 -6.98993 0
      vertex -28.148 -6.98993 2
    endloop
  endfacet
  facet normal -0.0490662 0.998796 0
    outer loop
      vertex -29.7942 -8.08989 0
      vertex -30 -8.1 2
      vertex -29.7942 -8.08989 2
    endloop
  endfacet
  facet normal -0.0490662 0.998796 0
    outer loop
      vertex -30 -8.1 2
      vertex -29.7942 -8.08989 0
      vertex -30 -8.1 0
    endloop
  endfacet
  facet normal 0.998798 0.0490083 0
    outer loop
      vertex -32.0899 -6.20584 2
      vertex -32.1 -6 0
      vertex -32.1 -6 2
    endloop
  endfacet
  facet normal 0.998798 0.0490083 0
    outer loop
      vertex -32.1 -6 0
      vertex -32.0899 -6.20584 2
      vertex -32.0899 -6.20584 0
    endloop
  endfacet
  facet normal -0.336914 0.941535 0
    outer loop
      vertex -29.1964 -7.94015 0
      vertex -29.3904 -8.00957 2
      vertex -29.1964 -7.94015 2
    endloop
  endfacet
  facet normal -0.336914 0.941535 0
    outer loop
      vertex -29.3904 -8.00957 2
      vertex -29.1964 -7.94015 0
      vertex -29.3904 -8.00957 0
    endloop
  endfacet
  facet normal -0.243015 0.970022 0
    outer loop
      vertex -29.3904 -8.00957 0
      vertex -29.5903 -8.05965 2
      vertex -29.3904 -8.00957 2
    endloop
  endfacet
  facet normal -0.243015 0.970022 0
    outer loop
      vertex -29.5903 -8.05965 2
      vertex -29.3904 -8.00957 0
      vertex -29.5903 -8.05965 0
    endloop
  endfacet
  facet normal -0.671561 0.740949 0
    outer loop
      vertex -28.5151 -7.48492 0
      vertex -28.6678 -7.62332 2
      vertex -28.5151 -7.48492 2
    endloop
  endfacet
  facet normal -0.671561 0.740949 0
    outer loop
      vertex -28.6678 -7.62332 2
      vertex -28.5151 -7.48492 0
      vertex -28.6678 -7.62332 0
    endloop
  endfacet
  facet normal -0.941429 0.337212 0
    outer loop
      vertex -28.0599 -6.80363 0
      vertex -27.9904 -6.6096 2
      vertex -27.9904 -6.6096 0
    endloop
  endfacet
  facet normal -0.941429 0.337212 0
    outer loop
      vertex -27.9904 -6.6096 2
      vertex -28.0599 -6.80363 0
      vertex -28.0599 -6.80363 2
    endloop
  endfacet
  facet normal -0.85784 0.513918 0
    outer loop
      vertex -28.2539 -7.1667 0
      vertex -28.148 -6.98993 2
      vertex -28.148 -6.98993 0
    endloop
  endfacet
  facet normal -0.85784 0.513918 0
    outer loop
      vertex -28.148 -6.98993 2
      vertex -28.2539 -7.1667 0
      vertex -28.2539 -7.1667 2
    endloop
  endfacet
  facet normal 0.243015 0.970022 -0
    outer loop
      vertex -30.4097 -8.05965 0
      vertex -30.6096 -8.00957 2
      vertex -30.4097 -8.05965 2
    endloop
  endfacet
  facet normal 0.243015 0.970022 0
    outer loop
      vertex -30.6096 -8.00957 2
      vertex -30.4097 -8.05965 0
      vertex -30.6096 -8.00957 0
    endloop
  endfacet
  facet normal 0.0490662 0.998796 -0
    outer loop
      vertex -30 -8.1 0
      vertex -30.2058 -8.08989 2
      vertex -30 -8.1 2
    endloop
  endfacet
  facet normal 0.0490662 0.998796 0
    outer loop
      vertex -30.2058 -8.08989 2
      vertex -30 -8.1 0
      vertex -30.2058 -8.08989 0
    endloop
  endfacet
  facet normal 0.941429 0.337212 0
    outer loop
      vertex -31.9401 -6.80363 2
      vertex -32.0096 -6.6096 0
      vertex -32.0096 -6.6096 2
    endloop
  endfacet
  facet normal 0.941429 0.337212 0
    outer loop
      vertex -32.0096 -6.6096 0
      vertex -31.9401 -6.80363 2
      vertex -31.9401 -6.80363 0
    endloop
  endfacet
  facet normal 0.970117 0.242638 0
    outer loop
      vertex -32.0096 -6.6096 2
      vertex -32.0596 -6.40969 0
      vertex -32.0596 -6.40969 2
    endloop
  endfacet
  facet normal 0.970117 0.242638 0
    outer loop
      vertex -32.0596 -6.40969 0
      vertex -32.0096 -6.6096 2
      vertex -32.0096 -6.6096 0
    endloop
  endfacet
  facet normal 0.904014 0.427502 0
    outer loop
      vertex -31.852 -6.98993 2
      vertex -31.9401 -6.80363 0
      vertex -31.9401 -6.80363 2
    endloop
  endfacet
  facet normal 0.904014 0.427502 0
    outer loop
      vertex -31.9401 -6.80363 0
      vertex -31.852 -6.98993 2
      vertex -31.852 -6.98993 0
    endloop
  endfacet
  facet normal -0.427582 0.903977 0
    outer loop
      vertex -29.0101 -7.85203 0
      vertex -29.1964 -7.94015 2
      vertex -29.0101 -7.85203 2
    endloop
  endfacet
  facet normal -0.427582 0.903977 0
    outer loop
      vertex -29.1964 -7.94015 2
      vertex -29.0101 -7.85203 0
      vertex -29.1964 -7.94015 0
    endloop
  endfacet
  facet normal -0.740927 0.671585 0
    outer loop
      vertex -28.5151 -7.48492 0
      vertex -28.3767 -7.33223 2
      vertex -28.3767 -7.33223 0
    endloop
  endfacet
  facet normal -0.740927 0.671585 0
    outer loop
      vertex -28.3767 -7.33223 2
      vertex -28.5151 -7.48492 0
      vertex -28.5151 -7.48492 2
    endloop
  endfacet
  facet normal -0.595783 0.803145 0
    outer loop
      vertex -28.6678 -7.62332 0
      vertex -28.8333 -7.74609 2
      vertex -28.6678 -7.62332 2
    endloop
  endfacet
  facet normal -0.595783 0.803145 0
    outer loop
      vertex -28.8333 -7.74609 2
      vertex -28.6678 -7.62332 0
      vertex -28.8333 -7.74609 0
    endloop
  endfacet
  facet normal 0.595783 0.803145 -0
    outer loop
      vertex -31.1667 -7.74609 0
      vertex -31.3322 -7.62332 2
      vertex -31.1667 -7.74609 2
    endloop
  endfacet
  facet normal 0.595783 0.803145 0
    outer loop
      vertex -31.3322 -7.62332 2
      vertex -31.1667 -7.74609 0
      vertex -31.3322 -7.62332 0
    endloop
  endfacet
  facet normal 0.427582 0.903977 -0
    outer loop
      vertex -30.8036 -7.94015 0
      vertex -30.9899 -7.85203 2
      vertex -30.8036 -7.94015 2
    endloop
  endfacet
  facet normal 0.427582 0.903977 0
    outer loop
      vertex -30.9899 -7.85203 2
      vertex -30.8036 -7.94015 0
      vertex -30.9899 -7.85203 0
    endloop
  endfacet
  facet normal 0.146703 0.989181 -0
    outer loop
      vertex -30.2058 -8.08989 0
      vertex -30.4097 -8.05965 2
      vertex -30.2058 -8.08989 2
    endloop
  endfacet
  facet normal 0.146703 0.989181 0
    outer loop
      vertex -30.4097 -8.05965 2
      vertex -30.2058 -8.08989 0
      vertex -30.4097 -8.05965 0
    endloop
  endfacet
  facet normal 0.740927 0.671585 0
    outer loop
      vertex -31.4849 -7.48492 2
      vertex -31.6233 -7.33223 0
      vertex -31.6233 -7.33223 2
    endloop
  endfacet
  facet normal 0.740927 0.671585 0
    outer loop
      vertex -31.6233 -7.33223 0
      vertex -31.4849 -7.48492 2
      vertex -31.4849 -7.48492 0
    endloop
  endfacet
  facet normal 0.803127 0.595808 0
    outer loop
      vertex -31.6233 -7.33223 2
      vertex -31.7461 -7.1667 0
      vertex -31.7461 -7.1667 2
    endloop
  endfacet
  facet normal 0.803127 0.595808 0
    outer loop
      vertex -31.7461 -7.1667 0
      vertex -31.6233 -7.33223 2
      vertex -31.6233 -7.33223 0
    endloop
  endfacet
  facet normal 0.85784 0.513918 0
    outer loop
      vertex -31.7461 -7.1667 2
      vertex -31.852 -6.98993 0
      vertex -31.852 -6.98993 2
    endloop
  endfacet
  facet normal 0.85784 0.513918 0
    outer loop
      vertex -31.852 -6.98993 0
      vertex -31.7461 -7.1667 2
      vertex -31.7461 -7.1667 0
    endloop
  endfacet
  facet normal 0.671561 0.740949 -0
    outer loop
      vertex -31.3322 -7.62332 0
      vertex -31.4849 -7.48492 2
      vertex -31.3322 -7.62332 2
    endloop
  endfacet
  facet normal 0.671561 0.740949 0
    outer loop
      vertex -31.4849 -7.48492 2
      vertex -31.3322 -7.62332 0
      vertex -31.4849 -7.48492 0
    endloop
  endfacet
  facet normal 0.989133 0.147023 0
    outer loop
      vertex -32.0596 -6.40969 2
      vertex -32.0899 -6.20584 0
      vertex -32.0899 -6.20584 2
    endloop
  endfacet
  facet normal 0.989133 0.147023 0
    outer loop
      vertex -32.0899 -6.20584 0
      vertex -32.0596 -6.40969 2
      vertex -32.0596 -6.40969 0
    endloop
  endfacet
  facet normal 0.513996 0.857792 -0
    outer loop
      vertex -30.9899 -7.85203 0
      vertex -31.1667 -7.74609 2
      vertex -30.9899 -7.85203 2
    endloop
  endfacet
  facet normal 0.513996 0.857792 0
    outer loop
      vertex -31.1667 -7.74609 2
      vertex -30.9899 -7.85203 0
      vertex -31.1667 -7.74609 0
    endloop
  endfacet
  facet normal 0.336914 0.941535 -0
    outer loop
      vertex -30.6096 -8.00957 0
      vertex -30.8036 -7.94015 2
      vertex -30.6096 -8.00957 2
    endloop
  endfacet
  facet normal 0.336914 0.941535 0
    outer loop
      vertex -30.8036 -7.94015 2
      vertex -30.6096 -8.00957 0
      vertex -30.8036 -7.94015 0
    endloop
  endfacet
  facet normal 1 -0 0
    outer loop
      vertex -32.1 -6 2
      vertex -32.1 -3.39917 0
      vertex -32.1 -3.39917 2
    endloop
  endfacet
  facet normal 1 0 0
    outer loop
      vertex -32.1 -3.39917 0
      vertex -32.1 -6 2
      vertex -32.1 -6 0
    endloop
  endfacet
  facet normal -1 0 0
    outer loop
      vertex -27.9 -6 0
      vertex -27.9 -3.39917 2
      vertex -27.9 -3.39917 0
    endloop
  endfacet
  facet normal -1 -0 0
    outer loop
      vertex -27.9 -3.39917 2
      vertex -27.9 -6 0
      vertex -27.9 -6 2
    endloop
  endfacet
  facet normal -0.595695 -0.80321 0
    outer loop
      vertex 32.2223 3.32588 0
      vertex 32.5376 3.09204 2
      vertex 32.2223 3.32588 2
    endloop
  endfacet
  facet normal -0.595695 -0.80321 -0
    outer loop
      vertex 32.5376 3.09204 2
      vertex 32.2223 3.32588 0
      vertex 32.5376 3.09204 0
    endloop
  endfacet
  facet normal -0.998791 0.0491666 0
    outer loop
      vertex 33.9807 -0.392068 0
      vertex 34 0 2
      vertex 34 0 0
    endloop
  endfacet
  facet normal -0.998791 0.0491666 0
    outer loop
      vertex 34 0 2
      vertex 33.9807 -0.392068 0
      vertex 33.9807 -0.392068 2
    endloop
  endfacet
  facet normal 0.336879 -0.941548 0
    outer loop
      vertex 28.4693 3.69552 0
      vertex 28.8389 3.82776 2
      vertex 28.4693 3.69552 2
    endloop
  endfacet
  facet normal 0.336879 -0.941548 0
    outer loop
      vertex 28.8389 3.82776 2
      vertex 28.4693 3.69552 0
      vertex 28.8389 3.82776 0
    endloop
  endfacet
  facet normal 0.904025 -0.42748 0
    outer loop
      vertex 26.3045 1.53073 2
      vertex 26.4723 1.88559 0
      vertex 26.4723 1.88559 2
    endloop
  endfacet
  facet normal 0.904025 -0.42748 0
    outer loop
      vertex 26.4723 1.88559 0
      vertex 26.3045 1.53073 2
      vertex 26.3045 1.53073 0
    endloop
  endfacet
  facet normal -0.904025 -0.42748 0
    outer loop
      vertex 33.6955 1.53073 0
      vertex 33.5277 1.88559 2
      vertex 33.5277 1.88559 0
    endloop
  endfacet
  facet normal -0.904025 -0.42748 0
    outer loop
      vertex 33.5277 1.88559 2
      vertex 33.6955 1.53073 0
      vertex 33.6955 1.53073 2
    endloop
  endfacet
  facet normal -0.857733 -0.514095 0
    outer loop
      vertex 33.5277 1.88559 0
      vertex 33.3259 2.22228 2
      vertex 33.3259 2.22228 0
    endloop
  endfacet
  facet normal -0.857733 -0.514095 0
    outer loop
      vertex 33.3259 2.22228 2
      vertex 33.5277 1.88559 0
      vertex 33.5277 1.88559 2
    endloop
  endfacet
  facet normal -0.427523 -0.904004 0
    outer loop
      vertex 31.5307 3.69552 0
      vertex 31.8856 3.52768 2
      vertex 31.5307 3.69552 2
    endloop
  endfacet
  facet normal -0.427523 -0.904004 -0
    outer loop
      vertex 31.8856 3.52768 2
      vertex 31.5307 3.69552 0
      vertex 31.8856 3.52768 0
    endloop
  endfacet
  facet normal 0.740977 -0.671531 0
    outer loop
      vertex 26.908 2.53757 2
      vertex 27.1716 2.82843 0
      vertex 27.1716 2.82843 2
    endloop
  endfacet
  facet normal 0.740977 -0.671531 0
    outer loop
      vertex 27.1716 2.82843 0
      vertex 26.908 2.53757 2
      vertex 26.908 2.53757 0
    endloop
  endfacet
  facet normal 0.146733 -0.989176 0
    outer loop
      vertex 29.2196 3.92314 0
      vertex 29.6079 3.98074 2
      vertex 29.2196 3.92314 2
    endloop
  endfacet
  facet normal 0.146733 -0.989176 0
    outer loop
      vertex 29.6079 3.98074 2
      vertex 29.2196 3.92314 0
      vertex 29.6079 3.98074 0
    endloop
  endfacet
  facet normal 0.671621 0.740895 -0
    outer loop
      vertex 27.4624 -3.09204 0
      vertex 27.1716 -2.82843 2
      vertex 27.4624 -3.09204 2
    endloop
  endfacet
  facet normal 0.671621 0.740895 0
    outer loop
      vertex 27.1716 -2.82843 2
      vertex 27.4624 -3.09204 0
      vertex 27.1716 -2.82843 0
    endloop
  endfacet
  facet normal 0.740977 0.671531 0
    outer loop
      vertex 27.1716 -2.82843 2
      vertex 26.908 -2.53757 0
      vertex 26.908 -2.53757 2
    endloop
  endfacet
  facet normal 0.740977 0.671531 0
    outer loop
      vertex 26.908 -2.53757 0
      vertex 27.1716 -2.82843 2
      vertex 27.1716 -2.82843 0
    endloop
  endfacet
  facet normal -0.970079 -0.242788 0
    outer loop
      vertex 33.9231 0.780361 0
      vertex 33.8278 1.16114 2
      vertex 33.8278 1.16114 0
    endloop
  endfacet
  facet normal -0.970079 -0.242788 0
    outer loop
      vertex 33.8278 1.16114 2
      vertex 33.9231 0.780361 0
      vertex 33.9231 0.780361 2
    endloop
  endfacet
  facet normal -0.941497 -0.337022 0
    outer loop
      vertex 33.8278 1.16114 0
      vertex 33.6955 1.53073 2
      vertex 33.6955 1.53073 0
    endloop
  endfacet
  facet normal -0.941497 -0.337022 0
    outer loop
      vertex 33.6955 1.53073 2
      vertex 33.8278 1.16114 0
      vertex 33.8278 1.16114 2
    endloop
  endfacet
  facet normal -0.740977 -0.671531 0
    outer loop
      vertex 33.092 2.53757 0
      vertex 32.8284 2.82843 2
      vertex 32.8284 2.82843 0
    endloop
  endfacet
  facet normal -0.740977 -0.671531 0
    outer loop
      vertex 32.8284 2.82843 2
      vertex 33.092 2.53757 0
      vertex 33.092 2.53757 2
    endloop
  endfacet
  facet normal -0.803128 -0.595806 0
    outer loop
      vertex 33.3259 2.22228 0
      vertex 33.092 2.53757 2
      vertex 33.092 2.53757 0
    endloop
  endfacet
  facet normal -0.803128 -0.595806 0
    outer loop
      vertex 33.092 2.53757 2
      vertex 33.3259 2.22228 0
      vertex 33.3259 2.22228 2
    endloop
  endfacet
  facet normal -0.671621 -0.740895 0
    outer loop
      vertex 32.5376 3.09204 0
      vertex 32.8284 2.82843 2
      vertex 32.5376 3.09204 2
    endloop
  endfacet
  facet normal -0.671621 -0.740895 -0
    outer loop
      vertex 32.8284 2.82843 2
      vertex 32.5376 3.09204 0
      vertex 32.8284 2.82843 0
    endloop
  endfacet
  facet normal -0.049061 -0.998796 0
    outer loop
      vertex 30 4 0
      vertex 30.3921 3.98074 2
      vertex 30 4 2
    endloop
  endfacet
  facet normal -0.049061 -0.998796 -0
    outer loop
      vertex 30.3921 3.98074 2
      vertex 30 4 0
      vertex 30.3921 3.98074 0
    endloop
  endfacet
  facet normal -0.514084 -0.85774 0
    outer loop
      vertex 31.8856 3.52768 0
      vertex 32.2223 3.32588 2
      vertex 31.8856 3.52768 2
    endloop
  endfacet
  facet normal -0.514084 -0.85774 -0
    outer loop
      vertex 32.2223 3.32588 2
      vertex 31.8856 3.52768 0
      vertex 32.2223 3.32588 0
    endloop
  endfacet
  facet normal -0.336879 -0.941548 0
    outer loop
      vertex 31.1611 3.82776 0
      vertex 31.5307 3.69552 2
      vertex 31.1611 3.82776 2
    endloop
  endfacet
  facet normal -0.336879 -0.941548 -0
    outer loop
      vertex 31.5307 3.69552 2
      vertex 31.1611 3.82776 0
      vertex 31.5307 3.69552 0
    endloop
  endfacet
  facet normal -0.243027 -0.970019 0
    outer loop
      vertex 30.7804 3.92314 0
      vertex 31.1611 3.82776 2
      vertex 30.7804 3.92314 2
    endloop
  endfacet
  facet normal -0.243027 -0.970019 -0
    outer loop
      vertex 31.1611 3.82776 2
      vertex 30.7804 3.92314 0
      vertex 31.1611 3.82776 0
    endloop
  endfacet
  facet normal 0.998791 -0.0491666 0
    outer loop
      vertex 26 0 2
      vertex 26.0193 0.392068 0
      vertex 26.0193 0.392068 2
    endloop
  endfacet
  facet normal 0.998791 -0.0491666 0
    outer loop
      vertex 26.0193 0.392068 0
      vertex 26 0 2
      vertex 26 0 0
    endloop
  endfacet
  facet normal 0.941497 -0.337022 0
    outer loop
      vertex 26.1722 1.16114 2
      vertex 26.3045 1.53073 0
      vertex 26.3045 1.53073 2
    endloop
  endfacet
  facet normal 0.941497 -0.337022 0
    outer loop
      vertex 26.3045 1.53073 0
      vertex 26.1722 1.16114 2
      vertex 26.1722 1.16114 0
    endloop
  endfacet
  facet normal 0.970079 -0.242788 0
    outer loop
      vertex 26.0769 0.780361 2
      vertex 26.1722 1.16114 0
      vertex 26.1722 1.16114 2
    endloop
  endfacet
  facet normal 0.970079 -0.242788 0
    outer loop
      vertex 26.1722 1.16114 0
      vertex 26.0769 0.780361 2
      vertex 26.0769 0.780361 0
    endloop
  endfacet
  facet normal 0.857733 -0.514095 0
    outer loop
      vertex 26.4723 1.88559 2
      vertex 26.6741 2.22228 0
      vertex 26.6741 2.22228 2
    endloop
  endfacet
  facet normal 0.857733 -0.514095 0
    outer loop
      vertex 26.6741 2.22228 0
      vertex 26.4723 1.88559 2
      vertex 26.4723 1.88559 0
    endloop
  endfacet
  facet normal 0.803128 -0.595806 0
    outer loop
      vertex 26.6741 2.22228 2
      vertex 26.908 2.53757 0
      vertex 26.908 2.53757 2
    endloop
  endfacet
  facet normal 0.803128 -0.595806 0
    outer loop
      vertex 26.908 2.53757 0
      vertex 26.6741 2.22228 2
      vertex 26.6741 2.22228 0
    endloop
  endfacet
  facet normal 0.243027 -0.970019 0
    outer loop
      vertex 28.8389 3.82776 0
      vertex 29.2196 3.92314 2
      vertex 28.8389 3.82776 2
    endloop
  endfacet
  facet normal 0.243027 -0.970019 0
    outer loop
      vertex 29.2196 3.92314 2
      vertex 28.8389 3.82776 0
      vertex 29.2196 3.92314 0
    endloop
  endfacet
  facet normal 0.049061 -0.998796 0
    outer loop
      vertex 29.6079 3.98074 0
      vertex 30 4 2
      vertex 29.6079 3.98074 2
    endloop
  endfacet
  facet normal 0.049061 -0.998796 0
    outer loop
      vertex 30 4 2
      vertex 29.6079 3.98074 0
      vertex 30 4 0
    endloop
  endfacet
  facet normal 0.514084 -0.85774 0
    outer loop
      vertex 27.7777 3.32588 0
      vertex 28.1144 3.52768 2
      vertex 27.7777 3.32588 2
    endloop
  endfacet
  facet normal 0.514084 -0.85774 0
    outer loop
      vertex 28.1144 3.52768 2
      vertex 27.7777 3.32588 0
      vertex 28.1144 3.52768 0
    endloop
  endfacet
  facet normal 0.595695 -0.80321 0
    outer loop
      vertex 27.4624 3.09204 0
      vertex 27.7777 3.32588 2
      vertex 27.4624 3.09204 2
    endloop
  endfacet
  facet normal 0.595695 -0.80321 0
    outer loop
      vertex 27.7777 3.32588 2
      vertex 27.4624 3.09204 0
      vertex 27.7777 3.32588 0
    endloop
  endfacet
  facet normal 0.427523 -0.904004 0
    outer loop
      vertex 28.1144 3.52768 0
      vertex 28.4693 3.69552 2
      vertex 28.1144 3.52768 2
    endloop
  endfacet
  facet normal 0.427523 -0.904004 0
    outer loop
      vertex 28.4693 3.69552 2
      vertex 28.1144 3.52768 0
      vertex 28.4693 3.69552 0
    endloop
  endfacet
  facet normal 0.671621 -0.740895 0
    outer loop
      vertex 27.1716 2.82843 0
      vertex 27.4624 3.09204 2
      vertex 27.1716 2.82843 2
    endloop
  endfacet
  facet normal 0.671621 -0.740895 0
    outer loop
      vertex 27.4624 3.09204 2
      vertex 27.1716 2.82843 0
      vertex 27.4624 3.09204 0
    endloop
  endfacet
  facet normal -0.998791 -0.0491666 0
    outer loop
      vertex 34 0 0
      vertex 33.9807 0.392068 2
      vertex 33.9807 0.392068 0
    endloop
  endfacet
  facet normal -0.998791 -0.0491666 0
    outer loop
      vertex 33.9807 0.392068 2
      vertex 34 0 0
      vertex 34 0 2
    endloop
  endfacet
  facet normal -0.989176 0.146736 0
    outer loop
      vertex 33.9231 -0.780361 0
      vertex 33.9807 -0.392068 2
      vertex 33.9807 -0.392068 0
    endloop
  endfacet
  facet normal -0.989176 0.146736 0
    outer loop
      vertex 33.9807 -0.392068 2
      vertex 33.9231 -0.780361 0
      vertex 33.9231 -0.780361 2
    endloop
  endfacet
  facet normal -0.803128 0.595806 0
    outer loop
      vertex 33.092 -2.53757 0
      vertex 33.3259 -2.22228 2
      vertex 33.3259 -2.22228 0
    endloop
  endfacet
  facet normal -0.803128 0.595806 0
    outer loop
      vertex 33.3259 -2.22228 2
      vertex 33.092 -2.53757 0
      vertex 33.092 -2.53757 2
    endloop
  endfacet
  facet normal -0.904025 0.42748 0
    outer loop
      vertex 33.5277 -1.88559 0
      vertex 33.6955 -1.53073 2
      vertex 33.6955 -1.53073 0
    endloop
  endfacet
  facet normal -0.904025 0.42748 0
    outer loop
      vertex 33.6955 -1.53073 2
      vertex 33.5277 -1.88559 0
      vertex 33.5277 -1.88559 2
    endloop
  endfacet
  facet normal -0.740977 0.671531 0
    outer loop
      vertex 32.8284 -2.82843 0
      vertex 33.092 -2.53757 2
      vertex 33.092 -2.53757 0
    endloop
  endfacet
  facet normal -0.740977 0.671531 0
    outer loop
      vertex 33.092 -2.53757 2
      vertex 32.8284 -2.82843 0
      vertex 32.8284 -2.82843 2
    endloop
  endfacet
  facet normal -0.671621 0.740895 0
    outer loop
      vertex 32.8284 -2.82843 0
      vertex 32.5376 -3.09204 2
      vertex 32.8284 -2.82843 2
    endloop
  endfacet
  facet normal -0.671621 0.740895 0
    outer loop
      vertex 32.5376 -3.09204 2
      vertex 32.8284 -2.82843 0
      vertex 32.5376 -3.09204 0
    endloop
  endfacet
  facet normal -0.514032 0.857771 0
    outer loop
      vertex 32.2223 -3.32588 0
      vertex 32.1 -3.39917 2
      vertex 32.2223 -3.32588 2
    endloop
  endfacet
  facet normal -0.514032 0.857771 0
    outer loop
      vertex 32.1 -3.39917 2
      vertex 32.2223 -3.32588 0
      vertex 32.1 -3.39917 0
    endloop
  endfacet
  facet normal 0.514032 0.857771 -0
    outer loop
      vertex 27.9 -3.39917 0
      vertex 27.7777 -3.32588 2
      vertex 27.9 -3.39917 2
    endloop
  endfacet
  facet normal 0.514032 0.857771 0
    outer loop
      vertex 27.7777 -3.32588 2
      vertex 27.9 -3.39917 0
      vertex 27.7777 -3.32588 0
    endloop
  endfacet
  facet normal 0.970079 0.242788 0
    outer loop
      vertex 26.1722 -1.16114 2
      vertex 26.0769 -0.780361 0
      vertex 26.0769 -0.780361 2
    endloop
  endfacet
  facet normal 0.970079 0.242788 0
    outer loop
      vertex 26.0769 -0.780361 0
      vertex 26.1722 -1.16114 2
      vertex 26.1722 -1.16114 0
    endloop
  endfacet
  facet normal 0.998791 0.0491666 0
    outer loop
      vertex 26.0193 -0.392068 2
      vertex 26 0 0
      vertex 26 0 2
    endloop
  endfacet
  facet normal 0.998791 0.0491666 0
    outer loop
      vertex 26 0 0
      vertex 26.0193 -0.392068 2
      vertex 26.0193 -0.392068 0
    endloop
  endfacet
  facet normal 0.803128 0.595806 0
    outer loop
      vertex 26.908 -2.53757 2
      vertex 26.6741 -2.22228 0
      vertex 26.6741 -2.22228 2
    endloop
  endfacet
  facet normal 0.803128 0.595806 0
    outer loop
      vertex 26.6741 -2.22228 0
      vertex 26.908 -2.53757 2
      vertex 26.908 -2.53757 0
    endloop
  endfacet
  facet normal 0.857733 0.514095 0
    outer loop
      vertex 26.6741 -2.22228 2
      vertex 26.4723 -1.88559 0
      vertex 26.4723 -1.88559 2
    endloop
  endfacet
  facet normal 0.857733 0.514095 0
    outer loop
      vertex 26.4723 -1.88559 0
      vertex 26.6741 -2.22228 2
      vertex 26.6741 -2.22228 0
    endloop
  endfacet
  facet normal 0.904025 0.42748 0
    outer loop
      vertex 26.4723 -1.88559 2
      vertex 26.3045 -1.53073 0
      vertex 26.3045 -1.53073 2
    endloop
  endfacet
  facet normal 0.904025 0.42748 0
    outer loop
      vertex 26.3045 -1.53073 0
      vertex 26.4723 -1.88559 2
      vertex 26.4723 -1.88559 0
    endloop
  endfacet
  facet normal -0.989176 -0.146736 0
    outer loop
      vertex 33.9807 0.392068 0
      vertex 33.9231 0.780361 2
      vertex 33.9231 0.780361 0
    endloop
  endfacet
  facet normal -0.989176 -0.146736 0
    outer loop
      vertex 33.9231 0.780361 2
      vertex 33.9807 0.392068 0
      vertex 33.9807 0.392068 2
    endloop
  endfacet
  facet normal -0.146733 -0.989176 0
    outer loop
      vertex 30.3921 3.98074 0
      vertex 30.7804 3.92314 2
      vertex 30.3921 3.98074 2
    endloop
  endfacet
  facet normal -0.146733 -0.989176 -0
    outer loop
      vertex 30.7804 3.92314 2
      vertex 30.3921 3.98074 0
      vertex 30.7804 3.92314 0
    endloop
  endfacet
  facet normal 0.989176 -0.146736 0
    outer loop
      vertex 26.0193 0.392068 2
      vertex 26.0769 0.780361 0
      vertex 26.0769 0.780361 2
    endloop
  endfacet
  facet normal 0.989176 -0.146736 0
    outer loop
      vertex 26.0769 0.780361 0
      vertex 26.0193 0.392068 2
      vertex 26.0193 0.392068 0
    endloop
  endfacet
  facet normal -0.970079 0.242788 0
    outer loop
      vertex 33.8278 -1.16114 0
      vertex 33.9231 -0.780361 2
      vertex 33.9231 -0.780361 0
    endloop
  endfacet
  facet normal -0.970079 0.242788 0
    outer loop
      vertex 33.9231 -0.780361 2
      vertex 33.8278 -1.16114 0
      vertex 33.8278 -1.16114 2
    endloop
  endfacet
  facet normal -0.857733 0.514095 0
    outer loop
      vertex 33.3259 -2.22228 0
      vertex 33.5277 -1.88559 2
      vertex 33.5277 -1.88559 0
    endloop
  endfacet
  facet normal -0.857733 0.514095 0
    outer loop
      vertex 33.5277 -1.88559 2
      vertex 33.3259 -2.22228 0
      vertex 33.3259 -2.22228 2
    endloop
  endfacet
  facet normal -0.595695 0.80321 0
    outer loop
      vertex 32.5376 -3.09204 0
      vertex 32.2223 -3.32588 2
      vertex 32.5376 -3.09204 2
    endloop
  endfacet
  facet normal -0.595695 0.80321 0
    outer loop
      vertex 32.2223 -3.32588 2
      vertex 32.5376 -3.09204 0
      vertex 32.2223 -3.32588 0
    endloop
  endfacet
  facet normal 0.595695 0.80321 -0
    outer loop
      vertex 27.7777 -3.32588 0
      vertex 27.4624 -3.09204 2
      vertex 27.7777 -3.32588 2
    endloop
  endfacet
  facet normal 0.595695 0.80321 0
    outer loop
      vertex 27.4624 -3.09204 2
      vertex 27.7777 -3.32588 0
      vertex 27.4624 -3.09204 0
    endloop
  endfacet
  facet normal 0.941497 0.337022 0
    outer loop
      vertex 26.3045 -1.53073 2
      vertex 26.1722 -1.16114 0
      vertex 26.1722 -1.16114 2
    endloop
  endfacet
  facet normal 0.941497 0.337022 0
    outer loop
      vertex 26.1722 -1.16114 0
      vertex 26.3045 -1.53073 2
      vertex 26.3045 -1.53073 0
    endloop
  endfacet
  facet normal 0.989176 0.146736 0
    outer loop
      vertex 26.0769 -0.780361 2
      vertex 26.0193 -0.392068 0
      vertex 26.0193 -0.392068 2
    endloop
  endfacet
  facet normal 0.989176 0.146736 0
    outer loop
      vertex 26.0193 -0.392068 0
      vertex 26.0769 -0.780361 2
      vertex 26.0769 -0.780361 0
    endloop
  endfacet
  facet normal -0.941497 0.337022 0
    outer loop
      vertex 33.6955 -1.53073 0
      vertex 33.8278 -1.16114 2
      vertex 33.8278 -1.16114 0
    endloop
  endfacet
  facet normal -0.941497 0.337022 0
    outer loop
      vertex 33.8278 -1.16114 2
      vertex 33.6955 -1.53073 0
      vertex 33.6955 -1.53073 2
    endloop
  endfacet
  facet normal -0.970117 0.242638 0
    outer loop
      vertex 32.0096 -6.6096 0
      vertex 32.0596 -6.40969 2
      vertex 32.0596 -6.40969 0
    endloop
  endfacet
  facet normal -0.970117 0.242638 0
    outer loop
      vertex 32.0596 -6.40969 2
      vertex 32.0096 -6.6096 0
      vertex 32.0096 -6.6096 2
    endloop
  endfacet
  facet normal 0.0490662 0.998796 -0
    outer loop
      vertex 30 -8.1 0
      vertex 29.7942 -8.08989 2
      vertex 30 -8.1 2
    endloop
  endfacet
  facet normal 0.0490662 0.998796 0
    outer loop
      vertex 29.7942 -8.08989 2
      vertex 30 -8.1 0
      vertex 29.7942 -8.08989 0
    endloop
  endfacet
  facet normal -0.146703 0.989181 0
    outer loop
      vertex 30.4097 -8.05965 0
      vertex 30.2058 -8.08989 2
      vertex 30.4097 -8.05965 2
    endloop
  endfacet
  facet normal -0.146703 0.989181 0
    outer loop
      vertex 30.2058 -8.08989 2
      vertex 30.4097 -8.05965 0
      vertex 30.2058 -8.08989 0
    endloop
  endfacet
  facet normal -0.513996 0.857792 0
    outer loop
      vertex 31.1667 -7.74609 0
      vertex 30.9899 -7.85203 2
      vertex 31.1667 -7.74609 2
    endloop
  endfacet
  facet normal -0.513996 0.857792 0
    outer loop
      vertex 30.9899 -7.85203 2
      vertex 31.1667 -7.74609 0
      vertex 30.9899 -7.85203 0
    endloop
  endfacet
  facet normal 0.740927 0.671585 0
    outer loop
      vertex 28.5151 -7.48492 2
      vertex 28.3767 -7.33223 0
      vertex 28.3767 -7.33223 2
    endloop
  endfacet
  facet normal 0.740927 0.671585 0
    outer loop
      vertex 28.3767 -7.33223 0
      vertex 28.5151 -7.48492 2
      vertex 28.5151 -7.48492 0
    endloop
  endfacet
  facet normal -0.427582 0.903977 0
    outer loop
      vertex 30.9899 -7.85203 0
      vertex 30.8036 -7.94015 2
      vertex 30.9899 -7.85203 2
    endloop
  endfacet
  facet normal -0.427582 0.903977 0
    outer loop
      vertex 30.8036 -7.94015 2
      vertex 30.9899 -7.85203 0
      vertex 30.8036 -7.94015 0
    endloop
  endfacet
  facet normal -0.941429 0.337212 0
    outer loop
      vertex 31.9401 -6.80363 0
      vertex 32.0096 -6.6096 2
      vertex 32.0096 -6.6096 0
    endloop
  endfacet
  facet normal -0.941429 0.337212 0
    outer loop
      vertex 32.0096 -6.6096 2
      vertex 31.9401 -6.80363 0
      vertex 31.9401 -6.80363 2
    endloop
  endfacet
  facet normal -0.989133 0.147023 0
    outer loop
      vertex 32.0596 -6.40969 0
      vertex 32.0899 -6.20584 2
      vertex 32.0899 -6.20584 0
    endloop
  endfacet
  facet normal -0.989133 0.147023 0
    outer loop
      vertex 32.0899 -6.20584 2
      vertex 32.0596 -6.40969 0
      vertex 32.0596 -6.40969 2
    endloop
  endfacet
  facet normal -0.998798 0.0490083 0
    outer loop
      vertex 32.0899 -6.20584 0
      vertex 32.1 -6 2
      vertex 32.1 -6 0
    endloop
  endfacet
  facet normal -0.998798 0.0490083 0
    outer loop
      vertex 32.1 -6 2
      vertex 32.0899 -6.20584 0
      vertex 32.0899 -6.20584 2
    endloop
  endfacet
  facet normal -0.904014 0.427502 0
    outer loop
      vertex 31.852 -6.98993 0
      vertex 31.9401 -6.80363 2
      vertex 31.9401 -6.80363 0
    endloop
  endfacet
  facet normal -0.904014 0.427502 0
    outer loop
      vertex 31.9401 -6.80363 2
      vertex 31.852 -6.98993 0
      vertex 31.852 -6.98993 2
    endloop
  endfacet
  facet normal -0.85784 0.513918 0
    outer loop
      vertex 31.7461 -7.1667 0
      vertex 31.852 -6.98993 2
      vertex 31.852 -6.98993 0
    endloop
  endfacet
  facet normal -0.85784 0.513918 0
    outer loop
      vertex 31.852 -6.98993 2
      vertex 31.7461 -7.1667 0
      vertex 31.7461 -7.1667 2
    endloop
  endfacet
  facet normal -0.803127 0.595808 0
    outer loop
      vertex 31.6233 -7.33223 0
      vertex 31.7461 -7.1667 2
      vertex 31.7461 -7.1667 0
    endloop
  endfacet
  facet normal -0.803127 0.595808 0
    outer loop
      vertex 31.7461 -7.1667 2
      vertex 31.6233 -7.33223 0
      vertex 31.6233 -7.33223 2
    endloop
  endfacet
  facet normal 0.998798 0.0490083 0
    outer loop
      vertex 27.9101 -6.20584 2
      vertex 27.9 -6 0
      vertex 27.9 -6 2
    endloop
  endfacet
  facet normal 0.998798 0.0490083 0
    outer loop
      vertex 27.9 -6 0
      vertex 27.9101 -6.20584 2
      vertex 27.9101 -6.20584 0
    endloop
  endfacet
  facet normal 0.989133 0.147023 0
    outer loop
      vertex 27.9404 -6.40969 2
      vertex 27.9101 -6.20584 0
      vertex 27.9101 -6.20584 2
    endloop
  endfacet
  facet normal 0.989133 0.147023 0
    outer loop
      vertex 27.9101 -6.20584 0
      vertex 27.9404 -6.40969 2
      vertex 27.9404 -6.40969 0
    endloop
  endfacet
  facet normal -0.336914 0.941535 0
    outer loop
      vertex 30.8036 -7.94015 0
      vertex 30.6096 -8.00957 2
      vertex 30.8036 -7.94015 2
    endloop
  endfacet
  facet normal -0.336914 0.941535 0
    outer loop
      vertex 30.6096 -8.00957 2
      vertex 30.8036 -7.94015 0
      vertex 30.6096 -8.00957 0
    endloop
  endfacet
  facet normal -0.243015 0.970022 0
    outer loop
      vertex 30.6096 -8.00957 0
      vertex 30.4097 -8.05965 2
      vertex 30.6096 -8.00957 2
    endloop
  endfacet
  facet normal -0.243015 0.970022 0
    outer loop
      vertex 30.4097 -8.05965 2
      vertex 30.6096 -8.00957 0
      vertex 30.4097 -8.05965 0
    endloop
  endfacet
  facet normal -0.671561 0.740949 0
    outer loop
      vertex 31.4849 -7.48492 0
      vertex 31.3322 -7.62332 2
      vertex 31.4849 -7.48492 2
    endloop
  endfacet
  facet normal -0.671561 0.740949 0
    outer loop
      vertex 31.3322 -7.62332 2
      vertex 31.4849 -7.48492 0
      vertex 31.3322 -7.62332 0
    endloop
  endfacet
  facet normal -0.595783 0.803145 0
    outer loop
      vertex 31.3322 -7.62332 0
      vertex 31.1667 -7.74609 2
      vertex 31.3322 -7.62332 2
    endloop
  endfacet
  facet normal -0.595783 0.803145 0
    outer loop
      vertex 31.1667 -7.74609 2
      vertex 31.3322 -7.62332 0
      vertex 31.1667 -7.74609 0
    endloop
  endfacet
  facet normal -0.0490662 0.998796 0
    outer loop
      vertex 30.2058 -8.08989 0
      vertex 30 -8.1 2
      vertex 30.2058 -8.08989 2
    endloop
  endfacet
  facet normal -0.0490662 0.998796 0
    outer loop
      vertex 30 -8.1 2
      vertex 30.2058 -8.08989 0
      vertex 30 -8.1 0
    endloop
  endfacet
  facet normal 0.146703 0.989181 -0
    outer loop
      vertex 29.7942 -8.08989 0
      vertex 29.5903 -8.05965 2
      vertex 29.7942 -8.08989 2
    endloop
  endfacet
  facet normal 0.146703 0.989181 0
    outer loop
      vertex 29.5903 -8.05965 2
      vertex 29.7942 -8.08989 0
      vertex 29.5903 -8.05965 0
    endloop
  endfacet
  facet normal 0.336914 0.941535 -0
    outer loop
      vertex 29.3904 -8.00957 0
      vertex 29.1964 -7.94015 2
      vertex 29.3904 -8.00957 2
    endloop
  endfacet
  facet normal 0.336914 0.941535 0
    outer loop
      vertex 29.1964 -7.94015 2
      vertex 29.3904 -8.00957 0
      vertex 29.1964 -7.94015 0
    endloop
  endfacet
  facet normal 0.671561 0.740949 -0
    outer loop
      vertex 28.6678 -7.62332 0
      vertex 28.5151 -7.48492 2
      vertex 28.6678 -7.62332 2
    endloop
  endfacet
  facet normal 0.671561 0.740949 0
    outer loop
      vertex 28.5151 -7.48492 2
      vertex 28.6678 -7.62332 0
      vertex 28.5151 -7.48492 0
    endloop
  endfacet
  facet normal 0.85784 0.513918 0
    outer loop
      vertex 28.2539 -7.1667 2
      vertex 28.148 -6.98993 0
      vertex 28.148 -6.98993 2
    endloop
  endfacet
  facet normal 0.85784 0.513918 0
    outer loop
      vertex 28.148 -6.98993 0
      vertex 28.2539 -7.1667 2
      vertex 28.2539 -7.1667 0
    endloop
  endfacet
  facet normal 0.941429 0.337212 0
    outer loop
      vertex 28.0599 -6.80363 2
      vertex 27.9904 -6.6096 0
      vertex 27.9904 -6.6096 2
    endloop
  endfacet
  facet normal 0.941429 0.337212 0
    outer loop
      vertex 27.9904 -6.6096 0
      vertex 28.0599 -6.80363 2
      vertex 28.0599 -6.80363 0
    endloop
  endfacet
  facet normal 0.970117 0.242638 0
    outer loop
      vertex 27.9904 -6.6096 2
      vertex 27.9404 -6.40969 0
      vertex 27.9404 -6.40969 2
    endloop
  endfacet
  facet normal 0.970117 0.242638 0
    outer loop
      vertex 27.9404 -6.40969 0
      vertex 27.9904 -6.6096 2
      vertex 27.9904 -6.6096 0
    endloop
  endfacet
  facet normal -0.740927 0.671585 0
    outer loop
      vertex 31.4849 -7.48492 0
      vertex 31.6233 -7.33223 2
      vertex 31.6233 -7.33223 0
    endloop
  endfacet
  facet normal -0.740927 0.671585 0
    outer loop
      vertex 31.6233 -7.33223 2
      vertex 31.4849 -7.48492 0
      vertex 31.4849 -7.48492 2
    endloop
  endfacet
  facet normal 0.243015 0.970022 -0
    outer loop
      vertex 29.5903 -8.05965 0
      vertex 29.3904 -8.00957 2
      vertex 29.5903 -8.05965 2
    endloop
  endfacet
  facet normal 0.243015 0.970022 0
    outer loop
      vertex 29.3904 -8.00957 2
      vertex 29.5903 -8.05965 0
      vertex 29.3904 -8.00957 0
    endloop
  endfacet
  facet normal 0.595783 0.803145 -0
    outer loop
      vertex 28.8333 -7.74609 0
      vertex 28.6678 -7.62332 2
      vertex 28.8333 -7.74609 2
    endloop
  endfacet
  facet normal 0.595783 0.803145 0
    outer loop
      vertex 28.6678 -7.62332 2
      vertex 28.8333 -7.74609 0
      vertex 28.6678 -7.62332 0
    endloop
  endfacet
  facet normal 0.427582 0.903977 -0
    outer loop
      vertex 29.1964 -7.94015 0
      vertex 29.0101 -7.85203 2
      vertex 29.1964 -7.94015 2
    endloop
  endfacet
  facet normal 0.427582 0.903977 0
    outer loop
      vertex 29.0101 -7.85203 2
      vertex 29.1964 -7.94015 0
      vertex 29.0101 -7.85203 0
    endloop
  endfacet
  facet normal 0.803127 0.595808 0
    outer loop
      vertex 28.3767 -7.33223 2
      vertex 28.2539 -7.1667 0
      vertex 28.2539 -7.1667 2
    endloop
  endfacet
  facet normal 0.803127 0.595808 0
    outer loop
      vertex 28.2539 -7.1667 0
      vertex 28.3767 -7.33223 2
      vertex 28.3767 -7.33223 0
    endloop
  endfacet
  facet normal 0.904014 0.427502 0
    outer loop
      vertex 28.148 -6.98993 2
      vertex 28.0599 -6.80363 0
      vertex 28.0599 -6.80363 2
    endloop
  endfacet
  facet normal 0.904014 0.427502 0
    outer loop
      vertex 28.0599 -6.80363 0
      vertex 28.148 -6.98993 2
      vertex 28.148 -6.98993 0
    endloop
  endfacet
  facet normal 0.513996 0.857792 -0
    outer loop
      vertex 29.0101 -7.85203 0
      vertex 28.8333 -7.74609 2
      vertex 29.0101 -7.85203 2
    endloop
  endfacet
  facet normal 0.513996 0.857792 0
    outer loop
      vertex 28.8333 -7.74609 2
      vertex 29.0101 -7.85203 0
      vertex 28.8333 -7.74609 0
    endloop
  endfacet
  facet normal 1 -0 0
    outer loop
      vertex 27.9 -6 2
      vertex 27.9 -3.39917 0
      vertex 27.9 -3.39917 2
    endloop
  endfacet
  facet normal 1 0 0
    outer loop
      vertex 27.9 -3.39917 0
      vertex 27.9 -6 2
      vertex 27.9 -6 0
    endloop
  endfacet
  facet normal -1 0 0
    outer loop
      vertex 32.1 -6 0
      vertex 32.1 -3.39917 2
      vertex 32.1 -3.39917 0
    endloop
  endfacet
  facet normal -1 -0 0
    outer loop
      vertex 32.1 -3.39917 2
      vertex 32.1 -6 0
      vertex 32.1 -6 2
    endloop
  endfacet
  facet normal 1 -0 0
    outer loop
      vertex 41.15 -7.5 2
      vertex 41.15 7.5 1.99
      vertex 41.15 7.5 2
    endloop
  endfacet
  facet normal 1 0 0
    outer loop
      vertex 41.15 7.5 1.99
      vertex 41.15 -7.5 2
      vertex 41.15 -7.5 1.99
    endloop
  endfacet
  facet normal 0 -1 0
    outer loop
      vertex 41.15 7.5 1.99
      vertex 43.8 7.5 2
      vertex 41.15 7.5 2
    endloop
  endfacet
  facet normal 0 -1 -0
    outer loop
      vertex 43.8 7.5 2
      vertex 41.15 7.5 1.99
      vertex 45.2 7.5 2
    endloop
  endfacet
  facet normal 0 -1 0
    outer loop
      vertex 48.05 7.5 1.99
      vertex 45.2 7.5 2
      vertex 41.15 7.5 1.99
    endloop
  endfacet
  facet normal 0 -1 0
    outer loop
      vertex 45.2 7.5 2
      vertex 48.05 7.5 1.99
      vertex 48.05 7.5 2
    endloop
  endfacet
  facet normal 0 -1 0
    outer loop
      vertex 43.8 7.5 2
      vertex 45.2 7.5 9.99
      vertex 43.8 7.5 9.99
    endloop
  endfacet
  facet normal 0 -1 -0
    outer loop
      vertex 45.2 7.5 9.99
      vertex 43.8 7.5 2
      vertex 45.2 7.5 2
    endloop
  endfacet
  facet normal -0 0 1
    outer loop
      vertex 41.15 7.5 1.99
      vertex 48.05 -7.5 1.99
      vertex 48.05 7.5 1.99
    endloop
  endfacet
  facet normal 0 0 1
    outer loop
      vertex 48.05 -7.5 1.99
      vertex 41.15 7.5 1.99
      vertex 41.15 -7.5 1.99
    endloop
  endfacet
  facet normal 0 1 -0
    outer loop
      vertex 48.05 -7.5 1.99
      vertex 45.2 -7.5 2
      vertex 48.05 -7.5 2
    endloop
  endfacet
  facet normal 0 1 0
    outer loop
      vertex 45.2 -7.5 2
      vertex 48.05 -7.5 1.99
      vertex 43.8 -7.5 2
    endloop
  endfacet
  facet normal 0 1 0
    outer loop
      vertex 41.15 -7.5 1.99
      vertex 43.8 -7.5 2
      vertex 48.05 -7.5 1.99
    endloop
  endfacet
  facet normal 0 1 0
    outer loop
      vertex 43.8 -7.5 2
      vertex 41.15 -7.5 1.99
      vertex 41.15 -7.5 2
    endloop
  endfacet
  facet normal 0 1 -0
    outer loop
      vertex 45.2 -7.5 2
      vertex 43.8 -7.5 9.99
      vertex 45.2 -7.5 9.99
    endloop
  endfacet
  facet normal 0 1 0
    outer loop
      vertex 43.8 -7.5 9.99
      vertex 45.2 -7.5 2
      vertex 43.8 -7.5 2
    endloop
  endfacet
endsolid OpenSCAD_Model
