solid OpenSCAD_Model
  facet normal -0.427524 0.904004 0
    outer loop
      vertex 41.6684 -25.5568 9.15
      vertex 41.2603 -25.7498 10.65
      vertex 41.6684 -25.5568 10.65
    endloop
  endfacet
  facet normal -0.427524 0.904004 0
    outer loop
      vertex 41.2603 -25.7498 10.65
      vertex 41.6684 -25.5568 9.15
      vertex 41.2603 -25.7498 9.15
    endloop
  endfacet
  facet normal -0.514137 0.857708 0
    outer loop
      vertex 42.0556 -25.3247 9.15
      vertex 41.6684 -25.5568 10.65
      vertex 42.0556 -25.3247 10.65
    endloop
  endfacet
  facet normal -0.514137 0.857708 0
    outer loop
      vertex 41.6684 -25.5568 10.65
      vertex 42.0556 -25.3247 9.15
      vertex 41.6684 -25.5568 9.15
    endloop
  endfacet
  facet normal 1 -0 0
    outer loop
      vertex -44.1 -21.5 10.65
      vertex -44.1 21.5 9.15
      vertex -44.1 21.5 10.65
    endloop
  endfacet
  facet normal 1 0 0
    outer loop
      vertex -44.1 21.5 9.15
      vertex -44.1 -21.5 10.65
      vertex -44.1 -21.5 9.15
    endloop
  endfacet
  facet normal -1 0 0
    outer loop
      vertex 44.1 6.5 9.15
      vertex 44.1 21.5 10.65
      vertex 44.1 21.5 9.15
    endloop
  endfacet
  facet normal -1 -0 0
    outer loop
      vertex 44.1 21.5 10.65
      vertex 44.1 6.5 9.15
      vertex 44.1 6.5 10.65
    endloop
  endfacet
  facet normal -1 0 0
    outer loop
      vertex 44.1 -21.5 9.15
      vertex 44.1 -6.5 10.65
      vertex 44.1 -6.5 9.15
    endloop
  endfacet
  facet normal -1 -0 0
    outer loop
      vertex 44.1 -6.5 10.65
      vertex 44.1 -21.5 9.15
      vertex 44.1 -21.5 10.65
    endloop
  endfacet
  facet normal 0 1 -0
    outer loop
      vertex 39.5 -26.1 9.15
      vertex -39.5 -26.1 10.65
      vertex 39.5 -26.1 10.65
    endloop
  endfacet
  facet normal 0 1 0
    outer loop
      vertex -39.5 -26.1 10.65
      vertex 39.5 -26.1 9.15
      vertex -39.5 -26.1 9.15
    endloop
  endfacet
  facet normal -0.243005 0.970025 0
    outer loop
      vertex 40.8353 -25.9019 9.15
      vertex 40.3974 -26.0116 10.65
      vertex 40.8353 -25.9019 10.65
    endloop
  endfacet
  facet normal -0.243005 0.970025 0
    outer loop
      vertex 40.3974 -26.0116 10.65
      vertex 40.8353 -25.9019 9.15
      vertex 40.3974 -26.0116 9.15
    endloop
  endfacet
  facet normal 0 -1 0
    outer loop
      vertex -39.5 26.1 9.15
      vertex 39.5 26.1 10.65
      vertex -39.5 26.1 10.65
    endloop
  endfacet
  facet normal 0 -1 -0
    outer loop
      vertex 39.5 26.1 10.65
      vertex -39.5 26.1 9.15
      vertex 39.5 26.1 9.15
    endloop
  endfacet
  facet normal 0.67147 -0.741032 0
    outer loop
      vertex -42.7527 24.7527 9.15
      vertex -42.4182 25.0558 10.65
      vertex -42.7527 24.7527 10.65
    endloop
  endfacet
  facet normal 0.67147 -0.741032 0
    outer loop
      vertex -42.4182 25.0558 10.65
      vertex -42.7527 24.7527 9.15
      vertex -42.4182 25.0558 9.15
    endloop
  endfacet
  facet normal 0.741032 -0.67147 0
    outer loop
      vertex -43.0558 24.4182 10.65
      vertex -42.7527 24.7527 9.15
      vertex -42.7527 24.7527 10.65
    endloop
  endfacet
  facet normal 0.741032 -0.67147 0
    outer loop
      vertex -42.7527 24.7527 9.15
      vertex -43.0558 24.4182 10.65
      vertex -43.0558 24.4182 9.15
    endloop
  endfacet
  facet normal 0 0 -1
    outer loop
      vertex 44.0778 -21.9509 10.65
      vertex 43.2817 -21.8725 10.65
      vertex 43.3 -21.5 10.65
    endloop
  endfacet
  facet normal 0 0 -1
    outer loop
      vertex 43.5568 -23.6684 10.65
      vertex 43.227 -22.2413 10.65
      vertex 43.2817 -21.8725 10.65
    endloop
  endfacet
  facet normal 0 0 -1
    outer loop
      vertex 43.5568 -23.6684 10.65
      vertex 43.1364 -22.6031 10.65
      vertex 43.227 -22.2413 10.65
    endloop
  endfacet
  facet normal 0 0 -1
    outer loop
      vertex 42.6596 -23.6111 10.65
      vertex 43.3247 -24.0556 10.65
      vertex 43.0558 -24.4182 10.65
    endloop
  endfacet
  facet normal 0 0 -1
    outer loop
      vertex 43.5568 -23.6684 10.65
      vertex 43.0107 -22.9542 10.65
      vertex 43.1364 -22.6031 10.65
    endloop
  endfacet
  facet normal 0 0 -1
    outer loop
      vertex 43.5568 -23.6684 10.65
      vertex 42.8513 -23.2913 10.65
      vertex 43.0107 -22.9542 10.65
    endloop
  endfacet
  facet normal 0 0 -1
    outer loop
      vertex 42.4374 -23.9107 10.65
      vertex 43.0558 -24.4182 10.65
      vertex 42.7527 -24.7527 10.65
    endloop
  endfacet
  facet normal 0 0 -1
    outer loop
      vertex 43.3247 -24.0556 10.65
      vertex 42.6596 -23.6111 10.65
      vertex 42.8513 -23.2913 10.65
    endloop
  endfacet
  facet normal 0 0 -1
    outer loop
      vertex 43.0558 -24.4182 10.65
      vertex 42.4374 -23.9107 10.65
      vertex 42.6596 -23.6111 10.65
    endloop
  endfacet
  facet normal 0 0 -1
    outer loop
      vertex 42.187 -24.187 10.65
      vertex 42.7527 -24.7527 10.65
      vertex 42.4182 -25.0558 10.65
    endloop
  endfacet
  facet normal 0 0 -1
    outer loop
      vertex 42.7527 -24.7527 10.65
      vertex 42.187 -24.187 10.65
      vertex 42.4374 -23.9107 10.65
    endloop
  endfacet
  facet normal 0 0 -1
    outer loop
      vertex 41.9107 -24.4374 10.65
      vertex 42.4182 -25.0558 10.65
      vertex 42.0556 -25.3247 10.65
    endloop
  endfacet
  facet normal 0 0 -1
    outer loop
      vertex 42.4182 -25.0558 10.65
      vertex 41.9107 -24.4374 10.65
      vertex 42.187 -24.187 10.65
    endloop
  endfacet
  facet normal 0 0 -1
    outer loop
      vertex 41.6111 -24.6596 10.65
      vertex 42.0556 -25.3247 10.65
      vertex 41.6684 -25.5568 10.65
    endloop
  endfacet
  facet normal 0 0 -1
    outer loop
      vertex 42.0556 -25.3247 10.65
      vertex 41.6111 -24.6596 10.65
      vertex 41.9107 -24.4374 10.65
    endloop
  endfacet
  facet normal 0 0 -1
    outer loop
      vertex 41.6684 -25.5568 10.65
      vertex 41.2913 -24.8513 10.65
      vertex 41.6111 -24.6596 10.65
    endloop
  endfacet
  facet normal 0 0 -1
    outer loop
      vertex 41.2603 -25.7498 10.65
      vertex 41.2913 -24.8513 10.65
      vertex 41.6684 -25.5568 10.65
    endloop
  endfacet
  facet normal 0 0 -1
    outer loop
      vertex 41.2603 -25.7498 10.65
      vertex 40.9542 -25.0107 10.65
      vertex 41.2913 -24.8513 10.65
    endloop
  endfacet
  facet normal 0 0 -1
    outer loop
      vertex 40.8353 -25.9019 10.65
      vertex 40.9542 -25.0107 10.65
      vertex 41.2603 -25.7498 10.65
    endloop
  endfacet
  facet normal 0 0 -1
    outer loop
      vertex 40.8353 -25.9019 10.65
      vertex 40.6031 -25.1364 10.65
      vertex 40.9542 -25.0107 10.65
    endloop
  endfacet
  facet normal 0 0 -1
    outer loop
      vertex 40.3974 -26.0116 10.65
      vertex 40.6031 -25.1364 10.65
      vertex 40.8353 -25.9019 10.65
    endloop
  endfacet
  facet normal 0 0 -1
    outer loop
      vertex 40.3974 -26.0116 10.65
      vertex 40.2413 -25.227 10.65
      vertex 40.6031 -25.1364 10.65
    endloop
  endfacet
  facet normal 0 0 -1
    outer loop
      vertex 39.9509 -26.0778 10.65
      vertex 40.2413 -25.227 10.65
      vertex 40.3974 -26.0116 10.65
    endloop
  endfacet
  facet normal 0 0 -1
    outer loop
      vertex 39.9509 -26.0778 10.65
      vertex 39.8725 -25.2817 10.65
      vertex 40.2413 -25.227 10.65
    endloop
  endfacet
  facet normal 0 0 -1
    outer loop
      vertex 39.5 -26.1 10.65
      vertex 39.8725 -25.2817 10.65
      vertex 39.9509 -26.0778 10.65
    endloop
  endfacet
  facet normal 0 0 -1
    outer loop
      vertex 39.5 -26.1 10.65
      vertex 39.5 -25.3 10.65
      vertex 39.8725 -25.2817 10.65
    endloop
  endfacet
  facet normal 0 0 -1
    outer loop
      vertex -39.5 -26.1 10.65
      vertex 39.5 -25.3 10.65
      vertex 39.5 -26.1 10.65
    endloop
  endfacet
  facet normal 0 0 -1
    outer loop
      vertex -39.5 -26.1 10.65
      vertex -39.5 -25.3 10.65
      vertex 39.5 -25.3 10.65
    endloop
  endfacet
  facet normal 0 0 -1
    outer loop
      vertex -39.5 -26.1 10.65
      vertex -39.8725 -25.2817 10.65
      vertex -39.5 -25.3 10.65
    endloop
  endfacet
  facet normal 0 0 -1
    outer loop
      vertex -39.9509 -26.0778 10.65
      vertex -39.8725 -25.2817 10.65
      vertex -39.5 -26.1 10.65
    endloop
  endfacet
  facet normal 0 0 -1
    outer loop
      vertex -39.9509 -26.0778 10.65
      vertex -40.2413 -25.227 10.65
      vertex -39.8725 -25.2817 10.65
    endloop
  endfacet
  facet normal 0 0 -1
    outer loop
      vertex -40.3974 -26.0116 10.65
      vertex -40.2413 -25.227 10.65
      vertex -39.9509 -26.0778 10.65
    endloop
  endfacet
  facet normal 0 0 -1
    outer loop
      vertex -40.3974 -26.0116 10.65
      vertex -40.6031 -25.1364 10.65
      vertex -40.2413 -25.227 10.65
    endloop
  endfacet
  facet normal 0 0 -1
    outer loop
      vertex -40.8353 -25.9019 10.65
      vertex -40.6031 -25.1364 10.65
      vertex -40.3974 -26.0116 10.65
    endloop
  endfacet
  facet normal 0 0 -1
    outer loop
      vertex -40.8353 -25.9019 10.65
      vertex -40.9542 -25.0107 10.65
      vertex -40.6031 -25.1364 10.65
    endloop
  endfacet
  facet normal 0 0 -1
    outer loop
      vertex -41.2603 -25.7498 10.65
      vertex -40.9542 -25.0107 10.65
      vertex -40.8353 -25.9019 10.65
    endloop
  endfacet
  facet normal 0 0 -1
    outer loop
      vertex -41.2603 -25.7498 10.65
      vertex -41.2913 -24.8513 10.65
      vertex -40.9542 -25.0107 10.65
    endloop
  endfacet
  facet normal 0 0 -1
    outer loop
      vertex -41.6684 -25.5568 10.65
      vertex -41.2913 -24.8513 10.65
      vertex -41.2603 -25.7498 10.65
    endloop
  endfacet
  facet normal -0 0 -1
    outer loop
      vertex -41.2913 -24.8513 10.65
      vertex -41.6684 -25.5568 10.65
      vertex -41.6111 -24.6596 10.65
    endloop
  endfacet
  facet normal 0 0 -1
    outer loop
      vertex -42.0556 -25.3247 10.65
      vertex -41.6111 -24.6596 10.65
      vertex -41.6684 -25.5568 10.65
    endloop
  endfacet
  facet normal -0 0 -1
    outer loop
      vertex -41.6111 -24.6596 10.65
      vertex -42.0556 -25.3247 10.65
      vertex -41.9107 -24.4374 10.65
    endloop
  endfacet
  facet normal 0 0 -1
    outer loop
      vertex -42.4182 -25.0558 10.65
      vertex -41.9107 -24.4374 10.65
      vertex -42.0556 -25.3247 10.65
    endloop
  endfacet
  facet normal -0 0 -1
    outer loop
      vertex -41.9107 -24.4374 10.65
      vertex -42.4182 -25.0558 10.65
      vertex -42.187 -24.187 10.65
    endloop
  endfacet
  facet normal 0 0 -1
    outer loop
      vertex -42.7527 -24.7527 10.65
      vertex -42.187 -24.187 10.65
      vertex -42.4182 -25.0558 10.65
    endloop
  endfacet
  facet normal -0 0 -1
    outer loop
      vertex -42.187 -24.187 10.65
      vertex -42.7527 -24.7527 10.65
      vertex -42.4374 -23.9107 10.65
    endloop
  endfacet
  facet normal 0 0 -1
    outer loop
      vertex -43.0558 -24.4182 10.65
      vertex -42.4374 -23.9107 10.65
      vertex -42.7527 -24.7527 10.65
    endloop
  endfacet
  facet normal -0 0 -1
    outer loop
      vertex -42.4374 -23.9107 10.65
      vertex -43.0558 -24.4182 10.65
      vertex -42.6596 -23.6111 10.65
    endloop
  endfacet
  facet normal 0 0 -1
    outer loop
      vertex -43.3247 -24.0556 10.65
      vertex -42.6596 -23.6111 10.65
      vertex -43.0558 -24.4182 10.65
    endloop
  endfacet
  facet normal -0 0 -1
    outer loop
      vertex -42.6596 -23.6111 10.65
      vertex -43.3247 -24.0556 10.65
      vertex -42.8513 -23.2913 10.65
    endloop
  endfacet
  facet normal 0 0 -1
    outer loop
      vertex -43.5568 -23.6684 10.65
      vertex -42.8513 -23.2913 10.65
      vertex -43.3247 -24.0556 10.65
    endloop
  endfacet
  facet normal -0 0 -1
    outer loop
      vertex -42.8513 -23.2913 10.65
      vertex -43.5568 -23.6684 10.65
      vertex -43.0107 -22.9542 10.65
    endloop
  endfacet
  facet normal 0 0 -1
    outer loop
      vertex -43.7498 -23.2603 10.65
      vertex -43.0107 -22.9542 10.65
      vertex -43.5568 -23.6684 10.65
    endloop
  endfacet
  facet normal -0 0 -1
    outer loop
      vertex -43.1364 -22.6031 10.65
      vertex -43.9019 -22.8353 10.65
      vertex -43.227 -22.2413 10.65
    endloop
  endfacet
  facet normal 0 0 -1
    outer loop
      vertex -43.9019 -22.8353 10.65
      vertex -43.1364 -22.6031 10.65
      vertex -43.7498 -23.2603 10.65
    endloop
  endfacet
  facet normal -0 0 -1
    outer loop
      vertex -43.0107 -22.9542 10.65
      vertex -43.7498 -23.2603 10.65
      vertex -43.1364 -22.6031 10.65
    endloop
  endfacet
  facet normal 0 0 -1
    outer loop
      vertex 43.3 -21.5 10.65
      vertex 44.1 -21.5 10.65
      vertex 44.0778 -21.9509 10.65
    endloop
  endfacet
  facet normal 0 0 -1
    outer loop
      vertex 43.2817 -21.8725 10.65
      vertex 44.0778 -21.9509 10.65
      vertex 44.0116 -22.3974 10.65
    endloop
  endfacet
  facet normal 0 0 -1
    outer loop
      vertex 43.2817 -21.8725 10.65
      vertex 44.0116 -22.3974 10.65
      vertex 43.9019 -22.8353 10.65
    endloop
  endfacet
  facet normal 0 0 -1
    outer loop
      vertex 43.2817 -21.8725 10.65
      vertex 43.9019 -22.8353 10.65
      vertex 43.7498 -23.2603 10.65
    endloop
  endfacet
  facet normal 0 0 -1
    outer loop
      vertex 43.2817 -21.8725 10.65
      vertex 43.7498 -23.2603 10.65
      vertex 43.5568 -23.6684 10.65
    endloop
  endfacet
  facet normal 0 0 -1
    outer loop
      vertex 42.8513 -23.2913 10.65
      vertex 43.5568 -23.6684 10.65
      vertex 43.3247 -24.0556 10.65
    endloop
  endfacet
  facet normal 0 0 -1
    outer loop
      vertex 44.1 -21.5 10.65
      vertex 43.3 -21.5 10.65
      vertex 44.1 -6.5 10.65
    endloop
  endfacet
  facet normal -0 0 -1
    outer loop
      vertex 44.1 -6.5 10.65
      vertex 43.3 -21.5 10.65
      vertex 43.3 -6.5 10.65
    endloop
  endfacet
  facet normal 0 0 -1
    outer loop
      vertex 43.3 21.5 10.65
      vertex 44.1 21.5 10.65
      vertex 44.1 6.5 10.65
    endloop
  endfacet
  facet normal 0 0 -1
    outer loop
      vertex 44.1 21.5 10.65
      vertex 43.3 21.5 10.65
      vertex 44.0778 21.9509 10.65
    endloop
  endfacet
  facet normal 0 0 -1
    outer loop
      vertex 43.2817 21.8725 10.65
      vertex 44.0778 21.9509 10.65
      vertex 43.3 21.5 10.65
    endloop
  endfacet
  facet normal -0 0 -1
    outer loop
      vertex 44.0778 21.9509 10.65
      vertex 43.2817 21.8725 10.65
      vertex 44.0116 22.3974 10.65
    endloop
  endfacet
  facet normal 0 0 -1
    outer loop
      vertex 43.227 22.2413 10.65
      vertex 44.0116 22.3974 10.65
      vertex 43.2817 21.8725 10.65
    endloop
  endfacet
  facet normal -0 0 -1
    outer loop
      vertex 44.0116 22.3974 10.65
      vertex 43.227 22.2413 10.65
      vertex 43.9019 22.8353 10.65
    endloop
  endfacet
  facet normal 0 0 -1
    outer loop
      vertex 43.3 21.5 10.65
      vertex 44.1 6.5 10.65
      vertex 43.3 6.5 10.65
    endloop
  endfacet
  facet normal 0 0 -1
    outer loop
      vertex 43.1364 22.6031 10.65
      vertex 43.9019 22.8353 10.65
      vertex 43.227 22.2413 10.65
    endloop
  endfacet
  facet normal -0 0 -1
    outer loop
      vertex 43.9019 22.8353 10.65
      vertex 43.1364 22.6031 10.65
      vertex 43.7498 23.2603 10.65
    endloop
  endfacet
  facet normal 0 0 -1
    outer loop
      vertex 43.0107 22.9542 10.65
      vertex 43.7498 23.2603 10.65
      vertex 43.1364 22.6031 10.65
    endloop
  endfacet
  facet normal -0 0 -1
    outer loop
      vertex 43.7498 23.2603 10.65
      vertex 43.0107 22.9542 10.65
      vertex 43.5568 23.6684 10.65
    endloop
  endfacet
  facet normal 0 0 -1
    outer loop
      vertex 42.8513 23.2913 10.65
      vertex 43.5568 23.6684 10.65
      vertex 43.0107 22.9542 10.65
    endloop
  endfacet
  facet normal -0 0 -1
    outer loop
      vertex 43.5568 23.6684 10.65
      vertex 42.8513 23.2913 10.65
      vertex 43.3247 24.0556 10.65
    endloop
  endfacet
  facet normal 0 0 -1
    outer loop
      vertex 42.6596 23.6111 10.65
      vertex 43.3247 24.0556 10.65
      vertex 42.8513 23.2913 10.65
    endloop
  endfacet
  facet normal -0 0 -1
    outer loop
      vertex 43.3247 24.0556 10.65
      vertex 42.6596 23.6111 10.65
      vertex 43.0558 24.4182 10.65
    endloop
  endfacet
  facet normal 0 0 -1
    outer loop
      vertex 42.4374 23.9107 10.65
      vertex 43.0558 24.4182 10.65
      vertex 42.6596 23.6111 10.65
    endloop
  endfacet
  facet normal -0 0 -1
    outer loop
      vertex 43.0558 24.4182 10.65
      vertex 42.4374 23.9107 10.65
      vertex 42.7527 24.7527 10.65
    endloop
  endfacet
  facet normal 0 0 -1
    outer loop
      vertex 42.187 24.187 10.65
      vertex 42.7527 24.7527 10.65
      vertex 42.4374 23.9107 10.65
    endloop
  endfacet
  facet normal -0 0 -1
    outer loop
      vertex 42.7527 24.7527 10.65
      vertex 42.187 24.187 10.65
      vertex 42.4182 25.0558 10.65
    endloop
  endfacet
  facet normal 0 0 -1
    outer loop
      vertex 41.9107 24.4374 10.65
      vertex 42.4182 25.0558 10.65
      vertex 42.187 24.187 10.65
    endloop
  endfacet
  facet normal -0 0 -1
    outer loop
      vertex 42.4182 25.0558 10.65
      vertex 41.9107 24.4374 10.65
      vertex 42.0556 25.3247 10.65
    endloop
  endfacet
  facet normal 0 0 -1
    outer loop
      vertex 41.6111 24.6596 10.65
      vertex 42.0556 25.3247 10.65
      vertex 41.9107 24.4374 10.65
    endloop
  endfacet
  facet normal -0 0 -1
    outer loop
      vertex 42.0556 25.3247 10.65
      vertex 41.6111 24.6596 10.65
      vertex 41.6684 25.5568 10.65
    endloop
  endfacet
  facet normal 0 0 -1
    outer loop
      vertex 41.2913 24.8513 10.65
      vertex 41.6684 25.5568 10.65
      vertex 41.6111 24.6596 10.65
    endloop
  endfacet
  facet normal 0 0 -1
    outer loop
      vertex 41.2913 24.8513 10.65
      vertex 41.2603 25.7498 10.65
      vertex 41.6684 25.5568 10.65
    endloop
  endfacet
  facet normal 0 0 -1
    outer loop
      vertex 40.9542 25.0107 10.65
      vertex 41.2603 25.7498 10.65
      vertex 41.2913 24.8513 10.65
    endloop
  endfacet
  facet normal 0 0 -1
    outer loop
      vertex 40.9542 25.0107 10.65
      vertex 40.8353 25.9019 10.65
      vertex 41.2603 25.7498 10.65
    endloop
  endfacet
  facet normal 0 0 -1
    outer loop
      vertex 40.6031 25.1364 10.65
      vertex 40.8353 25.9019 10.65
      vertex 40.9542 25.0107 10.65
    endloop
  endfacet
  facet normal 0 0 -1
    outer loop
      vertex 40.6031 25.1364 10.65
      vertex 40.3974 26.0116 10.65
      vertex 40.8353 25.9019 10.65
    endloop
  endfacet
  facet normal 0 0 -1
    outer loop
      vertex 40.2413 25.227 10.65
      vertex 40.3974 26.0116 10.65
      vertex 40.6031 25.1364 10.65
    endloop
  endfacet
  facet normal 0 0 -1
    outer loop
      vertex 40.2413 25.227 10.65
      vertex 39.9509 26.0778 10.65
      vertex 40.3974 26.0116 10.65
    endloop
  endfacet
  facet normal 0 0 -1
    outer loop
      vertex 39.8725 25.2817 10.65
      vertex 39.9509 26.0778 10.65
      vertex 40.2413 25.227 10.65
    endloop
  endfacet
  facet normal 0 0 -1
    outer loop
      vertex 39.5 25.3 10.65
      vertex 39.9509 26.0778 10.65
      vertex 39.8725 25.2817 10.65
    endloop
  endfacet
  facet normal 0 0 -1
    outer loop
      vertex 39.5 25.3 10.65
      vertex 39.5 26.1 10.65
      vertex 39.9509 26.0778 10.65
    endloop
  endfacet
  facet normal 0 0 -1
    outer loop
      vertex -39.5 25.3 10.65
      vertex 39.5 26.1 10.65
      vertex 39.5 25.3 10.65
    endloop
  endfacet
  facet normal 0 0 -1
    outer loop
      vertex -39.5 25.3 10.65
      vertex -39.5 26.1 10.65
      vertex 39.5 26.1 10.65
    endloop
  endfacet
  facet normal 0 0 -1
    outer loop
      vertex -39.8725 25.2817 10.65
      vertex -39.5 26.1 10.65
      vertex -39.5 25.3 10.65
    endloop
  endfacet
  facet normal 0 0 -1
    outer loop
      vertex -39.8725 25.2817 10.65
      vertex -39.9509 26.0778 10.65
      vertex -39.5 26.1 10.65
    endloop
  endfacet
  facet normal 0 0 -1
    outer loop
      vertex -40.2413 25.227 10.65
      vertex -39.9509 26.0778 10.65
      vertex -39.8725 25.2817 10.65
    endloop
  endfacet
  facet normal 0 0 -1
    outer loop
      vertex -40.2413 25.227 10.65
      vertex -40.3974 26.0116 10.65
      vertex -39.9509 26.0778 10.65
    endloop
  endfacet
  facet normal 0 0 -1
    outer loop
      vertex -40.6031 25.1364 10.65
      vertex -40.3974 26.0116 10.65
      vertex -40.2413 25.227 10.65
    endloop
  endfacet
  facet normal 0 0 -1
    outer loop
      vertex -40.6031 25.1364 10.65
      vertex -40.8353 25.9019 10.65
      vertex -40.3974 26.0116 10.65
    endloop
  endfacet
  facet normal 0 0 -1
    outer loop
      vertex -40.9542 25.0107 10.65
      vertex -40.8353 25.9019 10.65
      vertex -40.6031 25.1364 10.65
    endloop
  endfacet
  facet normal 0 0 -1
    outer loop
      vertex -40.9542 25.0107 10.65
      vertex -41.2603 25.7498 10.65
      vertex -40.8353 25.9019 10.65
    endloop
  endfacet
  facet normal 0 0 -1
    outer loop
      vertex -41.2913 24.8513 10.65
      vertex -41.2603 25.7498 10.65
      vertex -40.9542 25.0107 10.65
    endloop
  endfacet
  facet normal 0 0 -1
    outer loop
      vertex -41.6684 25.5568 10.65
      vertex -41.2913 24.8513 10.65
      vertex -41.6111 24.6596 10.65
    endloop
  endfacet
  facet normal 0 0 -1
    outer loop
      vertex -41.2913 24.8513 10.65
      vertex -41.6684 25.5568 10.65
      vertex -41.2603 25.7498 10.65
    endloop
  endfacet
  facet normal 0 0 -1
    outer loop
      vertex -42.0556 25.3247 10.65
      vertex -41.6111 24.6596 10.65
      vertex -41.9107 24.4374 10.65
    endloop
  endfacet
  facet normal 0 0 -1
    outer loop
      vertex -41.6111 24.6596 10.65
      vertex -42.0556 25.3247 10.65
      vertex -41.6684 25.5568 10.65
    endloop
  endfacet
  facet normal 0 0 -1
    outer loop
      vertex -42.4182 25.0558 10.65
      vertex -41.9107 24.4374 10.65
      vertex -42.187 24.187 10.65
    endloop
  endfacet
  facet normal 0 0 -1
    outer loop
      vertex -41.9107 24.4374 10.65
      vertex -42.4182 25.0558 10.65
      vertex -42.0556 25.3247 10.65
    endloop
  endfacet
  facet normal 0 0 -1
    outer loop
      vertex -42.7527 24.7527 10.65
      vertex -42.187 24.187 10.65
      vertex -42.4374 23.9107 10.65
    endloop
  endfacet
  facet normal 0 0 -1
    outer loop
      vertex -43.0558 24.4182 10.65
      vertex -42.4374 23.9107 10.65
      vertex -42.6596 23.6111 10.65
    endloop
  endfacet
  facet normal 0 0 -1
    outer loop
      vertex -42.187 24.187 10.65
      vertex -42.7527 24.7527 10.65
      vertex -42.4182 25.0558 10.65
    endloop
  endfacet
  facet normal 0 0 -1
    outer loop
      vertex -43.3247 24.0556 10.65
      vertex -42.6596 23.6111 10.65
      vertex -42.8513 23.2913 10.65
    endloop
  endfacet
  facet normal 0 0 -1
    outer loop
      vertex -43.5568 23.6684 10.65
      vertex -42.8513 23.2913 10.65
      vertex -43.0107 22.9542 10.65
    endloop
  endfacet
  facet normal 0 0 -1
    outer loop
      vertex -42.4374 23.9107 10.65
      vertex -43.0558 24.4182 10.65
      vertex -42.7527 24.7527 10.65
    endloop
  endfacet
  facet normal 0 0 -1
    outer loop
      vertex -43.7498 23.2603 10.65
      vertex -43.0107 22.9542 10.65
      vertex -43.1364 22.6031 10.65
    endloop
  endfacet
  facet normal 0 0 -1
    outer loop
      vertex -43.9019 22.8353 10.65
      vertex -43.1364 22.6031 10.65
      vertex -43.227 22.2413 10.65
    endloop
  endfacet
  facet normal 0 0 -1
    outer loop
      vertex -44.0116 22.3974 10.65
      vertex -43.227 22.2413 10.65
      vertex -43.2817 21.8725 10.65
    endloop
  endfacet
  facet normal 0 0 -1
    outer loop
      vertex -42.6596 23.6111 10.65
      vertex -43.3247 24.0556 10.65
      vertex -43.0558 24.4182 10.65
    endloop
  endfacet
  facet normal 0 0 -1
    outer loop
      vertex -44.0778 21.9509 10.65
      vertex -43.2817 21.8725 10.65
      vertex -43.3 21.5 10.65
    endloop
  endfacet
  facet normal 0 0 -1
    outer loop
      vertex -43.3 -21.5 10.65
      vertex -44.1 -21.5 10.65
      vertex -43.3 21.5 10.65
    endloop
  endfacet
  facet normal 0 0 -1
    outer loop
      vertex -44.0116 -22.3974 10.65
      vertex -43.227 -22.2413 10.65
      vertex -43.9019 -22.8353 10.65
    endloop
  endfacet
  facet normal 0 0 -1
    outer loop
      vertex -44.1 21.5 10.65
      vertex -43.3 21.5 10.65
      vertex -44.1 -21.5 10.65
    endloop
  endfacet
  facet normal -0 0 -1
    outer loop
      vertex -43.227 -22.2413 10.65
      vertex -44.0116 -22.3974 10.65
      vertex -43.2817 -21.8725 10.65
    endloop
  endfacet
  facet normal 0 -0 -1
    outer loop
      vertex -44.0778 21.9509 10.65
      vertex -43.3 21.5 10.65
      vertex -44.1 21.5 10.65
    endloop
  endfacet
  facet normal 0 0 -1
    outer loop
      vertex -44.0778 -21.9509 10.65
      vertex -43.2817 -21.8725 10.65
      vertex -44.0116 -22.3974 10.65
    endloop
  endfacet
  facet normal 0 0 -1
    outer loop
      vertex -42.8513 23.2913 10.65
      vertex -43.5568 23.6684 10.65
      vertex -43.3247 24.0556 10.65
    endloop
  endfacet
  facet normal -0 0 -1
    outer loop
      vertex -43.2817 -21.8725 10.65
      vertex -44.0778 -21.9509 10.65
      vertex -43.3 -21.5 10.65
    endloop
  endfacet
  facet normal 0 0 -1
    outer loop
      vertex -43.0107 22.9542 10.65
      vertex -43.7498 23.2603 10.65
      vertex -43.5568 23.6684 10.65
    endloop
  endfacet
  facet normal -0 0 -1
    outer loop
      vertex -43.3 -21.5 10.65
      vertex -44.0778 -21.9509 10.65
      vertex -44.1 -21.5 10.65
    endloop
  endfacet
  facet normal 0 0 -1
    outer loop
      vertex -43.1364 22.6031 10.65
      vertex -43.9019 22.8353 10.65
      vertex -43.7498 23.2603 10.65
    endloop
  endfacet
  facet normal 0 0 -1
    outer loop
      vertex -43.227 22.2413 10.65
      vertex -44.0116 22.3974 10.65
      vertex -43.9019 22.8353 10.65
    endloop
  endfacet
  facet normal 0 0 -1
    outer loop
      vertex -43.2817 21.8725 10.65
      vertex -44.0778 21.9509 10.65
      vertex -44.0116 22.3974 10.65
    endloop
  endfacet
  facet normal 0.514137 0.857708 -0
    outer loop
      vertex -41.6684 -25.5568 9.15
      vertex -42.0556 -25.3247 10.65
      vertex -41.6684 -25.5568 10.65
    endloop
  endfacet
  facet normal 0.514137 0.857708 0
    outer loop
      vertex -42.0556 -25.3247 10.65
      vertex -41.6684 -25.5568 9.15
      vertex -42.0556 -25.3247 9.15
    endloop
  endfacet
  facet normal 0.427524 0.904004 -0
    outer loop
      vertex -41.2603 -25.7498 9.15
      vertex -41.6684 -25.5568 10.65
      vertex -41.2603 -25.7498 10.65
    endloop
  endfacet
  facet normal 0.427524 0.904004 0
    outer loop
      vertex -41.6684 -25.5568 10.65
      vertex -41.2603 -25.7498 9.15
      vertex -41.6684 -25.5568 9.15
    endloop
  endfacet
  facet normal -0.0491753 -0.99879 0
    outer loop
      vertex 39.5 26.1 9.15
      vertex 39.9509 26.0778 10.65
      vertex 39.5 26.1 10.65
    endloop
  endfacet
  facet normal -0.0491753 -0.99879 -0
    outer loop
      vertex 39.9509 26.0778 10.65
      vertex 39.5 26.1 9.15
      vertex 39.9509 26.0778 9.15
    endloop
  endfacet
  facet normal -0.970025 0.243005 0
    outer loop
      vertex 43.9019 -22.8353 9.15
      vertex 44.0116 -22.3974 10.65
      vertex 44.0116 -22.3974 9.15
    endloop
  endfacet
  facet normal -0.970025 0.243005 0
    outer loop
      vertex 44.0116 -22.3974 10.65
      vertex 43.9019 -22.8353 9.15
      vertex 43.9019 -22.8353 10.65
    endloop
  endfacet
  facet normal 0.941521 -0.336954 0
    outer loop
      vertex -43.9019 22.8353 10.65
      vertex -43.7498 23.2603 9.15
      vertex -43.7498 23.2603 10.65
    endloop
  endfacet
  facet normal 0.941521 -0.336954 0
    outer loop
      vertex -43.7498 23.2603 9.15
      vertex -43.9019 22.8353 10.65
      vertex -43.9019 22.8353 9.15
    endloop
  endfacet
  facet normal -0.0491753 0.99879 0
    outer loop
      vertex 39.9509 -26.0778 9.15
      vertex 39.5 -26.1 10.65
      vertex 39.9509 -26.0778 10.65
    endloop
  endfacet
  facet normal -0.0491753 0.99879 0
    outer loop
      vertex 39.5 -26.1 10.65
      vertex 39.9509 -26.0778 9.15
      vertex 39.5 -26.1 9.15
    endloop
  endfacet
  facet normal -0.146661 0.989187 0
    outer loop
      vertex 40.3974 -26.0116 9.15
      vertex 39.9509 -26.0778 10.65
      vertex 40.3974 -26.0116 10.65
    endloop
  endfacet
  facet normal -0.146661 0.989187 0
    outer loop
      vertex 39.9509 -26.0778 10.65
      vertex 40.3974 -26.0116 9.15
      vertex 39.9509 -26.0778 9.15
    endloop
  endfacet
  facet normal 0.0491753 0.99879 -0
    outer loop
      vertex -39.5 -26.1 9.15
      vertex -39.9509 -26.0778 10.65
      vertex -39.5 -26.1 10.65
    endloop
  endfacet
  facet normal 0.0491753 0.99879 0
    outer loop
      vertex -39.9509 -26.0778 10.65
      vertex -39.5 -26.1 9.15
      vertex -39.9509 -26.0778 9.15
    endloop
  endfacet
  facet normal 0.243005 0.970025 -0
    outer loop
      vertex -40.3974 -26.0116 9.15
      vertex -40.8353 -25.9019 10.65
      vertex -40.3974 -26.0116 10.65
    endloop
  endfacet
  facet normal 0.243005 0.970025 0
    outer loop
      vertex -40.8353 -25.9019 10.65
      vertex -40.3974 -26.0116 9.15
      vertex -40.8353 -25.9019 9.15
    endloop
  endfacet
  facet normal 0.146661 0.989187 -0
    outer loop
      vertex -39.9509 -26.0778 9.15
      vertex -40.3974 -26.0116 10.65
      vertex -39.9509 -26.0778 10.65
    endloop
  endfacet
  facet normal 0.146661 0.989187 0
    outer loop
      vertex -40.3974 -26.0116 10.65
      vertex -39.9509 -26.0778 9.15
      vertex -40.3974 -26.0116 9.15
    endloop
  endfacet
  facet normal 0.427524 -0.904004 0
    outer loop
      vertex -41.6684 25.5568 9.15
      vertex -41.2603 25.7498 10.65
      vertex -41.6684 25.5568 10.65
    endloop
  endfacet
  facet normal 0.427524 -0.904004 0
    outer loop
      vertex -41.2603 25.7498 10.65
      vertex -41.6684 25.5568 9.15
      vertex -41.2603 25.7498 9.15
    endloop
  endfacet
  facet normal -0.514137 -0.857708 0
    outer loop
      vertex 41.6684 25.5568 9.15
      vertex 42.0556 25.3247 10.65
      vertex 41.6684 25.5568 10.65
    endloop
  endfacet
  facet normal -0.514137 -0.857708 -0
    outer loop
      vertex 42.0556 25.3247 10.65
      vertex 41.6684 25.5568 9.15
      vertex 42.0556 25.3247 9.15
    endloop
  endfacet
  facet normal -0.336954 -0.941521 0
    outer loop
      vertex 40.8353 25.9019 9.15
      vertex 41.2603 25.7498 10.65
      vertex 40.8353 25.9019 10.65
    endloop
  endfacet
  facet normal -0.336954 -0.941521 -0
    outer loop
      vertex 41.2603 25.7498 10.65
      vertex 40.8353 25.9019 9.15
      vertex 41.2603 25.7498 9.15
    endloop
  endfacet
  facet normal -0.427524 -0.904004 0
    outer loop
      vertex 41.2603 25.7498 9.15
      vertex 41.6684 25.5568 10.65
      vertex 41.2603 25.7498 10.65
    endloop
  endfacet
  facet normal -0.427524 -0.904004 -0
    outer loop
      vertex 41.6684 25.5568 10.65
      vertex 41.2603 25.7498 9.15
      vertex 41.6684 25.5568 9.15
    endloop
  endfacet
  facet normal -0.146661 -0.989187 0
    outer loop
      vertex 39.9509 26.0778 9.15
      vertex 40.3974 26.0116 10.65
      vertex 39.9509 26.0778 10.65
    endloop
  endfacet
  facet normal -0.146661 -0.989187 -0
    outer loop
      vertex 40.3974 26.0116 10.65
      vertex 39.9509 26.0778 9.15
      vertex 40.3974 26.0116 9.15
    endloop
  endfacet
  facet normal 0.336954 -0.941521 0
    outer loop
      vertex -41.2603 25.7498 9.15
      vertex -40.8353 25.9019 10.65
      vertex -41.2603 25.7498 10.65
    endloop
  endfacet
  facet normal 0.336954 -0.941521 0
    outer loop
      vertex -40.8353 25.9019 10.65
      vertex -41.2603 25.7498 9.15
      vertex -40.8353 25.9019 9.15
    endloop
  endfacet
  facet normal 0.243005 -0.970025 0
    outer loop
      vertex -40.8353 25.9019 9.15
      vertex -40.3974 26.0116 10.65
      vertex -40.8353 25.9019 10.65
    endloop
  endfacet
  facet normal 0.243005 -0.970025 0
    outer loop
      vertex -40.3974 26.0116 10.65
      vertex -40.8353 25.9019 9.15
      vertex -40.3974 26.0116 9.15
    endloop
  endfacet
  facet normal 0.514137 -0.857708 0
    outer loop
      vertex -42.0556 25.3247 9.15
      vertex -41.6684 25.5568 10.65
      vertex -42.0556 25.3247 10.65
    endloop
  endfacet
  facet normal 0.514137 -0.857708 0
    outer loop
      vertex -41.6684 25.5568 10.65
      vertex -42.0556 25.3247 9.15
      vertex -41.6684 25.5568 9.15
    endloop
  endfacet
  facet normal 0.99879 -0.0491753 0
    outer loop
      vertex -44.1 21.5 10.65
      vertex -44.0778 21.9509 9.15
      vertex -44.0778 21.9509 10.65
    endloop
  endfacet
  facet normal 0.99879 -0.0491753 0
    outer loop
      vertex -44.0778 21.9509 9.15
      vertex -44.1 21.5 10.65
      vertex -44.1 21.5 9.15
    endloop
  endfacet
  facet normal 0.803231 -0.595667 0
    outer loop
      vertex -43.3247 24.0556 10.65
      vertex -43.0558 24.4182 9.15
      vertex -43.0558 24.4182 10.65
    endloop
  endfacet
  facet normal 0.803231 -0.595667 0
    outer loop
      vertex -43.0558 24.4182 9.15
      vertex -43.3247 24.0556 10.65
      vertex -43.3247 24.0556 9.15
    endloop
  endfacet
  facet normal 0.595667 0.803231 -0
    outer loop
      vertex -42.0556 -25.3247 9.15
      vertex -42.4182 -25.0558 10.65
      vertex -42.0556 -25.3247 10.65
    endloop
  endfacet
  facet normal 0.595667 0.803231 0
    outer loop
      vertex -42.4182 -25.0558 10.65
      vertex -42.0556 -25.3247 9.15
      vertex -42.4182 -25.0558 9.15
    endloop
  endfacet
  facet normal 0.99879 0.0491753 0
    outer loop
      vertex -44.0778 -21.9509 10.65
      vertex -44.1 -21.5 9.15
      vertex -44.1 -21.5 10.65
    endloop
  endfacet
  facet normal 0.99879 0.0491753 0
    outer loop
      vertex -44.1 -21.5 9.15
      vertex -44.0778 -21.9509 10.65
      vertex -44.0778 -21.9509 9.15
    endloop
  endfacet
  facet normal 0 0 1
    outer loop
      vertex 44.0778 21.9509 9.15
      vertex 43.2817 21.8725 9.15
      vertex 43.3 21.5 9.15
    endloop
  endfacet
  facet normal 0 0 1
    outer loop
      vertex 43.5568 23.6684 9.15
      vertex 43.227 22.2413 9.15
      vertex 43.2817 21.8725 9.15
    endloop
  endfacet
  facet normal 0 0 1
    outer loop
      vertex 43.5568 23.6684 9.15
      vertex 43.1364 22.6031 9.15
      vertex 43.227 22.2413 9.15
    endloop
  endfacet
  facet normal 0 0 1
    outer loop
      vertex 42.6596 23.6111 9.15
      vertex 43.3247 24.0556 9.15
      vertex 43.0558 24.4182 9.15
    endloop
  endfacet
  facet normal 0 0 1
    outer loop
      vertex 43.5568 23.6684 9.15
      vertex 43.0107 22.9542 9.15
      vertex 43.1364 22.6031 9.15
    endloop
  endfacet
  facet normal 0 0 1
    outer loop
      vertex 43.5568 23.6684 9.15
      vertex 42.8513 23.2913 9.15
      vertex 43.0107 22.9542 9.15
    endloop
  endfacet
  facet normal 0 0 1
    outer loop
      vertex 42.4374 23.9107 9.15
      vertex 43.0558 24.4182 9.15
      vertex 42.7527 24.7527 9.15
    endloop
  endfacet
  facet normal 0 0 1
    outer loop
      vertex 43.3247 24.0556 9.15
      vertex 42.6596 23.6111 9.15
      vertex 42.8513 23.2913 9.15
    endloop
  endfacet
  facet normal 0 0 1
    outer loop
      vertex 43.0558 24.4182 9.15
      vertex 42.4374 23.9107 9.15
      vertex 42.6596 23.6111 9.15
    endloop
  endfacet
  facet normal 0 0 1
    outer loop
      vertex 42.187 24.187 9.15
      vertex 42.7527 24.7527 9.15
      vertex 42.4182 25.0558 9.15
    endloop
  endfacet
  facet normal 0 0 1
    outer loop
      vertex 42.7527 24.7527 9.15
      vertex 42.187 24.187 9.15
      vertex 42.4374 23.9107 9.15
    endloop
  endfacet
  facet normal 0 0 1
    outer loop
      vertex 41.9107 24.4374 9.15
      vertex 42.4182 25.0558 9.15
      vertex 42.0556 25.3247 9.15
    endloop
  endfacet
  facet normal 0 0 1
    outer loop
      vertex 42.4182 25.0558 9.15
      vertex 41.9107 24.4374 9.15
      vertex 42.187 24.187 9.15
    endloop
  endfacet
  facet normal 0 0 1
    outer loop
      vertex 41.6111 24.6596 9.15
      vertex 42.0556 25.3247 9.15
      vertex 41.6684 25.5568 9.15
    endloop
  endfacet
  facet normal 0 0 1
    outer loop
      vertex 42.0556 25.3247 9.15
      vertex 41.6111 24.6596 9.15
      vertex 41.9107 24.4374 9.15
    endloop
  endfacet
  facet normal 0 0 1
    outer loop
      vertex 41.6684 25.5568 9.15
      vertex 41.2913 24.8513 9.15
      vertex 41.6111 24.6596 9.15
    endloop
  endfacet
  facet normal 0 0 1
    outer loop
      vertex 41.2603 25.7498 9.15
      vertex 41.2913 24.8513 9.15
      vertex 41.6684 25.5568 9.15
    endloop
  endfacet
  facet normal 0 0 1
    outer loop
      vertex 41.2603 25.7498 9.15
      vertex 40.9542 25.0107 9.15
      vertex 41.2913 24.8513 9.15
    endloop
  endfacet
  facet normal 0 0 1
    outer loop
      vertex 40.8353 25.9019 9.15
      vertex 40.9542 25.0107 9.15
      vertex 41.2603 25.7498 9.15
    endloop
  endfacet
  facet normal 0 0 1
    outer loop
      vertex 40.8353 25.9019 9.15
      vertex 40.6031 25.1364 9.15
      vertex 40.9542 25.0107 9.15
    endloop
  endfacet
  facet normal 0 0 1
    outer loop
      vertex 40.3974 26.0116 9.15
      vertex 40.6031 25.1364 9.15
      vertex 40.8353 25.9019 9.15
    endloop
  endfacet
  facet normal 0 0 1
    outer loop
      vertex 40.3974 26.0116 9.15
      vertex 40.2413 25.227 9.15
      vertex 40.6031 25.1364 9.15
    endloop
  endfacet
  facet normal 0 0 1
    outer loop
      vertex 39.9509 26.0778 9.15
      vertex 40.2413 25.227 9.15
      vertex 40.3974 26.0116 9.15
    endloop
  endfacet
  facet normal 0 0 1
    outer loop
      vertex 39.9509 26.0778 9.15
      vertex 39.8725 25.2817 9.15
      vertex 40.2413 25.227 9.15
    endloop
  endfacet
  facet normal 0 0 1
    outer loop
      vertex 39.5 26.1 9.15
      vertex 39.8725 25.2817 9.15
      vertex 39.9509 26.0778 9.15
    endloop
  endfacet
  facet normal 0 0 1
    outer loop
      vertex 39.5 26.1 9.15
      vertex 39.5 25.3 9.15
      vertex 39.8725 25.2817 9.15
    endloop
  endfacet
  facet normal -0 0 1
    outer loop
      vertex -39.5 26.1 9.15
      vertex 39.5 25.3 9.15
      vertex 39.5 26.1 9.15
    endloop
  endfacet
  facet normal 0 0 1
    outer loop
      vertex -39.5 26.1 9.15
      vertex -39.5 25.3 9.15
      vertex 39.5 25.3 9.15
    endloop
  endfacet
  facet normal 0 0 1
    outer loop
      vertex -39.5 26.1 9.15
      vertex -39.8725 25.2817 9.15
      vertex -39.5 25.3 9.15
    endloop
  endfacet
  facet normal -0 0 1
    outer loop
      vertex -39.9509 26.0778 9.15
      vertex -39.8725 25.2817 9.15
      vertex -39.5 26.1 9.15
    endloop
  endfacet
  facet normal 0 0 1
    outer loop
      vertex -39.9509 26.0778 9.15
      vertex -40.2413 25.227 9.15
      vertex -39.8725 25.2817 9.15
    endloop
  endfacet
  facet normal -0 0 1
    outer loop
      vertex -40.3974 26.0116 9.15
      vertex -40.2413 25.227 9.15
      vertex -39.9509 26.0778 9.15
    endloop
  endfacet
  facet normal 0 0 1
    outer loop
      vertex -40.3974 26.0116 9.15
      vertex -40.6031 25.1364 9.15
      vertex -40.2413 25.227 9.15
    endloop
  endfacet
  facet normal -0 0 1
    outer loop
      vertex -40.8353 25.9019 9.15
      vertex -40.6031 25.1364 9.15
      vertex -40.3974 26.0116 9.15
    endloop
  endfacet
  facet normal 0 0 1
    outer loop
      vertex -40.8353 25.9019 9.15
      vertex -40.9542 25.0107 9.15
      vertex -40.6031 25.1364 9.15
    endloop
  endfacet
  facet normal -0 0 1
    outer loop
      vertex -41.2603 25.7498 9.15
      vertex -40.9542 25.0107 9.15
      vertex -40.8353 25.9019 9.15
    endloop
  endfacet
  facet normal 0 0 1
    outer loop
      vertex -41.2603 25.7498 9.15
      vertex -41.2913 24.8513 9.15
      vertex -40.9542 25.0107 9.15
    endloop
  endfacet
  facet normal -0 0 1
    outer loop
      vertex -41.6684 25.5568 9.15
      vertex -41.2913 24.8513 9.15
      vertex -41.2603 25.7498 9.15
    endloop
  endfacet
  facet normal 0 0 1
    outer loop
      vertex -41.2913 24.8513 9.15
      vertex -41.6684 25.5568 9.15
      vertex -41.6111 24.6596 9.15
    endloop
  endfacet
  facet normal -0 0 1
    outer loop
      vertex -42.0556 25.3247 9.15
      vertex -41.6111 24.6596 9.15
      vertex -41.6684 25.5568 9.15
    endloop
  endfacet
  facet normal 0 0 1
    outer loop
      vertex -41.6111 24.6596 9.15
      vertex -42.0556 25.3247 9.15
      vertex -41.9107 24.4374 9.15
    endloop
  endfacet
  facet normal -0 0 1
    outer loop
      vertex -42.4182 25.0558 9.15
      vertex -41.9107 24.4374 9.15
      vertex -42.0556 25.3247 9.15
    endloop
  endfacet
  facet normal 0 0 1
    outer loop
      vertex -41.9107 24.4374 9.15
      vertex -42.4182 25.0558 9.15
      vertex -42.187 24.187 9.15
    endloop
  endfacet
  facet normal -0 0 1
    outer loop
      vertex -42.7527 24.7527 9.15
      vertex -42.187 24.187 9.15
      vertex -42.4182 25.0558 9.15
    endloop
  endfacet
  facet normal 0 0 1
    outer loop
      vertex -42.187 24.187 9.15
      vertex -42.7527 24.7527 9.15
      vertex -42.4374 23.9107 9.15
    endloop
  endfacet
  facet normal -0 0 1
    outer loop
      vertex -43.0558 24.4182 9.15
      vertex -42.4374 23.9107 9.15
      vertex -42.7527 24.7527 9.15
    endloop
  endfacet
  facet normal 0 0 1
    outer loop
      vertex -42.4374 23.9107 9.15
      vertex -43.0558 24.4182 9.15
      vertex -42.6596 23.6111 9.15
    endloop
  endfacet
  facet normal -0 0 1
    outer loop
      vertex -43.3247 24.0556 9.15
      vertex -42.6596 23.6111 9.15
      vertex -43.0558 24.4182 9.15
    endloop
  endfacet
  facet normal 0 0 1
    outer loop
      vertex -42.6596 23.6111 9.15
      vertex -43.3247 24.0556 9.15
      vertex -42.8513 23.2913 9.15
    endloop
  endfacet
  facet normal -0 0 1
    outer loop
      vertex -43.5568 23.6684 9.15
      vertex -42.8513 23.2913 9.15
      vertex -43.3247 24.0556 9.15
    endloop
  endfacet
  facet normal 0 0 1
    outer loop
      vertex -42.8513 23.2913 9.15
      vertex -43.5568 23.6684 9.15
      vertex -43.0107 22.9542 9.15
    endloop
  endfacet
  facet normal -0 0 1
    outer loop
      vertex -43.7498 23.2603 9.15
      vertex -43.0107 22.9542 9.15
      vertex -43.5568 23.6684 9.15
    endloop
  endfacet
  facet normal 0 0 1
    outer loop
      vertex -43.1364 22.6031 9.15
      vertex -43.9019 22.8353 9.15
      vertex -43.227 22.2413 9.15
    endloop
  endfacet
  facet normal -0 0 1
    outer loop
      vertex -43.9019 22.8353 9.15
      vertex -43.1364 22.6031 9.15
      vertex -43.7498 23.2603 9.15
    endloop
  endfacet
  facet normal 0 0 1
    outer loop
      vertex -43.0107 22.9542 9.15
      vertex -43.7498 23.2603 9.15
      vertex -43.1364 22.6031 9.15
    endloop
  endfacet
  facet normal 0 0 1
    outer loop
      vertex 43.3 21.5 9.15
      vertex 44.1 21.5 9.15
      vertex 44.0778 21.9509 9.15
    endloop
  endfacet
  facet normal 0 0 1
    outer loop
      vertex 43.2817 21.8725 9.15
      vertex 44.0778 21.9509 9.15
      vertex 44.0116 22.3974 9.15
    endloop
  endfacet
  facet normal 0 0 1
    outer loop
      vertex 43.2817 21.8725 9.15
      vertex 44.0116 22.3974 9.15
      vertex 43.9019 22.8353 9.15
    endloop
  endfacet
  facet normal 0 0 1
    outer loop
      vertex 43.2817 21.8725 9.15
      vertex 43.9019 22.8353 9.15
      vertex 43.7498 23.2603 9.15
    endloop
  endfacet
  facet normal 0 0 1
    outer loop
      vertex 43.2817 21.8725 9.15
      vertex 43.7498 23.2603 9.15
      vertex 43.5568 23.6684 9.15
    endloop
  endfacet
  facet normal 0 0 1
    outer loop
      vertex 42.8513 23.2913 9.15
      vertex 43.5568 23.6684 9.15
      vertex 43.3247 24.0556 9.15
    endloop
  endfacet
  facet normal 0 0 1
    outer loop
      vertex 44.1 21.5 9.15
      vertex 43.3 21.5 9.15
      vertex 44.1 6.5 9.15
    endloop
  endfacet
  facet normal 0 0 1
    outer loop
      vertex 44.1 6.5 9.15
      vertex 43.3 21.5 9.15
      vertex 43.3 6.5 9.15
    endloop
  endfacet
  facet normal 0 0 1
    outer loop
      vertex 43.3 -21.5 9.15
      vertex 44.1 -21.5 9.15
      vertex 44.1 -6.5 9.15
    endloop
  endfacet
  facet normal 0 0 1
    outer loop
      vertex 44.1 -21.5 9.15
      vertex 43.3 -21.5 9.15
      vertex 44.0778 -21.9509 9.15
    endloop
  endfacet
  facet normal -0 0 1
    outer loop
      vertex 43.2817 -21.8725 9.15
      vertex 44.0778 -21.9509 9.15
      vertex 43.3 -21.5 9.15
    endloop
  endfacet
  facet normal 0 0 1
    outer loop
      vertex 44.0778 -21.9509 9.15
      vertex 43.2817 -21.8725 9.15
      vertex 44.0116 -22.3974 9.15
    endloop
  endfacet
  facet normal -0 0 1
    outer loop
      vertex 43.227 -22.2413 9.15
      vertex 44.0116 -22.3974 9.15
      vertex 43.2817 -21.8725 9.15
    endloop
  endfacet
  facet normal 0 0 1
    outer loop
      vertex 44.0116 -22.3974 9.15
      vertex 43.227 -22.2413 9.15
      vertex 43.9019 -22.8353 9.15
    endloop
  endfacet
  facet normal 0 0 1
    outer loop
      vertex 43.3 -21.5 9.15
      vertex 44.1 -6.5 9.15
      vertex 43.3 -6.5 9.15
    endloop
  endfacet
  facet normal -0 0 1
    outer loop
      vertex 43.1364 -22.6031 9.15
      vertex 43.9019 -22.8353 9.15
      vertex 43.227 -22.2413 9.15
    endloop
  endfacet
  facet normal 0 0 1
    outer loop
      vertex 43.9019 -22.8353 9.15
      vertex 43.1364 -22.6031 9.15
      vertex 43.7498 -23.2603 9.15
    endloop
  endfacet
  facet normal -0 0 1
    outer loop
      vertex 43.0107 -22.9542 9.15
      vertex 43.7498 -23.2603 9.15
      vertex 43.1364 -22.6031 9.15
    endloop
  endfacet
  facet normal 0 0 1
    outer loop
      vertex 43.7498 -23.2603 9.15
      vertex 43.0107 -22.9542 9.15
      vertex 43.5568 -23.6684 9.15
    endloop
  endfacet
  facet normal -0 0 1
    outer loop
      vertex 42.8513 -23.2913 9.15
      vertex 43.5568 -23.6684 9.15
      vertex 43.0107 -22.9542 9.15
    endloop
  endfacet
  facet normal 0 0 1
    outer loop
      vertex 43.5568 -23.6684 9.15
      vertex 42.8513 -23.2913 9.15
      vertex 43.3247 -24.0556 9.15
    endloop
  endfacet
  facet normal -0 0 1
    outer loop
      vertex 42.6596 -23.6111 9.15
      vertex 43.3247 -24.0556 9.15
      vertex 42.8513 -23.2913 9.15
    endloop
  endfacet
  facet normal 0 0 1
    outer loop
      vertex 43.3247 -24.0556 9.15
      vertex 42.6596 -23.6111 9.15
      vertex 43.0558 -24.4182 9.15
    endloop
  endfacet
  facet normal -0 0 1
    outer loop
      vertex 42.4374 -23.9107 9.15
      vertex 43.0558 -24.4182 9.15
      vertex 42.6596 -23.6111 9.15
    endloop
  endfacet
  facet normal 0 0 1
    outer loop
      vertex 43.0558 -24.4182 9.15
      vertex 42.4374 -23.9107 9.15
      vertex 42.7527 -24.7527 9.15
    endloop
  endfacet
  facet normal -0 0 1
    outer loop
      vertex 42.187 -24.187 9.15
      vertex 42.7527 -24.7527 9.15
      vertex 42.4374 -23.9107 9.15
    endloop
  endfacet
  facet normal 0 0 1
    outer loop
      vertex 42.7527 -24.7527 9.15
      vertex 42.187 -24.187 9.15
      vertex 42.4182 -25.0558 9.15
    endloop
  endfacet
  facet normal -0 0 1
    outer loop
      vertex 41.9107 -24.4374 9.15
      vertex 42.4182 -25.0558 9.15
      vertex 42.187 -24.187 9.15
    endloop
  endfacet
  facet normal 0 0 1
    outer loop
      vertex 42.4182 -25.0558 9.15
      vertex 41.9107 -24.4374 9.15
      vertex 42.0556 -25.3247 9.15
    endloop
  endfacet
  facet normal -0 0 1
    outer loop
      vertex 41.6111 -24.6596 9.15
      vertex 42.0556 -25.3247 9.15
      vertex 41.9107 -24.4374 9.15
    endloop
  endfacet
  facet normal 0 0 1
    outer loop
      vertex 42.0556 -25.3247 9.15
      vertex 41.6111 -24.6596 9.15
      vertex 41.6684 -25.5568 9.15
    endloop
  endfacet
  facet normal -0 0 1
    outer loop
      vertex 41.2913 -24.8513 9.15
      vertex 41.6684 -25.5568 9.15
      vertex 41.6111 -24.6596 9.15
    endloop
  endfacet
  facet normal 0 0 1
    outer loop
      vertex 41.2913 -24.8513 9.15
      vertex 41.2603 -25.7498 9.15
      vertex 41.6684 -25.5568 9.15
    endloop
  endfacet
  facet normal -0 0 1
    outer loop
      vertex 40.9542 -25.0107 9.15
      vertex 41.2603 -25.7498 9.15
      vertex 41.2913 -24.8513 9.15
    endloop
  endfacet
  facet normal 0 0 1
    outer loop
      vertex 40.9542 -25.0107 9.15
      vertex 40.8353 -25.9019 9.15
      vertex 41.2603 -25.7498 9.15
    endloop
  endfacet
  facet normal -0 0 1
    outer loop
      vertex 40.6031 -25.1364 9.15
      vertex 40.8353 -25.9019 9.15
      vertex 40.9542 -25.0107 9.15
    endloop
  endfacet
  facet normal 0 0 1
    outer loop
      vertex 40.6031 -25.1364 9.15
      vertex 40.3974 -26.0116 9.15
      vertex 40.8353 -25.9019 9.15
    endloop
  endfacet
  facet normal -0 0 1
    outer loop
      vertex 40.2413 -25.227 9.15
      vertex 40.3974 -26.0116 9.15
      vertex 40.6031 -25.1364 9.15
    endloop
  endfacet
  facet normal 0 0 1
    outer loop
      vertex 40.2413 -25.227 9.15
      vertex 39.9509 -26.0778 9.15
      vertex 40.3974 -26.0116 9.15
    endloop
  endfacet
  facet normal -0 0 1
    outer loop
      vertex 39.8725 -25.2817 9.15
      vertex 39.9509 -26.0778 9.15
      vertex 40.2413 -25.227 9.15
    endloop
  endfacet
  facet normal -0 0 1
    outer loop
      vertex 39.5 -25.3 9.15
      vertex 39.9509 -26.0778 9.15
      vertex 39.8725 -25.2817 9.15
    endloop
  endfacet
  facet normal 0 0 1
    outer loop
      vertex 39.5 -25.3 9.15
      vertex 39.5 -26.1 9.15
      vertex 39.9509 -26.0778 9.15
    endloop
  endfacet
  facet normal -0 0 1
    outer loop
      vertex -39.5 -25.3 9.15
      vertex 39.5 -26.1 9.15
      vertex 39.5 -25.3 9.15
    endloop
  endfacet
  facet normal 0 0 1
    outer loop
      vertex -39.5 -25.3 9.15
      vertex -39.5 -26.1 9.15
      vertex 39.5 -26.1 9.15
    endloop
  endfacet
  facet normal 0 0 1
    outer loop
      vertex -39.8725 -25.2817 9.15
      vertex -39.5 -26.1 9.15
      vertex -39.5 -25.3 9.15
    endloop
  endfacet
  facet normal 0 0 1
    outer loop
      vertex -39.8725 -25.2817 9.15
      vertex -39.9509 -26.0778 9.15
      vertex -39.5 -26.1 9.15
    endloop
  endfacet
  facet normal 0 0 1
    outer loop
      vertex -40.2413 -25.227 9.15
      vertex -39.9509 -26.0778 9.15
      vertex -39.8725 -25.2817 9.15
    endloop
  endfacet
  facet normal 0 0 1
    outer loop
      vertex -40.2413 -25.227 9.15
      vertex -40.3974 -26.0116 9.15
      vertex -39.9509 -26.0778 9.15
    endloop
  endfacet
  facet normal 0 0 1
    outer loop
      vertex -40.6031 -25.1364 9.15
      vertex -40.3974 -26.0116 9.15
      vertex -40.2413 -25.227 9.15
    endloop
  endfacet
  facet normal 0 0 1
    outer loop
      vertex -40.6031 -25.1364 9.15
      vertex -40.8353 -25.9019 9.15
      vertex -40.3974 -26.0116 9.15
    endloop
  endfacet
  facet normal 0 0 1
    outer loop
      vertex -40.9542 -25.0107 9.15
      vertex -40.8353 -25.9019 9.15
      vertex -40.6031 -25.1364 9.15
    endloop
  endfacet
  facet normal 0 0 1
    outer loop
      vertex -40.9542 -25.0107 9.15
      vertex -41.2603 -25.7498 9.15
      vertex -40.8353 -25.9019 9.15
    endloop
  endfacet
  facet normal 0 0 1
    outer loop
      vertex -41.2913 -24.8513 9.15
      vertex -41.2603 -25.7498 9.15
      vertex -40.9542 -25.0107 9.15
    endloop
  endfacet
  facet normal 0 0 1
    outer loop
      vertex -41.6684 -25.5568 9.15
      vertex -41.2913 -24.8513 9.15
      vertex -41.6111 -24.6596 9.15
    endloop
  endfacet
  facet normal 0 0 1
    outer loop
      vertex -41.2913 -24.8513 9.15
      vertex -41.6684 -25.5568 9.15
      vertex -41.2603 -25.7498 9.15
    endloop
  endfacet
  facet normal 0 0 1
    outer loop
      vertex -42.0556 -25.3247 9.15
      vertex -41.6111 -24.6596 9.15
      vertex -41.9107 -24.4374 9.15
    endloop
  endfacet
  facet normal 0 0 1
    outer loop
      vertex -41.6111 -24.6596 9.15
      vertex -42.0556 -25.3247 9.15
      vertex -41.6684 -25.5568 9.15
    endloop
  endfacet
  facet normal 0 0 1
    outer loop
      vertex -42.4182 -25.0558 9.15
      vertex -41.9107 -24.4374 9.15
      vertex -42.187 -24.187 9.15
    endloop
  endfacet
  facet normal 0 0 1
    outer loop
      vertex -41.9107 -24.4374 9.15
      vertex -42.4182 -25.0558 9.15
      vertex -42.0556 -25.3247 9.15
    endloop
  endfacet
  facet normal 0 0 1
    outer loop
      vertex -42.7527 -24.7527 9.15
      vertex -42.187 -24.187 9.15
      vertex -42.4374 -23.9107 9.15
    endloop
  endfacet
  facet normal 0 0 1
    outer loop
      vertex -43.0558 -24.4182 9.15
      vertex -42.4374 -23.9107 9.15
      vertex -42.6596 -23.6111 9.15
    endloop
  endfacet
  facet normal 0 0 1
    outer loop
      vertex -42.187 -24.187 9.15
      vertex -42.7527 -24.7527 9.15
      vertex -42.4182 -25.0558 9.15
    endloop
  endfacet
  facet normal 0 0 1
    outer loop
      vertex -43.3247 -24.0556 9.15
      vertex -42.6596 -23.6111 9.15
      vertex -42.8513 -23.2913 9.15
    endloop
  endfacet
  facet normal 0 0 1
    outer loop
      vertex -43.5568 -23.6684 9.15
      vertex -42.8513 -23.2913 9.15
      vertex -43.0107 -22.9542 9.15
    endloop
  endfacet
  facet normal 0 0 1
    outer loop
      vertex -42.4374 -23.9107 9.15
      vertex -43.0558 -24.4182 9.15
      vertex -42.7527 -24.7527 9.15
    endloop
  endfacet
  facet normal 0 0 1
    outer loop
      vertex -43.7498 -23.2603 9.15
      vertex -43.0107 -22.9542 9.15
      vertex -43.1364 -22.6031 9.15
    endloop
  endfacet
  facet normal 0 0 1
    outer loop
      vertex -43.9019 -22.8353 9.15
      vertex -43.1364 -22.6031 9.15
      vertex -43.227 -22.2413 9.15
    endloop
  endfacet
  facet normal 0 0 1
    outer loop
      vertex -44.0116 -22.3974 9.15
      vertex -43.227 -22.2413 9.15
      vertex -43.2817 -21.8725 9.15
    endloop
  endfacet
  facet normal 0 0 1
    outer loop
      vertex -42.6596 -23.6111 9.15
      vertex -43.3247 -24.0556 9.15
      vertex -43.0558 -24.4182 9.15
    endloop
  endfacet
  facet normal 0 0 1
    outer loop
      vertex -44.0778 -21.9509 9.15
      vertex -43.2817 -21.8725 9.15
      vertex -43.3 -21.5 9.15
    endloop
  endfacet
  facet normal 0 0 1
    outer loop
      vertex -43.3 21.5 9.15
      vertex -44.1 21.5 9.15
      vertex -43.3 -21.5 9.15
    endloop
  endfacet
  facet normal -0 0 1
    outer loop
      vertex -44.0116 22.3974 9.15
      vertex -43.227 22.2413 9.15
      vertex -43.9019 22.8353 9.15
    endloop
  endfacet
  facet normal 0 0 1
    outer loop
      vertex -44.1 -21.5 9.15
      vertex -43.3 -21.5 9.15
      vertex -44.1 21.5 9.15
    endloop
  endfacet
  facet normal 0 0 1
    outer loop
      vertex -43.227 22.2413 9.15
      vertex -44.0116 22.3974 9.15
      vertex -43.2817 21.8725 9.15
    endloop
  endfacet
  facet normal 0 -0 1
    outer loop
      vertex -44.0778 -21.9509 9.15
      vertex -43.3 -21.5 9.15
      vertex -44.1 -21.5 9.15
    endloop
  endfacet
  facet normal -0 0 1
    outer loop
      vertex -44.0778 21.9509 9.15
      vertex -43.2817 21.8725 9.15
      vertex -44.0116 22.3974 9.15
    endloop
  endfacet
  facet normal 0 0 1
    outer loop
      vertex -42.8513 -23.2913 9.15
      vertex -43.5568 -23.6684 9.15
      vertex -43.3247 -24.0556 9.15
    endloop
  endfacet
  facet normal 0 0 1
    outer loop
      vertex -43.2817 21.8725 9.15
      vertex -44.0778 21.9509 9.15
      vertex -43.3 21.5 9.15
    endloop
  endfacet
  facet normal 0 0 1
    outer loop
      vertex -43.0107 -22.9542 9.15
      vertex -43.7498 -23.2603 9.15
      vertex -43.5568 -23.6684 9.15
    endloop
  endfacet
  facet normal 0 0 1
    outer loop
      vertex -43.3 21.5 9.15
      vertex -44.0778 21.9509 9.15
      vertex -44.1 21.5 9.15
    endloop
  endfacet
  facet normal 0 0 1
    outer loop
      vertex -43.1364 -22.6031 9.15
      vertex -43.9019 -22.8353 9.15
      vertex -43.7498 -23.2603 9.15
    endloop
  endfacet
  facet normal 0 0 1
    outer loop
      vertex -43.227 -22.2413 9.15
      vertex -44.0116 -22.3974 9.15
      vertex -43.9019 -22.8353 9.15
    endloop
  endfacet
  facet normal 0 0 1
    outer loop
      vertex -43.2817 -21.8725 9.15
      vertex -44.0778 -21.9509 9.15
      vertex -44.0116 -22.3974 9.15
    endloop
  endfacet
  facet normal 0.941521 0.336954 0
    outer loop
      vertex -43.7498 -23.2603 10.65
      vertex -43.9019 -22.8353 9.15
      vertex -43.9019 -22.8353 10.65
    endloop
  endfacet
  facet normal 0.941521 0.336954 0
    outer loop
      vertex -43.9019 -22.8353 9.15
      vertex -43.7498 -23.2603 10.65
      vertex -43.7498 -23.2603 9.15
    endloop
  endfacet
  facet normal 0.857708 0.514137 0
    outer loop
      vertex -43.3247 -24.0556 10.65
      vertex -43.5568 -23.6684 9.15
      vertex -43.5568 -23.6684 10.65
    endloop
  endfacet
  facet normal 0.857708 0.514137 0
    outer loop
      vertex -43.5568 -23.6684 9.15
      vertex -43.3247 -24.0556 10.65
      vertex -43.3247 -24.0556 9.15
    endloop
  endfacet
  facet normal -0.336954 0.941521 0
    outer loop
      vertex 41.2603 -25.7498 9.15
      vertex 40.8353 -25.9019 10.65
      vertex 41.2603 -25.7498 10.65
    endloop
  endfacet
  facet normal -0.336954 0.941521 0
    outer loop
      vertex 40.8353 -25.9019 10.65
      vertex 41.2603 -25.7498 9.15
      vertex 40.8353 -25.9019 9.15
    endloop
  endfacet
  facet normal 0.336954 0.941521 -0
    outer loop
      vertex -40.8353 -25.9019 9.15
      vertex -41.2603 -25.7498 10.65
      vertex -40.8353 -25.9019 10.65
    endloop
  endfacet
  facet normal 0.336954 0.941521 0
    outer loop
      vertex -41.2603 -25.7498 10.65
      vertex -40.8353 -25.9019 9.15
      vertex -41.2603 -25.7498 9.15
    endloop
  endfacet
  facet normal -0.243005 -0.970025 0
    outer loop
      vertex 40.3974 26.0116 9.15
      vertex 40.8353 25.9019 10.65
      vertex 40.3974 26.0116 10.65
    endloop
  endfacet
  facet normal -0.243005 -0.970025 -0
    outer loop
      vertex 40.8353 25.9019 10.65
      vertex 40.3974 26.0116 9.15
      vertex 40.8353 25.9019 9.15
    endloop
  endfacet
  facet normal 0.0491753 -0.99879 0
    outer loop
      vertex -39.9509 26.0778 9.15
      vertex -39.5 26.1 10.65
      vertex -39.9509 26.0778 10.65
    endloop
  endfacet
  facet normal 0.0491753 -0.99879 0
    outer loop
      vertex -39.5 26.1 10.65
      vertex -39.9509 26.0778 9.15
      vertex -39.5 26.1 9.15
    endloop
  endfacet
  facet normal -0.904004 -0.427524 0
    outer loop
      vertex 43.7498 23.2603 9.15
      vertex 43.5568 23.6684 10.65
      vertex 43.5568 23.6684 9.15
    endloop
  endfacet
  facet normal -0.904004 -0.427524 0
    outer loop
      vertex 43.5568 23.6684 10.65
      vertex 43.7498 23.2603 9.15
      vertex 43.7498 23.2603 10.65
    endloop
  endfacet
  facet normal -0.595667 -0.803231 0
    outer loop
      vertex 42.0556 25.3247 9.15
      vertex 42.4182 25.0558 10.65
      vertex 42.0556 25.3247 10.65
    endloop
  endfacet
  facet normal -0.595667 -0.803231 -0
    outer loop
      vertex 42.4182 25.0558 10.65
      vertex 42.0556 25.3247 9.15
      vertex 42.4182 25.0558 9.15
    endloop
  endfacet
  facet normal -0.595667 0.803231 0
    outer loop
      vertex 42.4182 -25.0558 9.15
      vertex 42.0556 -25.3247 10.65
      vertex 42.4182 -25.0558 10.65
    endloop
  endfacet
  facet normal -0.595667 0.803231 0
    outer loop
      vertex 42.0556 -25.3247 10.65
      vertex 42.4182 -25.0558 9.15
      vertex 42.0556 -25.3247 9.15
    endloop
  endfacet
  facet normal -0.741032 0.67147 0
    outer loop
      vertex 42.7527 -24.7527 9.15
      vertex 43.0558 -24.4182 10.65
      vertex 43.0558 -24.4182 9.15
    endloop
  endfacet
  facet normal -0.741032 0.67147 0
    outer loop
      vertex 43.0558 -24.4182 10.65
      vertex 42.7527 -24.7527 9.15
      vertex 42.7527 -24.7527 10.65
    endloop
  endfacet
  facet normal -0.803231 0.595667 0
    outer loop
      vertex 43.0558 -24.4182 9.15
      vertex 43.3247 -24.0556 10.65
      vertex 43.3247 -24.0556 9.15
    endloop
  endfacet
  facet normal -0.803231 0.595667 0
    outer loop
      vertex 43.3247 -24.0556 10.65
      vertex 43.0558 -24.4182 9.15
      vertex 43.0558 -24.4182 10.65
    endloop
  endfacet
  facet normal -0.99879 0.0491753 0
    outer loop
      vertex 44.0778 -21.9509 9.15
      vertex 44.1 -21.5 10.65
      vertex 44.1 -21.5 9.15
    endloop
  endfacet
  facet normal -0.99879 0.0491753 0
    outer loop
      vertex 44.1 -21.5 10.65
      vertex 44.0778 -21.9509 9.15
      vertex 44.0778 -21.9509 10.65
    endloop
  endfacet
  facet normal -0.941521 0.336954 0
    outer loop
      vertex 43.7498 -23.2603 9.15
      vertex 43.9019 -22.8353 10.65
      vertex 43.9019 -22.8353 9.15
    endloop
  endfacet
  facet normal -0.941521 0.336954 0
    outer loop
      vertex 43.9019 -22.8353 10.65
      vertex 43.7498 -23.2603 9.15
      vertex 43.7498 -23.2603 10.65
    endloop
  endfacet
  facet normal -0.904004 0.427524 0
    outer loop
      vertex 43.5568 -23.6684 9.15
      vertex 43.7498 -23.2603 10.65
      vertex 43.7498 -23.2603 9.15
    endloop
  endfacet
  facet normal -0.904004 0.427524 0
    outer loop
      vertex 43.7498 -23.2603 10.65
      vertex 43.5568 -23.6684 9.15
      vertex 43.5568 -23.6684 10.65
    endloop
  endfacet
  facet normal 0.989187 -0.146661 0
    outer loop
      vertex -44.0778 21.9509 10.65
      vertex -44.0116 22.3974 9.15
      vertex -44.0116 22.3974 10.65
    endloop
  endfacet
  facet normal 0.989187 -0.146661 0
    outer loop
      vertex -44.0116 22.3974 9.15
      vertex -44.0778 21.9509 10.65
      vertex -44.0778 21.9509 9.15
    endloop
  endfacet
  facet normal 0.970025 -0.243005 0
    outer loop
      vertex -44.0116 22.3974 10.65
      vertex -43.9019 22.8353 9.15
      vertex -43.9019 22.8353 10.65
    endloop
  endfacet
  facet normal 0.970025 -0.243005 0
    outer loop
      vertex -43.9019 22.8353 9.15
      vertex -44.0116 22.3974 10.65
      vertex -44.0116 22.3974 9.15
    endloop
  endfacet
  facet normal 0.595667 -0.803231 0
    outer loop
      vertex -42.4182 25.0558 9.15
      vertex -42.0556 25.3247 10.65
      vertex -42.4182 25.0558 10.65
    endloop
  endfacet
  facet normal 0.595667 -0.803231 0
    outer loop
      vertex -42.0556 25.3247 10.65
      vertex -42.4182 25.0558 9.15
      vertex -42.0556 25.3247 9.15
    endloop
  endfacet
  facet normal 0.857708 -0.514137 0
    outer loop
      vertex -43.5568 23.6684 10.65
      vertex -43.3247 24.0556 9.15
      vertex -43.3247 24.0556 10.65
    endloop
  endfacet
  facet normal 0.857708 -0.514137 0
    outer loop
      vertex -43.3247 24.0556 9.15
      vertex -43.5568 23.6684 10.65
      vertex -43.5568 23.6684 9.15
    endloop
  endfacet
  facet normal 0.904004 -0.427524 0
    outer loop
      vertex -43.7498 23.2603 10.65
      vertex -43.5568 23.6684 9.15
      vertex -43.5568 23.6684 10.65
    endloop
  endfacet
  facet normal 0.904004 -0.427524 0
    outer loop
      vertex -43.5568 23.6684 9.15
      vertex -43.7498 23.2603 10.65
      vertex -43.7498 23.2603 9.15
    endloop
  endfacet
  facet normal 0.741032 0.67147 0
    outer loop
      vertex -42.7527 -24.7527 10.65
      vertex -43.0558 -24.4182 9.15
      vertex -43.0558 -24.4182 10.65
    endloop
  endfacet
  facet normal 0.741032 0.67147 0
    outer loop
      vertex -43.0558 -24.4182 9.15
      vertex -42.7527 -24.7527 10.65
      vertex -42.7527 -24.7527 9.15
    endloop
  endfacet
  facet normal 0.989187 0.146661 0
    outer loop
      vertex -44.0116 -22.3974 10.65
      vertex -44.0778 -21.9509 9.15
      vertex -44.0778 -21.9509 10.65
    endloop
  endfacet
  facet normal 0.989187 0.146661 0
    outer loop
      vertex -44.0778 -21.9509 9.15
      vertex -44.0116 -22.3974 10.65
      vertex -44.0116 -22.3974 9.15
    endloop
  endfacet
  facet normal 0.904004 0.427524 0
    outer loop
      vertex -43.5568 -23.6684 10.65
      vertex -43.7498 -23.2603 9.15
      vertex -43.7498 -23.2603 10.65
    endloop
  endfacet
  facet normal 0.904004 0.427524 0
    outer loop
      vertex -43.7498 -23.2603 9.15
      vertex -43.5568 -23.6684 10.65
      vertex -43.5568 -23.6684 9.15
    endloop
  endfacet
  facet normal 0.803231 0.595667 0
    outer loop
      vertex -43.0558 -24.4182 10.65
      vertex -43.3247 -24.0556 9.15
      vertex -43.3247 -24.0556 10.65
    endloop
  endfacet
  facet normal 0.803231 0.595667 0
    outer loop
      vertex -43.3247 -24.0556 9.15
      vertex -43.0558 -24.4182 10.65
      vertex -43.0558 -24.4182 9.15
    endloop
  endfacet
  facet normal 0.146661 -0.989187 0
    outer loop
      vertex -40.3974 26.0116 9.15
      vertex -39.9509 26.0778 10.65
      vertex -40.3974 26.0116 10.65
    endloop
  endfacet
  facet normal 0.146661 -0.989187 0
    outer loop
      vertex -39.9509 26.0778 10.65
      vertex -40.3974 26.0116 9.15
      vertex -39.9509 26.0778 9.15
    endloop
  endfacet
  facet normal -0.970025 -0.243005 0
    outer loop
      vertex 44.0116 22.3974 9.15
      vertex 43.9019 22.8353 10.65
      vertex 43.9019 22.8353 9.15
    endloop
  endfacet
  facet normal -0.970025 -0.243005 0
    outer loop
      vertex 43.9019 22.8353 10.65
      vertex 44.0116 22.3974 9.15
      vertex 44.0116 22.3974 10.65
    endloop
  endfacet
  facet normal -0.99879 -0.0491753 0
    outer loop
      vertex 44.1 21.5 9.15
      vertex 44.0778 21.9509 10.65
      vertex 44.0778 21.9509 9.15
    endloop
  endfacet
  facet normal -0.99879 -0.0491753 0
    outer loop
      vertex 44.0778 21.9509 10.65
      vertex 44.1 21.5 9.15
      vertex 44.1 21.5 10.65
    endloop
  endfacet
  facet normal -0.941521 -0.336954 0
    outer loop
      vertex 43.9019 22.8353 9.15
      vertex 43.7498 23.2603 10.65
      vertex 43.7498 23.2603 9.15
    endloop
  endfacet
  facet normal -0.941521 -0.336954 0
    outer loop
      vertex 43.7498 23.2603 10.65
      vertex 43.9019 22.8353 9.15
      vertex 43.9019 22.8353 10.65
    endloop
  endfacet
  facet normal -0.803231 -0.595667 0
    outer loop
      vertex 43.3247 24.0556 9.15
      vertex 43.0558 24.4182 10.65
      vertex 43.0558 24.4182 9.15
    endloop
  endfacet
  facet normal -0.803231 -0.595667 0
    outer loop
      vertex 43.0558 24.4182 10.65
      vertex 43.3247 24.0556 9.15
      vertex 43.3247 24.0556 10.65
    endloop
  endfacet
  facet normal -0.857708 -0.514137 0
    outer loop
      vertex 43.5568 23.6684 9.15
      vertex 43.3247 24.0556 10.65
      vertex 43.3247 24.0556 9.15
    endloop
  endfacet
  facet normal -0.857708 -0.514137 0
    outer loop
      vertex 43.3247 24.0556 10.65
      vertex 43.5568 23.6684 9.15
      vertex 43.5568 23.6684 10.65
    endloop
  endfacet
  facet normal -0.67147 0.741032 0
    outer loop
      vertex 42.7527 -24.7527 9.15
      vertex 42.4182 -25.0558 10.65
      vertex 42.7527 -24.7527 10.65
    endloop
  endfacet
  facet normal -0.67147 0.741032 0
    outer loop
      vertex 42.4182 -25.0558 10.65
      vertex 42.7527 -24.7527 9.15
      vertex 42.4182 -25.0558 9.15
    endloop
  endfacet
  facet normal -0.857708 0.514137 0
    outer loop
      vertex 43.3247 -24.0556 9.15
      vertex 43.5568 -23.6684 10.65
      vertex 43.5568 -23.6684 9.15
    endloop
  endfacet
  facet normal -0.857708 0.514137 0
    outer loop
      vertex 43.5568 -23.6684 10.65
      vertex 43.3247 -24.0556 9.15
      vertex 43.3247 -24.0556 10.65
    endloop
  endfacet
  facet normal -0.989187 0.146661 0
    outer loop
      vertex 44.0116 -22.3974 9.15
      vertex 44.0778 -21.9509 10.65
      vertex 44.0778 -21.9509 9.15
    endloop
  endfacet
  facet normal -0.989187 0.146661 0
    outer loop
      vertex 44.0778 -21.9509 10.65
      vertex 44.0116 -22.3974 9.15
      vertex 44.0116 -22.3974 10.65
    endloop
  endfacet
  facet normal 0.67147 0.741032 -0
    outer loop
      vertex -42.4182 -25.0558 9.15
      vertex -42.7527 -24.7527 10.65
      vertex -42.4182 -25.0558 10.65
    endloop
  endfacet
  facet normal 0.67147 0.741032 0
    outer loop
      vertex -42.7527 -24.7527 10.65
      vertex -42.4182 -25.0558 9.15
      vertex -42.7527 -24.7527 9.15
    endloop
  endfacet
  facet normal 0.970025 0.243005 0
    outer loop
      vertex -43.9019 -22.8353 10.65
      vertex -44.0116 -22.3974 9.15
      vertex -44.0116 -22.3974 10.65
    endloop
  endfacet
  facet normal 0.970025 0.243005 0
    outer loop
      vertex -44.0116 -22.3974 9.15
      vertex -43.9019 -22.8353 10.65
      vertex -43.9019 -22.8353 9.15
    endloop
  endfacet
  facet normal -0.989187 -0.146661 0
    outer loop
      vertex 44.0778 21.9509 9.15
      vertex 44.0116 22.3974 10.65
      vertex 44.0116 22.3974 9.15
    endloop
  endfacet
  facet normal -0.989187 -0.146661 0
    outer loop
      vertex 44.0116 22.3974 10.65
      vertex 44.0778 21.9509 9.15
      vertex 44.0778 21.9509 10.65
    endloop
  endfacet
  facet normal -0.67147 -0.741032 0
    outer loop
      vertex 42.4182 25.0558 9.15
      vertex 42.7527 24.7527 10.65
      vertex 42.4182 25.0558 10.65
    endloop
  endfacet
  facet normal -0.67147 -0.741032 -0
    outer loop
      vertex 42.7527 24.7527 10.65
      vertex 42.4182 25.0558 9.15
      vertex 42.7527 24.7527 9.15
    endloop
  endfacet
  facet normal -0.741032 -0.67147 0
    outer loop
      vertex 43.0558 24.4182 9.15
      vertex 42.7527 24.7527 10.65
      vertex 42.7527 24.7527 9.15
    endloop
  endfacet
  facet normal -0.741032 -0.67147 0
    outer loop
      vertex 42.7527 24.7527 10.65
      vertex 43.0558 24.4182 9.15
      vertex 43.0558 24.4182 10.65
    endloop
  endfacet
  facet normal 0.0490099 -0.998798 0
    outer loop
      vertex 39.5 -27.8 0
      vertex 40.1175 -27.7697 14.4
      vertex 39.5 -27.8 14.4
    endloop
  endfacet
  facet normal 0.0490099 -0.998798 0
    outer loop
      vertex 40.1175 -27.7697 14.4
      vertex 39.5 -27.8 0
      vertex 40.1175 -27.7697 0
    endloop
  endfacet
  facet normal 0.146877 -0.989155 0
    outer loop
      vertex 40.1175 -27.7697 0
      vertex 40.729 -27.6789 14.4
      vertex 40.1175 -27.7697 14.4
    endloop
  endfacet
  facet normal 0.146877 -0.989155 0
    outer loop
      vertex 40.729 -27.6789 14.4
      vertex 40.1175 -27.7697 0
      vertex 40.729 -27.6789 0
    endloop
  endfacet
  facet normal -0.0490099 0.998798 0
    outer loop
      vertex -39.5 27.8 0
      vertex -40.1175 27.7697 14.4
      vertex -39.5 27.8 14.4
    endloop
  endfacet
  facet normal -0.0490099 0.998798 0
    outer loop
      vertex -40.1175 27.7697 14.4
      vertex -39.5 27.8 0
      vertex -40.1175 27.7697 0
    endloop
  endfacet
  facet normal 1 0 0
    outer loop
      vertex 45.8 21.5 14.4
      vertex 45.8 6.5 11.2
      vertex 45.8 21.5 0
    endloop
  endfacet
  facet normal 1 0 0
    outer loop
      vertex 45.8 21.5 14.4
      vertex 45.8 -6.5 11.2
      vertex 45.8 6.5 11.2
    endloop
  endfacet
  facet normal 1 0 0
    outer loop
      vertex 45.8 -6.5 11.2
      vertex 45.8 -21.5 14.4
      vertex 45.8 -6.5 3.2
    endloop
  endfacet
  facet normal 1 -0 0
    outer loop
      vertex 45.8 -21.5 14.4
      vertex 45.8 -6.5 11.2
      vertex 45.8 21.5 14.4
    endloop
  endfacet
  facet normal 1 -0 0
    outer loop
      vertex 45.8 6.5 3.2
      vertex 45.8 21.5 0
      vertex 45.8 6.5 11.2
    endloop
  endfacet
  facet normal 1 -0 0
    outer loop
      vertex 45.8 -6.5 3.2
      vertex 45.8 21.5 0
      vertex 45.8 6.5 3.2
    endloop
  endfacet
  facet normal 1 0 0
    outer loop
      vertex 45.8 -6.5 3.2
      vertex 45.8 -21.5 0
      vertex 45.8 21.5 0
    endloop
  endfacet
  facet normal 1 0 0
    outer loop
      vertex 45.8 -21.5 0
      vertex 45.8 -6.5 3.2
      vertex 45.8 -21.5 14.4
    endloop
  endfacet
  facet normal 0 -1 0
    outer loop
      vertex -39.5 -27.8 0
      vertex 39.5 -27.8 14.4
      vertex -39.5 -27.8 14.4
    endloop
  endfacet
  facet normal 0 -1 -0
    outer loop
      vertex 39.5 -27.8 14.4
      vertex -39.5 -27.8 0
      vertex 39.5 -27.8 0
    endloop
  endfacet
  facet normal 0 1 -0
    outer loop
      vertex 39.5 27.8 0
      vertex -39.5 27.8 14.4
      vertex 39.5 27.8 14.4
    endloop
  endfacet
  facet normal 0 1 0
    outer loop
      vertex -39.5 27.8 14.4
      vertex 39.5 27.8 0
      vertex -39.5 27.8 0
    endloop
  endfacet
  facet normal -0.989155 0.146877 0
    outer loop
      vertex -45.7697 22.1175 0
      vertex -45.6789 22.729 14.4
      vertex -45.6789 22.729 0
    endloop
  endfacet
  facet normal -0.989155 0.146877 0
    outer loop
      vertex -45.6789 22.729 14.4
      vertex -45.7697 22.1175 0
      vertex -45.7697 22.1175 14.4
    endloop
  endfacet
  facet normal 0 0 -1
    outer loop
      vertex 39.5 -27.8 0
      vertex 45.8 -21.5 0
      vertex 45.7697 -22.1175 0
    endloop
  endfacet
  facet normal 0 0 -1
    outer loop
      vertex 45.8 -21.5 0
      vertex 29.3 -20.1 0
      vertex 45.8 21.5 0
    endloop
  endfacet
  facet normal 0 0 -1
    outer loop
      vertex 39.5 -27.8 0
      vertex 45.7697 -22.1175 0
      vertex 45.6789 -22.729 0
    endloop
  endfacet
  facet normal 0 0 -1
    outer loop
      vertex 29.3 20.1 0
      vertex 45.8 21.5 0
      vertex 29.3 -20.1 0
    endloop
  endfacet
  facet normal 0 0 -1
    outer loop
      vertex 39.5 -27.8 0
      vertex 45.6789 -22.729 0
      vertex 45.5287 -23.3288 0
    endloop
  endfacet
  facet normal 0 -0 -1
    outer loop
      vertex 39.5 27.8 0
      vertex 45.8 21.5 0
      vertex 29.3 20.1 0
    endloop
  endfacet
  facet normal 0 0 -1
    outer loop
      vertex 39.5 -27.8 0
      vertex 45.5287 -23.3288 0
      vertex 45.3204 -23.9109 0
    endloop
  endfacet
  facet normal 0 0 -1
    outer loop
      vertex 45.8 21.5 0
      vertex 39.5 27.8 0
      vertex 45.7697 22.1175 0
    endloop
  endfacet
  facet normal 0 0 -1
    outer loop
      vertex 39.5 -27.8 0
      vertex 45.3204 -23.9109 0
      vertex 45.0561 -24.4698 0
    endloop
  endfacet
  facet normal 0 0 -1
    outer loop
      vertex 45.7697 22.1175 0
      vertex 39.5 27.8 0
      vertex 45.6789 22.729 0
    endloop
  endfacet
  facet normal 0 0 -1
    outer loop
      vertex 39.5 -27.8 0
      vertex 45.0561 -24.4698 0
      vertex 44.7383 -25.0001 0
    endloop
  endfacet
  facet normal 0 0 -1
    outer loop
      vertex 45.6789 22.729 0
      vertex 39.5 27.8 0
      vertex 45.5287 23.3288 0
    endloop
  endfacet
  facet normal 0 0 -1
    outer loop
      vertex 39.5 -27.8 0
      vertex 44.7383 -25.0001 0
      vertex 44.3699 -25.4967 0
    endloop
  endfacet
  facet normal 0 0 -1
    outer loop
      vertex 45.5287 23.3288 0
      vertex 39.5 27.8 0
      vertex 45.3204 23.9109 0
    endloop
  endfacet
  facet normal 0 0 -1
    outer loop
      vertex 39.5 -27.8 0
      vertex 44.3699 -25.4967 0
      vertex 43.9548 -25.9548 0
    endloop
  endfacet
  facet normal 0 0 -1
    outer loop
      vertex 45.3204 23.9109 0
      vertex 39.5 27.8 0
      vertex 45.0561 24.4698 0
    endloop
  endfacet
  facet normal 0 0 -1
    outer loop
      vertex 39.5 -27.8 0
      vertex 43.9548 -25.9548 0
      vertex 43.4967 -26.3699 0
    endloop
  endfacet
  facet normal 0 0 -1
    outer loop
      vertex 45.0561 24.4698 0
      vertex 39.5 27.8 0
      vertex 44.7383 25.0001 0
    endloop
  endfacet
  facet normal 0 0 -1
    outer loop
      vertex 39.5 -27.8 0
      vertex 43.4967 -26.3699 0
      vertex 43.0001 -26.7383 0
    endloop
  endfacet
  facet normal 0 0 -1
    outer loop
      vertex 44.7383 25.0001 0
      vertex 39.5 27.8 0
      vertex 44.3699 25.4967 0
    endloop
  endfacet
  facet normal 0 0 -1
    outer loop
      vertex 39.5 -27.8 0
      vertex 43.0001 -26.7383 0
      vertex 42.4698 -27.0561 0
    endloop
  endfacet
  facet normal 0 0 -1
    outer loop
      vertex 44.3699 25.4967 0
      vertex 39.5 27.8 0
      vertex 43.9548 25.9548 0
    endloop
  endfacet
  facet normal 0 0 -1
    outer loop
      vertex 39.5 -27.8 0
      vertex 42.4698 -27.0561 0
      vertex 41.9109 -27.3204 0
    endloop
  endfacet
  facet normal 0 0 -1
    outer loop
      vertex 43.9548 25.9548 0
      vertex 39.5 27.8 0
      vertex 43.4967 26.3699 0
    endloop
  endfacet
  facet normal 0 0 -1
    outer loop
      vertex 39.5 -27.8 0
      vertex 41.9109 -27.3204 0
      vertex 41.3288 -27.5287 0
    endloop
  endfacet
  facet normal 0 0 -1
    outer loop
      vertex 43.4967 26.3699 0
      vertex 39.5 27.8 0
      vertex 43.0001 26.7383 0
    endloop
  endfacet
  facet normal 0 0 -1
    outer loop
      vertex 39.5 -27.8 0
      vertex 41.3288 -27.5287 0
      vertex 40.729 -27.6789 0
    endloop
  endfacet
  facet normal 0 0 -1
    outer loop
      vertex 43.0001 26.7383 0
      vertex 39.5 27.8 0
      vertex 42.4698 27.0561 0
    endloop
  endfacet
  facet normal 0 0 -1
    outer loop
      vertex 39.5 -27.8 0
      vertex 40.729 -27.6789 0
      vertex 40.1175 -27.7697 0
    endloop
  endfacet
  facet normal 0 0 -1
    outer loop
      vertex 42.4698 27.0561 0
      vertex 39.5 27.8 0
      vertex 41.9109 27.3204 0
    endloop
  endfacet
  facet normal -0 0 -1
    outer loop
      vertex 45.8 -21.5 0
      vertex 39.5 -27.8 0
      vertex 29.3 -20.1 0
    endloop
  endfacet
  facet normal 0 0 -1
    outer loop
      vertex 41.9109 27.3204 0
      vertex 39.5 27.8 0
      vertex 41.3288 27.5287 0
    endloop
  endfacet
  facet normal 0 0 -1
    outer loop
      vertex 41.3288 27.5287 0
      vertex 39.5 27.8 0
      vertex 40.729 27.6789 0
    endloop
  endfacet
  facet normal 0 0 -1
    outer loop
      vertex 39.5 -27.8 0
      vertex 29.2904 -20.296 0
      vertex 29.3 -20.1 0
    endloop
  endfacet
  facet normal 0 0 -1
    outer loop
      vertex 39.5 -27.8 0
      vertex 29.2616 -20.4902 0
      vertex 29.2904 -20.296 0
    endloop
  endfacet
  facet normal 0 0 -1
    outer loop
      vertex 39.5 -27.8 0
      vertex 29.2139 -20.6806 0
      vertex 29.2616 -20.4902 0
    endloop
  endfacet
  facet normal 0 0 -1
    outer loop
      vertex 39.5 -27.8 0
      vertex 29.1478 -20.8654 0
      vertex 29.2139 -20.6806 0
    endloop
  endfacet
  facet normal 0 0 -1
    outer loop
      vertex 39.5 -27.8 0
      vertex 29.0638 -21.0428 0
      vertex 29.1478 -20.8654 0
    endloop
  endfacet
  facet normal 0 0 -1
    outer loop
      vertex 39.5 -27.8 0
      vertex 28.9629 -21.2111 0
      vertex 29.0638 -21.0428 0
    endloop
  endfacet
  facet normal 0 0 -1
    outer loop
      vertex 39.5 -27.8 0
      vertex 28.846 -21.3688 0
      vertex 28.9629 -21.2111 0
    endloop
  endfacet
  facet normal 0 0 -1
    outer loop
      vertex 39.5 -27.8 0
      vertex 28.7142 -21.5142 0
      vertex 28.846 -21.3688 0
    endloop
  endfacet
  facet normal 0 0 -1
    outer loop
      vertex 39.5 -27.8 0
      vertex 28.5688 -21.646 0
      vertex 28.7142 -21.5142 0
    endloop
  endfacet
  facet normal 0 0 -1
    outer loop
      vertex 39.5 -27.8 0
      vertex 28.4111 -21.7629 0
      vertex 28.5688 -21.646 0
    endloop
  endfacet
  facet normal 0 0 -1
    outer loop
      vertex 39.5 -27.8 0
      vertex 28.2428 -21.8638 0
      vertex 28.4111 -21.7629 0
    endloop
  endfacet
  facet normal 0 0 -1
    outer loop
      vertex 39.5 -27.8 0
      vertex 28.0654 -21.9478 0
      vertex 28.2428 -21.8638 0
    endloop
  endfacet
  facet normal 0 0 -1
    outer loop
      vertex 39.5 -27.8 0
      vertex 27.8806 -22.0139 0
      vertex 28.0654 -21.9478 0
    endloop
  endfacet
  facet normal 0 0 -1
    outer loop
      vertex 39.5 -27.8 0
      vertex 27.6902 -22.0616 0
      vertex 27.8806 -22.0139 0
    endloop
  endfacet
  facet normal 0 0 -1
    outer loop
      vertex 39.5 -27.8 0
      vertex 27.496 -22.0904 0
      vertex 27.6902 -22.0616 0
    endloop
  endfacet
  facet normal 0 0 -1
    outer loop
      vertex 39.5 -27.8 0
      vertex 27.3 -22.1 0
      vertex 27.496 -22.0904 0
    endloop
  endfacet
  facet normal 0 0 -1
    outer loop
      vertex 39.5 -27.8 0
      vertex -27.3 -22.1 0
      vertex 27.3 -22.1 0
    endloop
  endfacet
  facet normal 0 0 -1
    outer loop
      vertex -39.5 -27.8 0
      vertex -27.3 -22.1 0
      vertex 39.5 -27.8 0
    endloop
  endfacet
  facet normal 0 0 -1
    outer loop
      vertex -45.8 -21.5 0
      vertex -29.3 -20.1 0
      vertex -39.5 -27.8 0
    endloop
  endfacet
  facet normal -0 0 -1
    outer loop
      vertex -29.2904 -20.296 0
      vertex -39.5 -27.8 0
      vertex -29.3 -20.1 0
    endloop
  endfacet
  facet normal -0 0 -1
    outer loop
      vertex -29.2616 -20.4902 0
      vertex -39.5 -27.8 0
      vertex -29.2904 -20.296 0
    endloop
  endfacet
  facet normal -0 0 -1
    outer loop
      vertex -29.2139 -20.6806 0
      vertex -39.5 -27.8 0
      vertex -29.2616 -20.4902 0
    endloop
  endfacet
  facet normal -0 0 -1
    outer loop
      vertex -29.1478 -20.8654 0
      vertex -39.5 -27.8 0
      vertex -29.2139 -20.6806 0
    endloop
  endfacet
  facet normal -0 0 -1
    outer loop
      vertex -29.0638 -21.0428 0
      vertex -39.5 -27.8 0
      vertex -29.1478 -20.8654 0
    endloop
  endfacet
  facet normal -0 0 -1
    outer loop
      vertex -28.9629 -21.2111 0
      vertex -39.5 -27.8 0
      vertex -29.0638 -21.0428 0
    endloop
  endfacet
  facet normal -0 0 -1
    outer loop
      vertex -28.846 -21.3688 0
      vertex -39.5 -27.8 0
      vertex -28.9629 -21.2111 0
    endloop
  endfacet
  facet normal -0 0 -1
    outer loop
      vertex -28.7142 -21.5142 0
      vertex -39.5 -27.8 0
      vertex -28.846 -21.3688 0
    endloop
  endfacet
  facet normal -0 0 -1
    outer loop
      vertex -28.5688 -21.646 0
      vertex -39.5 -27.8 0
      vertex -28.7142 -21.5142 0
    endloop
  endfacet
  facet normal -0 0 -1
    outer loop
      vertex -28.4111 -21.7629 0
      vertex -39.5 -27.8 0
      vertex -28.5688 -21.646 0
    endloop
  endfacet
  facet normal -0 0 -1
    outer loop
      vertex -28.2428 -21.8638 0
      vertex -39.5 -27.8 0
      vertex -28.4111 -21.7629 0
    endloop
  endfacet
  facet normal -0 0 -1
    outer loop
      vertex -28.0654 -21.9478 0
      vertex -39.5 -27.8 0
      vertex -28.2428 -21.8638 0
    endloop
  endfacet
  facet normal -0 0 -1
    outer loop
      vertex -27.8806 -22.0139 0
      vertex -39.5 -27.8 0
      vertex -28.0654 -21.9478 0
    endloop
  endfacet
  facet normal -0 0 -1
    outer loop
      vertex -27.6902 -22.0616 0
      vertex -39.5 -27.8 0
      vertex -27.8806 -22.0139 0
    endloop
  endfacet
  facet normal -0 0 -1
    outer loop
      vertex -27.496 -22.0904 0
      vertex -39.5 -27.8 0
      vertex -27.6902 -22.0616 0
    endloop
  endfacet
  facet normal -0 0 -1
    outer loop
      vertex -27.3 -22.1 0
      vertex -39.5 -27.8 0
      vertex -27.496 -22.0904 0
    endloop
  endfacet
  facet normal 0 0 -1
    outer loop
      vertex 40.729 27.6789 0
      vertex 39.5 27.8 0
      vertex 40.1175 27.7697 0
    endloop
  endfacet
  facet normal 0 0 -1
    outer loop
      vertex 29.2904 20.296 0
      vertex 39.5 27.8 0
      vertex 29.3 20.1 0
    endloop
  endfacet
  facet normal 0 0 -1
    outer loop
      vertex 29.2616 20.4902 0
      vertex 39.5 27.8 0
      vertex 29.2904 20.296 0
    endloop
  endfacet
  facet normal 0 0 -1
    outer loop
      vertex 29.2139 20.6806 0
      vertex 39.5 27.8 0
      vertex 29.2616 20.4902 0
    endloop
  endfacet
  facet normal 0 0 -1
    outer loop
      vertex 29.1478 20.8654 0
      vertex 39.5 27.8 0
      vertex 29.2139 20.6806 0
    endloop
  endfacet
  facet normal 0 0 -1
    outer loop
      vertex 29.0638 21.0428 0
      vertex 39.5 27.8 0
      vertex 29.1478 20.8654 0
    endloop
  endfacet
  facet normal 0 0 -1
    outer loop
      vertex 28.9629 21.2111 0
      vertex 39.5 27.8 0
      vertex 29.0638 21.0428 0
    endloop
  endfacet
  facet normal 0 0 -1
    outer loop
      vertex 28.846 21.3688 0
      vertex 39.5 27.8 0
      vertex 28.9629 21.2111 0
    endloop
  endfacet
  facet normal 0 0 -1
    outer loop
      vertex 28.7142 21.5142 0
      vertex 39.5 27.8 0
      vertex 28.846 21.3688 0
    endloop
  endfacet
  facet normal 0 0 -1
    outer loop
      vertex 28.5688 21.646 0
      vertex 39.5 27.8 0
      vertex 28.7142 21.5142 0
    endloop
  endfacet
  facet normal 0 0 -1
    outer loop
      vertex 28.4111 21.7629 0
      vertex 39.5 27.8 0
      vertex 28.5688 21.646 0
    endloop
  endfacet
  facet normal 0 0 -1
    outer loop
      vertex 28.2428 21.8638 0
      vertex 39.5 27.8 0
      vertex 28.4111 21.7629 0
    endloop
  endfacet
  facet normal 0 0 -1
    outer loop
      vertex 28.0654 21.9478 0
      vertex 39.5 27.8 0
      vertex 28.2428 21.8638 0
    endloop
  endfacet
  facet normal 0 0 -1
    outer loop
      vertex 27.8806 22.0139 0
      vertex 39.5 27.8 0
      vertex 28.0654 21.9478 0
    endloop
  endfacet
  facet normal 0 0 -1
    outer loop
      vertex 27.6902 22.0616 0
      vertex 39.5 27.8 0
      vertex 27.8806 22.0139 0
    endloop
  endfacet
  facet normal 0 0 -1
    outer loop
      vertex 27.496 22.0904 0
      vertex 39.5 27.8 0
      vertex 27.6902 22.0616 0
    endloop
  endfacet
  facet normal 0 0 -1
    outer loop
      vertex 27.3 22.1 0
      vertex 39.5 27.8 0
      vertex 27.496 22.0904 0
    endloop
  endfacet
  facet normal 0 0 -1
    outer loop
      vertex -27.3 22.1 0
      vertex 39.5 27.8 0
      vertex 27.3 22.1 0
    endloop
  endfacet
  facet normal 0 0 -1
    outer loop
      vertex -39.5 27.8 0
      vertex -27.3 22.1 0
      vertex -27.496 22.0904 0
    endloop
  endfacet
  facet normal -0 0 -1
    outer loop
      vertex -29.3 -20.1 0
      vertex -45.8 -21.5 0
      vertex -29.3 20.1 0
    endloop
  endfacet
  facet normal 0 0 -1
    outer loop
      vertex -45.8 21.5 0
      vertex -29.3 20.1 0
      vertex -45.8 -21.5 0
    endloop
  endfacet
  facet normal 0 0 -1
    outer loop
      vertex -27.3 22.1 0
      vertex -39.5 27.8 0
      vertex 39.5 27.8 0
    endloop
  endfacet
  facet normal 0 0 -1
    outer loop
      vertex -27.6902 22.0616 0
      vertex -39.5 27.8 0
      vertex -27.496 22.0904 0
    endloop
  endfacet
  facet normal 0 0 -1
    outer loop
      vertex -27.8806 22.0139 0
      vertex -39.5 27.8 0
      vertex -27.6902 22.0616 0
    endloop
  endfacet
  facet normal 0 0 -1
    outer loop
      vertex -28.0654 21.9478 0
      vertex -39.5 27.8 0
      vertex -27.8806 22.0139 0
    endloop
  endfacet
  facet normal 0 0 -1
    outer loop
      vertex -28.2428 21.8638 0
      vertex -39.5 27.8 0
      vertex -28.0654 21.9478 0
    endloop
  endfacet
  facet normal 0 0 -1
    outer loop
      vertex -28.4111 21.7629 0
      vertex -39.5 27.8 0
      vertex -28.2428 21.8638 0
    endloop
  endfacet
  facet normal 0 0 -1
    outer loop
      vertex -28.5688 21.646 0
      vertex -39.5 27.8 0
      vertex -28.4111 21.7629 0
    endloop
  endfacet
  facet normal 0 0 -1
    outer loop
      vertex -28.7142 21.5142 0
      vertex -39.5 27.8 0
      vertex -28.5688 21.646 0
    endloop
  endfacet
  facet normal 0 0 -1
    outer loop
      vertex -28.846 21.3688 0
      vertex -39.5 27.8 0
      vertex -28.7142 21.5142 0
    endloop
  endfacet
  facet normal 0 0 -1
    outer loop
      vertex -28.9629 21.2111 0
      vertex -39.5 27.8 0
      vertex -28.846 21.3688 0
    endloop
  endfacet
  facet normal 0 0 -1
    outer loop
      vertex -29.0638 21.0428 0
      vertex -39.5 27.8 0
      vertex -28.9629 21.2111 0
    endloop
  endfacet
  facet normal 0 0 -1
    outer loop
      vertex -29.1478 20.8654 0
      vertex -39.5 27.8 0
      vertex -29.0638 21.0428 0
    endloop
  endfacet
  facet normal 0 0 -1
    outer loop
      vertex -29.2139 20.6806 0
      vertex -39.5 27.8 0
      vertex -29.1478 20.8654 0
    endloop
  endfacet
  facet normal 0 0 -1
    outer loop
      vertex -29.2616 20.4902 0
      vertex -39.5 27.8 0
      vertex -29.2139 20.6806 0
    endloop
  endfacet
  facet normal 0 -0 -1
    outer loop
      vertex -39.5 27.8 0
      vertex -29.3 20.1 0
      vertex -45.8 21.5 0
    endloop
  endfacet
  facet normal 0 0 -1
    outer loop
      vertex -45.8 -21.5 0
      vertex -39.5 -27.8 0
      vertex -40.1175 -27.7697 0
    endloop
  endfacet
  facet normal 0 0 -1
    outer loop
      vertex -29.3 20.1 0
      vertex -39.5 27.8 0
      vertex -29.2904 20.296 0
    endloop
  endfacet
  facet normal 0 0 -1
    outer loop
      vertex -45.8 -21.5 0
      vertex -40.1175 -27.7697 0
      vertex -40.729 -27.6789 0
    endloop
  endfacet
  facet normal 0 0 -1
    outer loop
      vertex -29.2904 20.296 0
      vertex -39.5 27.8 0
      vertex -29.2616 20.4902 0
    endloop
  endfacet
  facet normal 0 0 -1
    outer loop
      vertex -45.8 -21.5 0
      vertex -40.729 -27.6789 0
      vertex -41.3288 -27.5287 0
    endloop
  endfacet
  facet normal 0 0 -1
    outer loop
      vertex -39.5 27.8 0
      vertex -45.8 21.5 0
      vertex -40.1175 27.7697 0
    endloop
  endfacet
  facet normal 0 0 -1
    outer loop
      vertex -45.8 -21.5 0
      vertex -41.3288 -27.5287 0
      vertex -41.9109 -27.3204 0
    endloop
  endfacet
  facet normal 0 0 -1
    outer loop
      vertex -40.1175 27.7697 0
      vertex -45.8 21.5 0
      vertex -40.729 27.6789 0
    endloop
  endfacet
  facet normal 0 0 -1
    outer loop
      vertex -45.8 -21.5 0
      vertex -41.9109 -27.3204 0
      vertex -42.4698 -27.0561 0
    endloop
  endfacet
  facet normal 0 0 -1
    outer loop
      vertex -40.729 27.6789 0
      vertex -45.8 21.5 0
      vertex -41.3288 27.5287 0
    endloop
  endfacet
  facet normal 0 0 -1
    outer loop
      vertex -45.8 -21.5 0
      vertex -42.4698 -27.0561 0
      vertex -43.0001 -26.7383 0
    endloop
  endfacet
  facet normal 0 0 -1
    outer loop
      vertex -41.3288 27.5287 0
      vertex -45.8 21.5 0
      vertex -41.9109 27.3204 0
    endloop
  endfacet
  facet normal 0 0 -1
    outer loop
      vertex -45.8 -21.5 0
      vertex -43.0001 -26.7383 0
      vertex -43.4967 -26.3699 0
    endloop
  endfacet
  facet normal 0 0 -1
    outer loop
      vertex -41.9109 27.3204 0
      vertex -45.8 21.5 0
      vertex -42.4698 27.0561 0
    endloop
  endfacet
  facet normal 0 0 -1
    outer loop
      vertex -45.8 -21.5 0
      vertex -43.4967 -26.3699 0
      vertex -43.9548 -25.9548 0
    endloop
  endfacet
  facet normal 0 0 -1
    outer loop
      vertex -42.4698 27.0561 0
      vertex -45.8 21.5 0
      vertex -43.0001 26.7383 0
    endloop
  endfacet
  facet normal 0 0 -1
    outer loop
      vertex -45.8 -21.5 0
      vertex -43.9548 -25.9548 0
      vertex -44.3699 -25.4967 0
    endloop
  endfacet
  facet normal 0 0 -1
    outer loop
      vertex -43.0001 26.7383 0
      vertex -45.8 21.5 0
      vertex -43.4967 26.3699 0
    endloop
  endfacet
  facet normal 0 0 -1
    outer loop
      vertex -45.8 -21.5 0
      vertex -44.3699 -25.4967 0
      vertex -44.7383 -25.0001 0
    endloop
  endfacet
  facet normal 0 0 -1
    outer loop
      vertex -43.4967 26.3699 0
      vertex -45.8 21.5 0
      vertex -43.9548 25.9548 0
    endloop
  endfacet
  facet normal 0 0 -1
    outer loop
      vertex -45.8 -21.5 0
      vertex -44.7383 -25.0001 0
      vertex -45.0561 -24.4698 0
    endloop
  endfacet
  facet normal 0 0 -1
    outer loop
      vertex -43.9548 25.9548 0
      vertex -45.8 21.5 0
      vertex -44.3699 25.4967 0
    endloop
  endfacet
  facet normal 0 0 -1
    outer loop
      vertex -45.8 -21.5 0
      vertex -45.0561 -24.4698 0
      vertex -45.3204 -23.9109 0
    endloop
  endfacet
  facet normal 0 0 -1
    outer loop
      vertex -44.3699 25.4967 0
      vertex -45.8 21.5 0
      vertex -44.7383 25.0001 0
    endloop
  endfacet
  facet normal 0 0 -1
    outer loop
      vertex -45.8 -21.5 0
      vertex -45.3204 -23.9109 0
      vertex -45.5287 -23.3288 0
    endloop
  endfacet
  facet normal 0 0 -1
    outer loop
      vertex -44.7383 25.0001 0
      vertex -45.8 21.5 0
      vertex -45.0561 24.4698 0
    endloop
  endfacet
  facet normal 0 0 -1
    outer loop
      vertex -45.8 -21.5 0
      vertex -45.5287 -23.3288 0
      vertex -45.6789 -22.729 0
    endloop
  endfacet
  facet normal 0 0 -1
    outer loop
      vertex -45.0561 24.4698 0
      vertex -45.8 21.5 0
      vertex -45.3204 23.9109 0
    endloop
  endfacet
  facet normal 0 0 -1
    outer loop
      vertex -45.8 -21.5 0
      vertex -45.6789 -22.729 0
      vertex -45.7697 -22.1175 0
    endloop
  endfacet
  facet normal 0 0 -1
    outer loop
      vertex -45.3204 23.9109 0
      vertex -45.8 21.5 0
      vertex -45.5287 23.3288 0
    endloop
  endfacet
  facet normal 0 0 -1
    outer loop
      vertex -45.5287 23.3288 0
      vertex -45.8 21.5 0
      vertex -45.6789 22.729 0
    endloop
  endfacet
  facet normal 0 0 -1
    outer loop
      vertex -45.6789 22.729 0
      vertex -45.8 21.5 0
      vertex -45.7697 22.1175 0
    endloop
  endfacet
  facet normal -0.514044 -0.857764 0
    outer loop
      vertex -43.0001 -26.7383 0
      vertex -42.4698 -27.0561 14.4
      vertex -43.0001 -26.7383 14.4
    endloop
  endfacet
  facet normal -0.514044 -0.857764 -0
    outer loop
      vertex -42.4698 -27.0561 14.4
      vertex -43.0001 -26.7383 0
      vertex -42.4698 -27.0561 0
    endloop
  endfacet
  facet normal -0.5958 0.803133 0
    outer loop
      vertex -43.0001 26.7383 0
      vertex -43.4967 26.3699 14.4
      vertex -43.0001 26.7383 14.4
    endloop
  endfacet
  facet normal -0.5958 0.803133 0
    outer loop
      vertex -43.4967 26.3699 14.4
      vertex -43.0001 26.7383 0
      vertex -43.4967 26.3699 0
    endloop
  endfacet
  facet normal -0.74103 0.671472 0
    outer loop
      vertex -44.3699 25.4967 0
      vertex -43.9548 25.9548 14.4
      vertex -43.9548 25.9548 0
    endloop
  endfacet
  facet normal -0.74103 0.671472 0
    outer loop
      vertex -43.9548 25.9548 14.4
      vertex -44.3699 25.4967 0
      vertex -44.3699 25.4967 14.4
    endloop
  endfacet
  facet normal -0.74103 -0.671472 0
    outer loop
      vertex -43.9548 -25.9548 0
      vertex -44.3699 -25.4967 14.4
      vertex -44.3699 -25.4967 0
    endloop
  endfacet
  facet normal -0.74103 -0.671472 0
    outer loop
      vertex -44.3699 -25.4967 14.4
      vertex -43.9548 -25.9548 0
      vertex -43.9548 -25.9548 14.4
    endloop
  endfacet
  facet normal -0.33692 -0.941533 0
    outer loop
      vertex -41.9109 -27.3204 0
      vertex -41.3288 -27.5287 14.4
      vertex -41.9109 -27.3204 14.4
    endloop
  endfacet
  facet normal -0.33692 -0.941533 -0
    outer loop
      vertex -41.3288 -27.5287 14.4
      vertex -41.9109 -27.3204 0
      vertex -41.3288 -27.5287 0
    endloop
  endfacet
  facet normal -0.998798 0.0490099 0
    outer loop
      vertex -45.8 21.5 0
      vertex -45.7697 22.1175 14.4
      vertex -45.7697 22.1175 0
    endloop
  endfacet
  facet normal -0.998798 0.0490099 0
    outer loop
      vertex -45.7697 22.1175 14.4
      vertex -45.8 21.5 0
      vertex -45.8 21.5 14.4
    endloop
  endfacet
  facet normal 0 0 1
    outer loop
      vertex 43.3 21.5 14.4
      vertex 45.8 21.5 14.4
      vertex 45.7697 22.1175 14.4
    endloop
  endfacet
  facet normal 0 0 1
    outer loop
      vertex 45.8 21.5 14.4
      vertex 43.3 21.5 14.4
      vertex 45.8 -21.5 14.4
    endloop
  endfacet
  facet normal 0 0 1
    outer loop
      vertex 43.2817 21.8725 14.4
      vertex 45.7697 22.1175 14.4
      vertex 45.6789 22.729 14.4
    endloop
  endfacet
  facet normal 0 0 1
    outer loop
      vertex 43.3 -21.5 14.4
      vertex 45.8 -21.5 14.4
      vertex 43.3 21.5 14.4
    endloop
  endfacet
  facet normal 0 0 1
    outer loop
      vertex 43.227 22.2413 14.4
      vertex 45.6789 22.729 14.4
      vertex 45.5287 23.3288 14.4
    endloop
  endfacet
  facet normal 0 0 1
    outer loop
      vertex 45.8 -21.5 14.4
      vertex 43.3 -21.5 14.4
      vertex 45.7697 -22.1175 14.4
    endloop
  endfacet
  facet normal 0 0 1
    outer loop
      vertex 43.1364 22.6031 14.4
      vertex 45.5287 23.3288 14.4
      vertex 45.3204 23.9109 14.4
    endloop
  endfacet
  facet normal -0 0 1
    outer loop
      vertex 43.2817 -21.8725 14.4
      vertex 45.7697 -22.1175 14.4
      vertex 43.3 -21.5 14.4
    endloop
  endfacet
  facet normal 0 0 1
    outer loop
      vertex 43.0107 22.9542 14.4
      vertex 45.3204 23.9109 14.4
      vertex 45.0561 24.4698 14.4
    endloop
  endfacet
  facet normal 0 0 1
    outer loop
      vertex 45.7697 -22.1175 14.4
      vertex 43.2817 -21.8725 14.4
      vertex 45.6789 -22.729 14.4
    endloop
  endfacet
  facet normal 0 0 1
    outer loop
      vertex 42.8513 23.2913 14.4
      vertex 45.0561 24.4698 14.4
      vertex 44.7383 25.0001 14.4
    endloop
  endfacet
  facet normal -0 0 1
    outer loop
      vertex 43.227 -22.2413 14.4
      vertex 45.6789 -22.729 14.4
      vertex 43.2817 -21.8725 14.4
    endloop
  endfacet
  facet normal 0 0 1
    outer loop
      vertex 42.6596 23.6111 14.4
      vertex 44.7383 25.0001 14.4
      vertex 44.3699 25.4967 14.4
    endloop
  endfacet
  facet normal 0 0 1
    outer loop
      vertex 45.6789 -22.729 14.4
      vertex 43.227 -22.2413 14.4
      vertex 45.5287 -23.3288 14.4
    endloop
  endfacet
  facet normal 0 0 1
    outer loop
      vertex 42.4374 23.9107 14.4
      vertex 44.3699 25.4967 14.4
      vertex 43.9548 25.9548 14.4
    endloop
  endfacet
  facet normal -0 0 1
    outer loop
      vertex 43.1364 -22.6031 14.4
      vertex 45.5287 -23.3288 14.4
      vertex 43.227 -22.2413 14.4
    endloop
  endfacet
  facet normal 0 0 1
    outer loop
      vertex 42.187 24.187 14.4
      vertex 43.9548 25.9548 14.4
      vertex 43.4967 26.3699 14.4
    endloop
  endfacet
  facet normal 0 0 1
    outer loop
      vertex 45.5287 -23.3288 14.4
      vertex 43.1364 -22.6031 14.4
      vertex 45.3204 -23.9109 14.4
    endloop
  endfacet
  facet normal -0 0 1
    outer loop
      vertex 43.0107 -22.9542 14.4
      vertex 45.3204 -23.9109 14.4
      vertex 43.1364 -22.6031 14.4
    endloop
  endfacet
  facet normal 0 0 1
    outer loop
      vertex 45.7697 22.1175 14.4
      vertex 43.2817 21.8725 14.4
      vertex 43.3 21.5 14.4
    endloop
  endfacet
  facet normal 0 0 1
    outer loop
      vertex 45.6789 22.729 14.4
      vertex 43.227 22.2413 14.4
      vertex 43.2817 21.8725 14.4
    endloop
  endfacet
  facet normal 0 0 1
    outer loop
      vertex 45.5287 23.3288 14.4
      vertex 43.1364 22.6031 14.4
      vertex 43.227 22.2413 14.4
    endloop
  endfacet
  facet normal 0 0 1
    outer loop
      vertex 45.3204 23.9109 14.4
      vertex 43.0107 22.9542 14.4
      vertex 43.1364 22.6031 14.4
    endloop
  endfacet
  facet normal 0 0 1
    outer loop
      vertex 41.9107 24.4374 14.4
      vertex 43.4967 26.3699 14.4
      vertex 43.0001 26.7383 14.4
    endloop
  endfacet
  facet normal 0 0 1
    outer loop
      vertex 45.0561 24.4698 14.4
      vertex 42.8513 23.2913 14.4
      vertex 43.0107 22.9542 14.4
    endloop
  endfacet
  facet normal 0 0 1
    outer loop
      vertex 44.7383 25.0001 14.4
      vertex 42.6596 23.6111 14.4
      vertex 42.8513 23.2913 14.4
    endloop
  endfacet
  facet normal 0 0 1
    outer loop
      vertex 41.6111 24.6596 14.4
      vertex 43.0001 26.7383 14.4
      vertex 42.4698 27.0561 14.4
    endloop
  endfacet
  facet normal 0 0 1
    outer loop
      vertex 44.3699 25.4967 14.4
      vertex 42.4374 23.9107 14.4
      vertex 42.6596 23.6111 14.4
    endloop
  endfacet
  facet normal 0 0 1
    outer loop
      vertex 43.9548 25.9548 14.4
      vertex 42.187 24.187 14.4
      vertex 42.4374 23.9107 14.4
    endloop
  endfacet
  facet normal 0 0 1
    outer loop
      vertex 41.2913 24.8513 14.4
      vertex 42.4698 27.0561 14.4
      vertex 41.9109 27.3204 14.4
    endloop
  endfacet
  facet normal 0 0 1
    outer loop
      vertex 43.4967 26.3699 14.4
      vertex 41.9107 24.4374 14.4
      vertex 42.187 24.187 14.4
    endloop
  endfacet
  facet normal 0 0 1
    outer loop
      vertex 43.0001 26.7383 14.4
      vertex 41.6111 24.6596 14.4
      vertex 41.9107 24.4374 14.4
    endloop
  endfacet
  facet normal 0 0 1
    outer loop
      vertex 40.9542 25.0107 14.4
      vertex 41.9109 27.3204 14.4
      vertex 41.3288 27.5287 14.4
    endloop
  endfacet
  facet normal 0 0 1
    outer loop
      vertex 42.4698 27.0561 14.4
      vertex 41.2913 24.8513 14.4
      vertex 41.6111 24.6596 14.4
    endloop
  endfacet
  facet normal 0 0 1
    outer loop
      vertex 41.9109 27.3204 14.4
      vertex 40.9542 25.0107 14.4
      vertex 41.2913 24.8513 14.4
    endloop
  endfacet
  facet normal 0 0 1
    outer loop
      vertex 40.6031 25.1364 14.4
      vertex 41.3288 27.5287 14.4
      vertex 40.729 27.6789 14.4
    endloop
  endfacet
  facet normal 0 0 1
    outer loop
      vertex 41.3288 27.5287 14.4
      vertex 40.6031 25.1364 14.4
      vertex 40.9542 25.0107 14.4
    endloop
  endfacet
  facet normal 0 0 1
    outer loop
      vertex 40.729 27.6789 14.4
      vertex 40.2413 25.227 14.4
      vertex 40.6031 25.1364 14.4
    endloop
  endfacet
  facet normal 0 0 1
    outer loop
      vertex 40.1175 27.7697 14.4
      vertex 40.2413 25.227 14.4
      vertex 40.729 27.6789 14.4
    endloop
  endfacet
  facet normal 0 0 1
    outer loop
      vertex 40.1175 27.7697 14.4
      vertex 39.8725 25.2817 14.4
      vertex 40.2413 25.227 14.4
    endloop
  endfacet
  facet normal 0 0 1
    outer loop
      vertex 39.5 27.8 14.4
      vertex 39.8725 25.2817 14.4
      vertex 40.1175 27.7697 14.4
    endloop
  endfacet
  facet normal 0 0 1
    outer loop
      vertex 39.5 27.8 14.4
      vertex 39.5 25.3 14.4
      vertex 39.8725 25.2817 14.4
    endloop
  endfacet
  facet normal -0 0 1
    outer loop
      vertex -39.5 27.8 14.4
      vertex 39.5 25.3 14.4
      vertex 39.5 27.8 14.4
    endloop
  endfacet
  facet normal 0 0 1
    outer loop
      vertex -39.5 27.8 14.4
      vertex -39.5 25.3 14.4
      vertex 39.5 25.3 14.4
    endloop
  endfacet
  facet normal 0 0 1
    outer loop
      vertex -39.5 27.8 14.4
      vertex -39.8725 25.2817 14.4
      vertex -39.5 25.3 14.4
    endloop
  endfacet
  facet normal -0 0 1
    outer loop
      vertex -40.1175 27.7697 14.4
      vertex -39.8725 25.2817 14.4
      vertex -39.5 27.8 14.4
    endloop
  endfacet
  facet normal 0 0 1
    outer loop
      vertex -40.1175 27.7697 14.4
      vertex -40.2413 25.227 14.4
      vertex -39.8725 25.2817 14.4
    endloop
  endfacet
  facet normal -0 0 1
    outer loop
      vertex -40.729 27.6789 14.4
      vertex -40.2413 25.227 14.4
      vertex -40.1175 27.7697 14.4
    endloop
  endfacet
  facet normal 0 0 1
    outer loop
      vertex -40.2413 25.227 14.4
      vertex -40.729 27.6789 14.4
      vertex -40.6031 25.1364 14.4
    endloop
  endfacet
  facet normal -0 0 1
    outer loop
      vertex -41.3288 27.5287 14.4
      vertex -40.6031 25.1364 14.4
      vertex -40.729 27.6789 14.4
    endloop
  endfacet
  facet normal 0 0 1
    outer loop
      vertex -40.6031 25.1364 14.4
      vertex -41.3288 27.5287 14.4
      vertex -40.9542 25.0107 14.4
    endloop
  endfacet
  facet normal -0 0 1
    outer loop
      vertex -41.9109 27.3204 14.4
      vertex -40.9542 25.0107 14.4
      vertex -41.3288 27.5287 14.4
    endloop
  endfacet
  facet normal 0 0 1
    outer loop
      vertex -40.9542 25.0107 14.4
      vertex -41.9109 27.3204 14.4
      vertex -41.2913 24.8513 14.4
    endloop
  endfacet
  facet normal -0 0 1
    outer loop
      vertex -42.4698 27.0561 14.4
      vertex -41.2913 24.8513 14.4
      vertex -41.9109 27.3204 14.4
    endloop
  endfacet
  facet normal 0 0 1
    outer loop
      vertex -41.2913 24.8513 14.4
      vertex -42.4698 27.0561 14.4
      vertex -41.6111 24.6596 14.4
    endloop
  endfacet
  facet normal -0 0 1
    outer loop
      vertex -43.0001 26.7383 14.4
      vertex -41.6111 24.6596 14.4
      vertex -42.4698 27.0561 14.4
    endloop
  endfacet
  facet normal 0 0 1
    outer loop
      vertex -41.6111 24.6596 14.4
      vertex -43.0001 26.7383 14.4
      vertex -41.9107 24.4374 14.4
    endloop
  endfacet
  facet normal -0 0 1
    outer loop
      vertex -43.4967 26.3699 14.4
      vertex -41.9107 24.4374 14.4
      vertex -43.0001 26.7383 14.4
    endloop
  endfacet
  facet normal 0 0 1
    outer loop
      vertex -41.9107 24.4374 14.4
      vertex -43.4967 26.3699 14.4
      vertex -42.187 24.187 14.4
    endloop
  endfacet
  facet normal -0 0 1
    outer loop
      vertex -43.9548 25.9548 14.4
      vertex -42.187 24.187 14.4
      vertex -43.4967 26.3699 14.4
    endloop
  endfacet
  facet normal 0 0 1
    outer loop
      vertex -42.187 24.187 14.4
      vertex -43.9548 25.9548 14.4
      vertex -42.4374 23.9107 14.4
    endloop
  endfacet
  facet normal -0 0 1
    outer loop
      vertex -44.3699 25.4967 14.4
      vertex -42.4374 23.9107 14.4
      vertex -43.9548 25.9548 14.4
    endloop
  endfacet
  facet normal 0 0 1
    outer loop
      vertex -42.4374 23.9107 14.4
      vertex -44.3699 25.4967 14.4
      vertex -42.6596 23.6111 14.4
    endloop
  endfacet
  facet normal -0 0 1
    outer loop
      vertex -44.7383 25.0001 14.4
      vertex -42.6596 23.6111 14.4
      vertex -44.3699 25.4967 14.4
    endloop
  endfacet
  facet normal 0 0 1
    outer loop
      vertex -42.6596 23.6111 14.4
      vertex -44.7383 25.0001 14.4
      vertex -42.8513 23.2913 14.4
    endloop
  endfacet
  facet normal -0 0 1
    outer loop
      vertex -45.3204 23.9109 14.4
      vertex -43.0107 22.9542 14.4
      vertex -45.0561 24.4698 14.4
    endloop
  endfacet
  facet normal 0 0 1
    outer loop
      vertex -42.8513 23.2913 14.4
      vertex -45.0561 24.4698 14.4
      vertex -43.0107 22.9542 14.4
    endloop
  endfacet
  facet normal -0 0 1
    outer loop
      vertex -45.0561 24.4698 14.4
      vertex -42.8513 23.2913 14.4
      vertex -44.7383 25.0001 14.4
    endloop
  endfacet
  facet normal 0 0 1
    outer loop
      vertex 45.3204 -23.9109 14.4
      vertex 43.0107 -22.9542 14.4
      vertex 45.0561 -24.4698 14.4
    endloop
  endfacet
  facet normal -0 0 1
    outer loop
      vertex 42.8513 -23.2913 14.4
      vertex 45.0561 -24.4698 14.4
      vertex 43.0107 -22.9542 14.4
    endloop
  endfacet
  facet normal 0 0 1
    outer loop
      vertex 45.0561 -24.4698 14.4
      vertex 42.8513 -23.2913 14.4
      vertex 44.7383 -25.0001 14.4
    endloop
  endfacet
  facet normal -0 0 1
    outer loop
      vertex 42.6596 -23.6111 14.4
      vertex 44.7383 -25.0001 14.4
      vertex 42.8513 -23.2913 14.4
    endloop
  endfacet
  facet normal 0 0 1
    outer loop
      vertex 44.7383 -25.0001 14.4
      vertex 42.6596 -23.6111 14.4
      vertex 44.3699 -25.4967 14.4
    endloop
  endfacet
  facet normal -0 0 1
    outer loop
      vertex 42.4374 -23.9107 14.4
      vertex 44.3699 -25.4967 14.4
      vertex 42.6596 -23.6111 14.4
    endloop
  endfacet
  facet normal 0 0 1
    outer loop
      vertex 44.3699 -25.4967 14.4
      vertex 42.4374 -23.9107 14.4
      vertex 43.9548 -25.9548 14.4
    endloop
  endfacet
  facet normal -0 0 1
    outer loop
      vertex 42.187 -24.187 14.4
      vertex 43.9548 -25.9548 14.4
      vertex 42.4374 -23.9107 14.4
    endloop
  endfacet
  facet normal 0 0 1
    outer loop
      vertex 43.9548 -25.9548 14.4
      vertex 42.187 -24.187 14.4
      vertex 43.4967 -26.3699 14.4
    endloop
  endfacet
  facet normal -0 0 1
    outer loop
      vertex 41.9107 -24.4374 14.4
      vertex 43.4967 -26.3699 14.4
      vertex 42.187 -24.187 14.4
    endloop
  endfacet
  facet normal 0 0 1
    outer loop
      vertex 43.4967 -26.3699 14.4
      vertex 41.9107 -24.4374 14.4
      vertex 43.0001 -26.7383 14.4
    endloop
  endfacet
  facet normal -0 0 1
    outer loop
      vertex 41.6111 -24.6596 14.4
      vertex 43.0001 -26.7383 14.4
      vertex 41.9107 -24.4374 14.4
    endloop
  endfacet
  facet normal 0 0 1
    outer loop
      vertex 43.0001 -26.7383 14.4
      vertex 41.6111 -24.6596 14.4
      vertex 42.4698 -27.0561 14.4
    endloop
  endfacet
  facet normal -0 0 1
    outer loop
      vertex 41.2913 -24.8513 14.4
      vertex 42.4698 -27.0561 14.4
      vertex 41.6111 -24.6596 14.4
    endloop
  endfacet
  facet normal 0 0 1
    outer loop
      vertex 42.4698 -27.0561 14.4
      vertex 41.2913 -24.8513 14.4
      vertex 41.9109 -27.3204 14.4
    endloop
  endfacet
  facet normal -0 0 1
    outer loop
      vertex 40.9542 -25.0107 14.4
      vertex 41.9109 -27.3204 14.4
      vertex 41.2913 -24.8513 14.4
    endloop
  endfacet
  facet normal 0 0 1
    outer loop
      vertex 41.9109 -27.3204 14.4
      vertex 40.9542 -25.0107 14.4
      vertex 41.3288 -27.5287 14.4
    endloop
  endfacet
  facet normal -0 0 1
    outer loop
      vertex 40.6031 -25.1364 14.4
      vertex 41.3288 -27.5287 14.4
      vertex 40.9542 -25.0107 14.4
    endloop
  endfacet
  facet normal 0 0 1
    outer loop
      vertex 41.3288 -27.5287 14.4
      vertex 40.6031 -25.1364 14.4
      vertex 40.729 -27.6789 14.4
    endloop
  endfacet
  facet normal -0 0 1
    outer loop
      vertex 40.2413 -25.227 14.4
      vertex 40.729 -27.6789 14.4
      vertex 40.6031 -25.1364 14.4
    endloop
  endfacet
  facet normal 0 0 1
    outer loop
      vertex 40.2413 -25.227 14.4
      vertex 40.1175 -27.7697 14.4
      vertex 40.729 -27.6789 14.4
    endloop
  endfacet
  facet normal -0 0 1
    outer loop
      vertex 39.8725 -25.2817 14.4
      vertex 40.1175 -27.7697 14.4
      vertex 40.2413 -25.227 14.4
    endloop
  endfacet
  facet normal -0 0 1
    outer loop
      vertex 39.5 -25.3 14.4
      vertex 40.1175 -27.7697 14.4
      vertex 39.8725 -25.2817 14.4
    endloop
  endfacet
  facet normal 0 0 1
    outer loop
      vertex 39.5 -25.3 14.4
      vertex 39.5 -27.8 14.4
      vertex 40.1175 -27.7697 14.4
    endloop
  endfacet
  facet normal -0 0 1
    outer loop
      vertex -39.5 -25.3 14.4
      vertex 39.5 -27.8 14.4
      vertex 39.5 -25.3 14.4
    endloop
  endfacet
  facet normal 0 0 1
    outer loop
      vertex -39.5 -25.3 14.4
      vertex -39.5 -27.8 14.4
      vertex 39.5 -27.8 14.4
    endloop
  endfacet
  facet normal 0 0 1
    outer loop
      vertex -39.8725 -25.2817 14.4
      vertex -39.5 -27.8 14.4
      vertex -39.5 -25.3 14.4
    endloop
  endfacet
  facet normal 0 0 1
    outer loop
      vertex -39.8725 -25.2817 14.4
      vertex -40.1175 -27.7697 14.4
      vertex -39.5 -27.8 14.4
    endloop
  endfacet
  facet normal 0 0 1
    outer loop
      vertex -40.2413 -25.227 14.4
      vertex -40.1175 -27.7697 14.4
      vertex -39.8725 -25.2817 14.4
    endloop
  endfacet
  facet normal 0 0 1
    outer loop
      vertex -40.729 -27.6789 14.4
      vertex -40.2413 -25.227 14.4
      vertex -40.6031 -25.1364 14.4
    endloop
  endfacet
  facet normal 0 0 1
    outer loop
      vertex -40.2413 -25.227 14.4
      vertex -40.729 -27.6789 14.4
      vertex -40.1175 -27.7697 14.4
    endloop
  endfacet
  facet normal 0 0 1
    outer loop
      vertex -41.3288 -27.5287 14.4
      vertex -40.6031 -25.1364 14.4
      vertex -40.9542 -25.0107 14.4
    endloop
  endfacet
  facet normal 0 0 1
    outer loop
      vertex -41.9109 -27.3204 14.4
      vertex -40.9542 -25.0107 14.4
      vertex -41.2913 -24.8513 14.4
    endloop
  endfacet
  facet normal 0 0 1
    outer loop
      vertex -40.6031 -25.1364 14.4
      vertex -41.3288 -27.5287 14.4
      vertex -40.729 -27.6789 14.4
    endloop
  endfacet
  facet normal 0 0 1
    outer loop
      vertex -42.4698 -27.0561 14.4
      vertex -41.2913 -24.8513 14.4
      vertex -41.6111 -24.6596 14.4
    endloop
  endfacet
  facet normal 0 0 1
    outer loop
      vertex -43.0001 -26.7383 14.4
      vertex -41.6111 -24.6596 14.4
      vertex -41.9107 -24.4374 14.4
    endloop
  endfacet
  facet normal 0 0 1
    outer loop
      vertex -40.9542 -25.0107 14.4
      vertex -41.9109 -27.3204 14.4
      vertex -41.3288 -27.5287 14.4
    endloop
  endfacet
  facet normal 0 0 1
    outer loop
      vertex -43.4967 -26.3699 14.4
      vertex -41.9107 -24.4374 14.4
      vertex -42.187 -24.187 14.4
    endloop
  endfacet
  facet normal 0 0 1
    outer loop
      vertex -43.9548 -25.9548 14.4
      vertex -42.187 -24.187 14.4
      vertex -42.4374 -23.9107 14.4
    endloop
  endfacet
  facet normal 0 0 1
    outer loop
      vertex -41.2913 -24.8513 14.4
      vertex -42.4698 -27.0561 14.4
      vertex -41.9109 -27.3204 14.4
    endloop
  endfacet
  facet normal 0 0 1
    outer loop
      vertex -44.3699 -25.4967 14.4
      vertex -42.4374 -23.9107 14.4
      vertex -42.6596 -23.6111 14.4
    endloop
  endfacet
  facet normal 0 0 1
    outer loop
      vertex -44.7383 -25.0001 14.4
      vertex -42.6596 -23.6111 14.4
      vertex -42.8513 -23.2913 14.4
    endloop
  endfacet
  facet normal 0 0 1
    outer loop
      vertex -41.6111 -24.6596 14.4
      vertex -43.0001 -26.7383 14.4
      vertex -42.4698 -27.0561 14.4
    endloop
  endfacet
  facet normal 0 0 1
    outer loop
      vertex -45.0561 -24.4698 14.4
      vertex -42.8513 -23.2913 14.4
      vertex -43.0107 -22.9542 14.4
    endloop
  endfacet
  facet normal 0 0 1
    outer loop
      vertex -45.3204 -23.9109 14.4
      vertex -43.0107 -22.9542 14.4
      vertex -43.1364 -22.6031 14.4
    endloop
  endfacet
  facet normal 0 0 1
    outer loop
      vertex -45.5287 -23.3288 14.4
      vertex -43.1364 -22.6031 14.4
      vertex -43.227 -22.2413 14.4
    endloop
  endfacet
  facet normal 0 0 1
    outer loop
      vertex -45.6789 -22.729 14.4
      vertex -43.227 -22.2413 14.4
      vertex -43.2817 -21.8725 14.4
    endloop
  endfacet
  facet normal 0 0 1
    outer loop
      vertex -41.9107 -24.4374 14.4
      vertex -43.4967 -26.3699 14.4
      vertex -43.0001 -26.7383 14.4
    endloop
  endfacet
  facet normal 0 0 1
    outer loop
      vertex -45.7697 -22.1175 14.4
      vertex -43.2817 -21.8725 14.4
      vertex -43.3 -21.5 14.4
    endloop
  endfacet
  facet normal 0 0 1
    outer loop
      vertex -43.3 21.5 14.4
      vertex -45.8 21.5 14.4
      vertex -43.3 -21.5 14.4
    endloop
  endfacet
  facet normal 0 0 1
    outer loop
      vertex -43.0107 22.9542 14.4
      vertex -45.3204 23.9109 14.4
      vertex -43.1364 22.6031 14.4
    endloop
  endfacet
  facet normal 0 0 1
    outer loop
      vertex -45.8 -21.5 14.4
      vertex -43.3 -21.5 14.4
      vertex -45.8 21.5 14.4
    endloop
  endfacet
  facet normal -0 0 1
    outer loop
      vertex -45.5287 23.3288 14.4
      vertex -43.1364 22.6031 14.4
      vertex -45.3204 23.9109 14.4
    endloop
  endfacet
  facet normal 0 -0 1
    outer loop
      vertex -45.7697 -22.1175 14.4
      vertex -43.3 -21.5 14.4
      vertex -45.8 -21.5 14.4
    endloop
  endfacet
  facet normal 0 0 1
    outer loop
      vertex -43.1364 22.6031 14.4
      vertex -45.5287 23.3288 14.4
      vertex -43.227 22.2413 14.4
    endloop
  endfacet
  facet normal 0 0 1
    outer loop
      vertex -42.187 -24.187 14.4
      vertex -43.9548 -25.9548 14.4
      vertex -43.4967 -26.3699 14.4
    endloop
  endfacet
  facet normal -0 0 1
    outer loop
      vertex -45.6789 22.729 14.4
      vertex -43.227 22.2413 14.4
      vertex -45.5287 23.3288 14.4
    endloop
  endfacet
  facet normal 0 0 1
    outer loop
      vertex -42.4374 -23.9107 14.4
      vertex -44.3699 -25.4967 14.4
      vertex -43.9548 -25.9548 14.4
    endloop
  endfacet
  facet normal 0 0 1
    outer loop
      vertex -43.227 22.2413 14.4
      vertex -45.6789 22.729 14.4
      vertex -43.2817 21.8725 14.4
    endloop
  endfacet
  facet normal 0 0 1
    outer loop
      vertex -42.6596 -23.6111 14.4
      vertex -44.7383 -25.0001 14.4
      vertex -44.3699 -25.4967 14.4
    endloop
  endfacet
  facet normal -0 0 1
    outer loop
      vertex -45.7697 22.1175 14.4
      vertex -43.2817 21.8725 14.4
      vertex -45.6789 22.729 14.4
    endloop
  endfacet
  facet normal 0 0 1
    outer loop
      vertex -42.8513 -23.2913 14.4
      vertex -45.0561 -24.4698 14.4
      vertex -44.7383 -25.0001 14.4
    endloop
  endfacet
  facet normal 0 0 1
    outer loop
      vertex -43.2817 21.8725 14.4
      vertex -45.7697 22.1175 14.4
      vertex -43.3 21.5 14.4
    endloop
  endfacet
  facet normal 0 0 1
    outer loop
      vertex -43.0107 -22.9542 14.4
      vertex -45.3204 -23.9109 14.4
      vertex -45.0561 -24.4698 14.4
    endloop
  endfacet
  facet normal 0 0 1
    outer loop
      vertex -43.3 21.5 14.4
      vertex -45.7697 22.1175 14.4
      vertex -45.8 21.5 14.4
    endloop
  endfacet
  facet normal 0 0 1
    outer loop
      vertex -43.1364 -22.6031 14.4
      vertex -45.5287 -23.3288 14.4
      vertex -45.3204 -23.9109 14.4
    endloop
  endfacet
  facet normal 0 0 1
    outer loop
      vertex -43.227 -22.2413 14.4
      vertex -45.6789 -22.729 14.4
      vertex -45.5287 -23.3288 14.4
    endloop
  endfacet
  facet normal 0 0 1
    outer loop
      vertex -43.2817 -21.8725 14.4
      vertex -45.7697 -22.1175 14.4
      vertex -45.6789 -22.729 14.4
    endloop
  endfacet
  facet normal -0.242916 -0.970047 0
    outer loop
      vertex -41.3288 -27.5287 0
      vertex -40.729 -27.6789 14.4
      vertex -41.3288 -27.5287 14.4
    endloop
  endfacet
  facet normal -0.242916 -0.970047 -0
    outer loop
      vertex -40.729 -27.6789 14.4
      vertex -41.3288 -27.5287 0
      vertex -40.729 -27.6789 0
    endloop
  endfacet
  facet normal -0.0490099 -0.998798 0
    outer loop
      vertex -40.1175 -27.7697 0
      vertex -39.5 -27.8 14.4
      vertex -40.1175 -27.7697 14.4
    endloop
  endfacet
  facet normal -0.0490099 -0.998798 -0
    outer loop
      vertex -39.5 -27.8 14.4
      vertex -40.1175 -27.7697 0
      vertex -39.5 -27.8 0
    endloop
  endfacet
  facet normal -0.146877 -0.989155 0
    outer loop
      vertex -40.729 -27.6789 0
      vertex -40.1175 -27.7697 14.4
      vertex -40.729 -27.6789 14.4
    endloop
  endfacet
  facet normal -0.146877 -0.989155 -0
    outer loop
      vertex -40.1175 -27.7697 14.4
      vertex -40.729 -27.6789 0
      vertex -40.1175 -27.7697 0
    endloop
  endfacet
  facet normal 0.998798 0.0490099 0
    outer loop
      vertex 45.8 21.5 14.4
      vertex 45.7697 22.1175 0
      vertex 45.7697 22.1175 14.4
    endloop
  endfacet
  facet normal 0.998798 0.0490099 0
    outer loop
      vertex 45.7697 22.1175 0
      vertex 45.8 21.5 14.4
      vertex 45.8 21.5 0
    endloop
  endfacet
  facet normal 0.514044 0.857764 -0
    outer loop
      vertex 43.0001 26.7383 0
      vertex 42.4698 27.0561 14.4
      vertex 43.0001 26.7383 14.4
    endloop
  endfacet
  facet normal 0.514044 0.857764 0
    outer loop
      vertex 42.4698 27.0561 14.4
      vertex 43.0001 26.7383 0
      vertex 42.4698 27.0561 0
    endloop
  endfacet
  facet normal 0.427502 0.904014 -0
    outer loop
      vertex 42.4698 27.0561 0
      vertex 41.9109 27.3204 14.4
      vertex 42.4698 27.0561 14.4
    endloop
  endfacet
  facet normal 0.427502 0.904014 0
    outer loop
      vertex 41.9109 27.3204 14.4
      vertex 42.4698 27.0561 0
      vertex 41.9109 27.3204 0
    endloop
  endfacet
  facet normal 0.0490099 0.998798 -0
    outer loop
      vertex 40.1175 27.7697 0
      vertex 39.5 27.8 14.4
      vertex 40.1175 27.7697 14.4
    endloop
  endfacet
  facet normal 0.0490099 0.998798 0
    outer loop
      vertex 39.5 27.8 14.4
      vertex 40.1175 27.7697 0
      vertex 39.5 27.8 0
    endloop
  endfacet
  facet normal -0.146877 0.989155 0
    outer loop
      vertex -40.1175 27.7697 0
      vertex -40.729 27.6789 14.4
      vertex -40.1175 27.7697 14.4
    endloop
  endfacet
  facet normal -0.146877 0.989155 0
    outer loop
      vertex -40.729 27.6789 14.4
      vertex -40.1175 27.7697 0
      vertex -40.729 27.6789 0
    endloop
  endfacet
  facet normal -0.671472 0.74103 0
    outer loop
      vertex -43.4967 26.3699 0
      vertex -43.9548 25.9548 14.4
      vertex -43.4967 26.3699 14.4
    endloop
  endfacet
  facet normal -0.671472 0.74103 0
    outer loop
      vertex -43.9548 25.9548 14.4
      vertex -43.4967 26.3699 0
      vertex -43.9548 25.9548 0
    endloop
  endfacet
  facet normal -0.857764 0.514044 0
    outer loop
      vertex -45.0561 24.4698 0
      vertex -44.7383 25.0001 14.4
      vertex -44.7383 25.0001 0
    endloop
  endfacet
  facet normal -0.857764 0.514044 0
    outer loop
      vertex -44.7383 25.0001 14.4
      vertex -45.0561 24.4698 0
      vertex -45.0561 24.4698 14.4
    endloop
  endfacet
  facet normal -0.803133 0.5958 0
    outer loop
      vertex -44.7383 25.0001 0
      vertex -44.3699 25.4967 14.4
      vertex -44.3699 25.4967 0
    endloop
  endfacet
  facet normal -0.803133 0.5958 0
    outer loop
      vertex -44.3699 25.4967 14.4
      vertex -44.7383 25.0001 0
      vertex -44.7383 25.0001 14.4
    endloop
  endfacet
  facet normal -0.941533 0.33692 0
    outer loop
      vertex -45.5287 23.3288 0
      vertex -45.3204 23.9109 14.4
      vertex -45.3204 23.9109 0
    endloop
  endfacet
  facet normal -0.941533 0.33692 0
    outer loop
      vertex -45.3204 23.9109 14.4
      vertex -45.5287 23.3288 0
      vertex -45.5287 23.3288 14.4
    endloop
  endfacet
  facet normal -0.904014 0.427502 0
    outer loop
      vertex -45.3204 23.9109 0
      vertex -45.0561 24.4698 14.4
      vertex -45.0561 24.4698 0
    endloop
  endfacet
  facet normal -0.904014 0.427502 0
    outer loop
      vertex -45.0561 24.4698 14.4
      vertex -45.3204 23.9109 0
      vertex -45.3204 23.9109 14.4
    endloop
  endfacet
  facet normal -0.970047 0.242916 0
    outer loop
      vertex -45.6789 22.729 0
      vertex -45.5287 23.3288 14.4
      vertex -45.5287 23.3288 0
    endloop
  endfacet
  facet normal -0.970047 0.242916 0
    outer loop
      vertex -45.5287 23.3288 14.4
      vertex -45.6789 22.729 0
      vertex -45.6789 22.729 14.4
    endloop
  endfacet
  facet normal -0.904014 -0.427502 0
    outer loop
      vertex -45.0561 -24.4698 0
      vertex -45.3204 -23.9109 14.4
      vertex -45.3204 -23.9109 0
    endloop
  endfacet
  facet normal -0.904014 -0.427502 0
    outer loop
      vertex -45.3204 -23.9109 14.4
      vertex -45.0561 -24.4698 0
      vertex -45.0561 -24.4698 14.4
    endloop
  endfacet
  facet normal -0.671472 -0.74103 0
    outer loop
      vertex -43.9548 -25.9548 0
      vertex -43.4967 -26.3699 14.4
      vertex -43.9548 -25.9548 14.4
    endloop
  endfacet
  facet normal -0.671472 -0.74103 -0
    outer loop
      vertex -43.4967 -26.3699 14.4
      vertex -43.9548 -25.9548 0
      vertex -43.4967 -26.3699 0
    endloop
  endfacet
  facet normal -0.427502 -0.904014 0
    outer loop
      vertex -42.4698 -27.0561 0
      vertex -41.9109 -27.3204 14.4
      vertex -42.4698 -27.0561 14.4
    endloop
  endfacet
  facet normal -0.427502 -0.904014 -0
    outer loop
      vertex -41.9109 -27.3204 14.4
      vertex -42.4698 -27.0561 0
      vertex -41.9109 -27.3204 0
    endloop
  endfacet
  facet normal -0.998798 -0.0490099 0
    outer loop
      vertex -45.7697 -22.1175 0
      vertex -45.8 -21.5 14.4
      vertex -45.8 -21.5 0
    endloop
  endfacet
  facet normal -0.998798 -0.0490099 0
    outer loop
      vertex -45.8 -21.5 14.4
      vertex -45.7697 -22.1175 0
      vertex -45.7697 -22.1175 14.4
    endloop
  endfacet
  facet normal -1 0 0
    outer loop
      vertex -45.8 -21.5 0
      vertex -45.8 21.5 14.4
      vertex -45.8 21.5 0
    endloop
  endfacet
  facet normal -1 -0 0
    outer loop
      vertex -45.8 21.5 14.4
      vertex -45.8 -21.5 0
      vertex -45.8 -21.5 14.4
    endloop
  endfacet
  facet normal 0.74103 -0.671472 0
    outer loop
      vertex 43.9548 -25.9548 14.4
      vertex 44.3699 -25.4967 0
      vertex 44.3699 -25.4967 14.4
    endloop
  endfacet
  facet normal 0.74103 -0.671472 0
    outer loop
      vertex 44.3699 -25.4967 0
      vertex 43.9548 -25.9548 14.4
      vertex 43.9548 -25.9548 0
    endloop
  endfacet
  facet normal 0.33692 0.941533 -0
    outer loop
      vertex 41.9109 27.3204 0
      vertex 41.3288 27.5287 14.4
      vertex 41.9109 27.3204 14.4
    endloop
  endfacet
  facet normal 0.33692 0.941533 0
    outer loop
      vertex 41.3288 27.5287 14.4
      vertex 41.9109 27.3204 0
      vertex 41.3288 27.5287 0
    endloop
  endfacet
  facet normal 0.242916 0.970047 -0
    outer loop
      vertex 41.3288 27.5287 0
      vertex 40.729 27.6789 14.4
      vertex 41.3288 27.5287 14.4
    endloop
  endfacet
  facet normal 0.242916 0.970047 0
    outer loop
      vertex 40.729 27.6789 14.4
      vertex 41.3288 27.5287 0
      vertex 40.729 27.6789 0
    endloop
  endfacet
  facet normal 0.146877 0.989155 -0
    outer loop
      vertex 40.729 27.6789 0
      vertex 40.1175 27.7697 14.4
      vertex 40.729 27.6789 14.4
    endloop
  endfacet
  facet normal 0.146877 0.989155 0
    outer loop
      vertex 40.1175 27.7697 14.4
      vertex 40.729 27.6789 0
      vertex 40.1175 27.7697 0
    endloop
  endfacet
  facet normal -0.242916 0.970047 0
    outer loop
      vertex -40.729 27.6789 0
      vertex -41.3288 27.5287 14.4
      vertex -40.729 27.6789 14.4
    endloop
  endfacet
  facet normal -0.242916 0.970047 0
    outer loop
      vertex -41.3288 27.5287 14.4
      vertex -40.729 27.6789 0
      vertex -41.3288 27.5287 0
    endloop
  endfacet
  facet normal -0.427502 0.904014 0
    outer loop
      vertex -41.9109 27.3204 0
      vertex -42.4698 27.0561 14.4
      vertex -41.9109 27.3204 14.4
    endloop
  endfacet
  facet normal -0.427502 0.904014 0
    outer loop
      vertex -42.4698 27.0561 14.4
      vertex -41.9109 27.3204 0
      vertex -42.4698 27.0561 0
    endloop
  endfacet
  facet normal -0.514044 0.857764 0
    outer loop
      vertex -42.4698 27.0561 0
      vertex -43.0001 26.7383 14.4
      vertex -42.4698 27.0561 14.4
    endloop
  endfacet
  facet normal -0.514044 0.857764 0
    outer loop
      vertex -43.0001 26.7383 14.4
      vertex -42.4698 27.0561 0
      vertex -43.0001 26.7383 0
    endloop
  endfacet
  facet normal -0.989155 -0.146877 0
    outer loop
      vertex -45.6789 -22.729 0
      vertex -45.7697 -22.1175 14.4
      vertex -45.7697 -22.1175 0
    endloop
  endfacet
  facet normal -0.989155 -0.146877 0
    outer loop
      vertex -45.7697 -22.1175 14.4
      vertex -45.6789 -22.729 0
      vertex -45.6789 -22.729 14.4
    endloop
  endfacet
  facet normal -0.941533 -0.33692 0
    outer loop
      vertex -45.3204 -23.9109 0
      vertex -45.5287 -23.3288 14.4
      vertex -45.5287 -23.3288 0
    endloop
  endfacet
  facet normal -0.941533 -0.33692 0
    outer loop
      vertex -45.5287 -23.3288 14.4
      vertex -45.3204 -23.9109 0
      vertex -45.3204 -23.9109 14.4
    endloop
  endfacet
  facet normal -0.803133 -0.5958 0
    outer loop
      vertex -44.3699 -25.4967 0
      vertex -44.7383 -25.0001 14.4
      vertex -44.7383 -25.0001 0
    endloop
  endfacet
  facet normal -0.803133 -0.5958 0
    outer loop
      vertex -44.7383 -25.0001 14.4
      vertex -44.3699 -25.4967 0
      vertex -44.3699 -25.4967 14.4
    endloop
  endfacet
  facet normal 0.857764 0.514044 0
    outer loop
      vertex 45.0561 24.4698 14.4
      vertex 44.7383 25.0001 0
      vertex 44.7383 25.0001 14.4
    endloop
  endfacet
  facet normal 0.857764 0.514044 0
    outer loop
      vertex 44.7383 25.0001 0
      vertex 45.0561 24.4698 14.4
      vertex 45.0561 24.4698 0
    endloop
  endfacet
  facet normal 0.242916 -0.970047 0
    outer loop
      vertex 40.729 -27.6789 0
      vertex 41.3288 -27.5287 14.4
      vertex 40.729 -27.6789 14.4
    endloop
  endfacet
  facet normal 0.242916 -0.970047 0
    outer loop
      vertex 41.3288 -27.5287 14.4
      vertex 40.729 -27.6789 0
      vertex 41.3288 -27.5287 0
    endloop
  endfacet
  facet normal 0.998798 -0.0490099 0
    outer loop
      vertex 45.7697 -22.1175 14.4
      vertex 45.8 -21.5 0
      vertex 45.8 -21.5 14.4
    endloop
  endfacet
  facet normal 0.998798 -0.0490099 0
    outer loop
      vertex 45.8 -21.5 0
      vertex 45.7697 -22.1175 14.4
      vertex 45.7697 -22.1175 0
    endloop
  endfacet
  facet normal 0.941533 -0.33692 0
    outer loop
      vertex 45.3204 -23.9109 14.4
      vertex 45.5287 -23.3288 0
      vertex 45.5287 -23.3288 14.4
    endloop
  endfacet
  facet normal 0.941533 -0.33692 0
    outer loop
      vertex 45.5287 -23.3288 0
      vertex 45.3204 -23.9109 14.4
      vertex 45.3204 -23.9109 0
    endloop
  endfacet
  facet normal -0.33692 0.941533 0
    outer loop
      vertex -41.3288 27.5287 0
      vertex -41.9109 27.3204 14.4
      vertex -41.3288 27.5287 14.4
    endloop
  endfacet
  facet normal -0.33692 0.941533 0
    outer loop
      vertex -41.9109 27.3204 14.4
      vertex -41.3288 27.5287 0
      vertex -41.9109 27.3204 0
    endloop
  endfacet
  facet normal -0.5958 -0.803133 0
    outer loop
      vertex -43.4967 -26.3699 0
      vertex -43.0001 -26.7383 14.4
      vertex -43.4967 -26.3699 14.4
    endloop
  endfacet
  facet normal -0.5958 -0.803133 -0
    outer loop
      vertex -43.0001 -26.7383 14.4
      vertex -43.4967 -26.3699 0
      vertex -43.0001 -26.7383 0
    endloop
  endfacet
  facet normal -0.970047 -0.242916 0
    outer loop
      vertex -45.5287 -23.3288 0
      vertex -45.6789 -22.729 14.4
      vertex -45.6789 -22.729 0
    endloop
  endfacet
  facet normal -0.970047 -0.242916 0
    outer loop
      vertex -45.6789 -22.729 14.4
      vertex -45.5287 -23.3288 0
      vertex -45.5287 -23.3288 14.4
    endloop
  endfacet
  facet normal -0.857764 -0.514044 0
    outer loop
      vertex -44.7383 -25.0001 0
      vertex -45.0561 -24.4698 14.4
      vertex -45.0561 -24.4698 0
    endloop
  endfacet
  facet normal -0.857764 -0.514044 0
    outer loop
      vertex -45.0561 -24.4698 14.4
      vertex -44.7383 -25.0001 0
      vertex -44.7383 -25.0001 14.4
    endloop
  endfacet
  facet normal 0.74103 0.671472 0
    outer loop
      vertex 44.3699 25.4967 14.4
      vertex 43.9548 25.9548 0
      vertex 43.9548 25.9548 14.4
    endloop
  endfacet
  facet normal 0.74103 0.671472 0
    outer loop
      vertex 43.9548 25.9548 0
      vertex 44.3699 25.4967 14.4
      vertex 44.3699 25.4967 0
    endloop
  endfacet
  facet normal 0.803133 0.5958 0
    outer loop
      vertex 44.7383 25.0001 14.4
      vertex 44.3699 25.4967 0
      vertex 44.3699 25.4967 14.4
    endloop
  endfacet
  facet normal 0.803133 0.5958 0
    outer loop
      vertex 44.3699 25.4967 0
      vertex 44.7383 25.0001 14.4
      vertex 44.7383 25.0001 0
    endloop
  endfacet
  facet normal 0.5958 0.803133 -0
    outer loop
      vertex 43.4967 26.3699 0
      vertex 43.0001 26.7383 14.4
      vertex 43.4967 26.3699 14.4
    endloop
  endfacet
  facet normal 0.5958 0.803133 0
    outer loop
      vertex 43.0001 26.7383 14.4
      vertex 43.4967 26.3699 0
      vertex 43.0001 26.7383 0
    endloop
  endfacet
  facet normal 0.671472 0.74103 -0
    outer loop
      vertex 43.9548 25.9548 0
      vertex 43.4967 26.3699 14.4
      vertex 43.9548 25.9548 14.4
    endloop
  endfacet
  facet normal 0.671472 0.74103 0
    outer loop
      vertex 43.4967 26.3699 14.4
      vertex 43.9548 25.9548 0
      vertex 43.4967 26.3699 0
    endloop
  endfacet
  facet normal 0.970047 0.242916 0
    outer loop
      vertex 45.6789 22.729 14.4
      vertex 45.5287 23.3288 0
      vertex 45.5287 23.3288 14.4
    endloop
  endfacet
  facet normal 0.970047 0.242916 0
    outer loop
      vertex 45.5287 23.3288 0
      vertex 45.6789 22.729 14.4
      vertex 45.6789 22.729 0
    endloop
  endfacet
  facet normal 0.989155 0.146877 0
    outer loop
      vertex 45.7697 22.1175 14.4
      vertex 45.6789 22.729 0
      vertex 45.6789 22.729 14.4
    endloop
  endfacet
  facet normal 0.989155 0.146877 0
    outer loop
      vertex 45.6789 22.729 0
      vertex 45.7697 22.1175 14.4
      vertex 45.7697 22.1175 0
    endloop
  endfacet
  facet normal 0.427502 -0.904014 0
    outer loop
      vertex 41.9109 -27.3204 0
      vertex 42.4698 -27.0561 14.4
      vertex 41.9109 -27.3204 14.4
    endloop
  endfacet
  facet normal 0.427502 -0.904014 0
    outer loop
      vertex 42.4698 -27.0561 14.4
      vertex 41.9109 -27.3204 0
      vertex 42.4698 -27.0561 0
    endloop
  endfacet
  facet normal 0.33692 -0.941533 0
    outer loop
      vertex 41.3288 -27.5287 0
      vertex 41.9109 -27.3204 14.4
      vertex 41.3288 -27.5287 14.4
    endloop
  endfacet
  facet normal 0.33692 -0.941533 0
    outer loop
      vertex 41.9109 -27.3204 14.4
      vertex 41.3288 -27.5287 0
      vertex 41.9109 -27.3204 0
    endloop
  endfacet
  facet normal 0.514044 -0.857764 0
    outer loop
      vertex 42.4698 -27.0561 0
      vertex 43.0001 -26.7383 14.4
      vertex 42.4698 -27.0561 14.4
    endloop
  endfacet
  facet normal 0.514044 -0.857764 0
    outer loop
      vertex 43.0001 -26.7383 14.4
      vertex 42.4698 -27.0561 0
      vertex 43.0001 -26.7383 0
    endloop
  endfacet
  facet normal 0.5958 -0.803133 0
    outer loop
      vertex 43.0001 -26.7383 0
      vertex 43.4967 -26.3699 14.4
      vertex 43.0001 -26.7383 14.4
    endloop
  endfacet
  facet normal 0.5958 -0.803133 0
    outer loop
      vertex 43.4967 -26.3699 14.4
      vertex 43.0001 -26.7383 0
      vertex 43.4967 -26.3699 0
    endloop
  endfacet
  facet normal 0.970047 -0.242916 0
    outer loop
      vertex 45.5287 -23.3288 14.4
      vertex 45.6789 -22.729 0
      vertex 45.6789 -22.729 14.4
    endloop
  endfacet
  facet normal 0.970047 -0.242916 0
    outer loop
      vertex 45.6789 -22.729 0
      vertex 45.5287 -23.3288 14.4
      vertex 45.5287 -23.3288 0
    endloop
  endfacet
  facet normal 0.904014 0.427502 0
    outer loop
      vertex 45.3204 23.9109 14.4
      vertex 45.0561 24.4698 0
      vertex 45.0561 24.4698 14.4
    endloop
  endfacet
  facet normal 0.904014 0.427502 0
    outer loop
      vertex 45.0561 24.4698 0
      vertex 45.3204 23.9109 14.4
      vertex 45.3204 23.9109 0
    endloop
  endfacet
  facet normal 0.941533 0.33692 0
    outer loop
      vertex 45.5287 23.3288 14.4
      vertex 45.3204 23.9109 0
      vertex 45.3204 23.9109 14.4
    endloop
  endfacet
  facet normal 0.941533 0.33692 0
    outer loop
      vertex 45.3204 23.9109 0
      vertex 45.5287 23.3288 14.4
      vertex 45.5287 23.3288 0
    endloop
  endfacet
  facet normal 0.671472 -0.74103 0
    outer loop
      vertex 43.4967 -26.3699 0
      vertex 43.9548 -25.9548 14.4
      vertex 43.4967 -26.3699 14.4
    endloop
  endfacet
  facet normal 0.671472 -0.74103 0
    outer loop
      vertex 43.9548 -25.9548 14.4
      vertex 43.4967 -26.3699 0
      vertex 43.9548 -25.9548 0
    endloop
  endfacet
  facet normal 0.904014 -0.427502 0
    outer loop
      vertex 45.0561 -24.4698 14.4
      vertex 45.3204 -23.9109 0
      vertex 45.3204 -23.9109 14.4
    endloop
  endfacet
  facet normal 0.904014 -0.427502 0
    outer loop
      vertex 45.3204 -23.9109 0
      vertex 45.0561 -24.4698 14.4
      vertex 45.0561 -24.4698 0
    endloop
  endfacet
  facet normal 0.803133 -0.5958 0
    outer loop
      vertex 44.3699 -25.4967 14.4
      vertex 44.7383 -25.0001 0
      vertex 44.7383 -25.0001 14.4
    endloop
  endfacet
  facet normal 0.803133 -0.5958 0
    outer loop
      vertex 44.7383 -25.0001 0
      vertex 44.3699 -25.4967 14.4
      vertex 44.3699 -25.4967 0
    endloop
  endfacet
  facet normal 0.989155 -0.146877 0
    outer loop
      vertex 45.6789 -22.729 14.4
      vertex 45.7697 -22.1175 0
      vertex 45.7697 -22.1175 14.4
    endloop
  endfacet
  facet normal 0.989155 -0.146877 0
    outer loop
      vertex 45.7697 -22.1175 0
      vertex 45.6789 -22.729 14.4
      vertex 45.6789 -22.729 0
    endloop
  endfacet
  facet normal 0.857764 -0.514044 0
    outer loop
      vertex 44.7383 -25.0001 14.4
      vertex 45.0561 -24.4698 0
      vertex 45.0561 -24.4698 14.4
    endloop
  endfacet
  facet normal 0.857764 -0.514044 0
    outer loop
      vertex 45.0561 -24.4698 0
      vertex 44.7383 -25.0001 14.4
      vertex 44.7383 -25.0001 0
    endloop
  endfacet
  facet normal -0.242914 0.970048 0
    outer loop
      vertex 40.6031 -25.1364 1.6
      vertex 40.2413 -25.227 9.15
      vertex 40.6031 -25.1364 9.15
    endloop
  endfacet
  facet normal -0.242914 0.970048 0
    outer loop
      vertex 40.2413 -25.227 9.15
      vertex 40.6031 -25.1364 1.6
      vertex 40.2413 -25.227 1.6
    endloop
  endfacet
  facet normal -0.242914 0.970048 0
    outer loop
      vertex 40.6031 -25.1364 10.65
      vertex 40.2413 -25.227 14.4
      vertex 40.6031 -25.1364 14.4
    endloop
  endfacet
  facet normal -0.242914 0.970048 0
    outer loop
      vertex 40.2413 -25.227 14.4
      vertex 40.6031 -25.1364 10.65
      vertex 40.2413 -25.227 10.65
    endloop
  endfacet
  facet normal -0.0490683 0.998795 0
    outer loop
      vertex 39.8725 -25.2817 1.6
      vertex 39.5 -25.3 9.15
      vertex 39.8725 -25.2817 9.15
    endloop
  endfacet
  facet normal -0.0490683 0.998795 0
    outer loop
      vertex 39.5 -25.3 9.15
      vertex 39.8725 -25.2817 1.6
      vertex 39.5 -25.3 1.6
    endloop
  endfacet
  facet normal -0.0490683 0.998795 0
    outer loop
      vertex 39.8725 -25.2817 10.65
      vertex 39.5 -25.3 14.4
      vertex 39.8725 -25.2817 14.4
    endloop
  endfacet
  facet normal -0.0490683 0.998795 0
    outer loop
      vertex 39.5 -25.3 14.4
      vertex 39.8725 -25.2817 10.65
      vertex 39.5 -25.3 10.65
    endloop
  endfacet
  facet normal 0.146714 -0.989179 0
    outer loop
      vertex -40.2413 25.227 1.6
      vertex -39.8725 25.2817 9.15
      vertex -40.2413 25.227 9.15
    endloop
  endfacet
  facet normal 0.146714 -0.989179 0
    outer loop
      vertex -39.8725 25.2817 9.15
      vertex -40.2413 25.227 1.6
      vertex -39.8725 25.2817 1.6
    endloop
  endfacet
  facet normal 0.146714 -0.989179 0
    outer loop
      vertex -40.2413 25.227 10.65
      vertex -39.8725 25.2817 14.4
      vertex -40.2413 25.227 14.4
    endloop
  endfacet
  facet normal 0.146714 -0.989179 0
    outer loop
      vertex -39.8725 25.2817 14.4
      vertex -40.2413 25.227 10.65
      vertex -39.8725 25.2817 10.65
    endloop
  endfacet
  facet normal -0.146714 0.989179 0
    outer loop
      vertex 40.2413 -25.227 1.6
      vertex 39.8725 -25.2817 9.15
      vertex 40.2413 -25.227 9.15
    endloop
  endfacet
  facet normal -0.146714 0.989179 0
    outer loop
      vertex 39.8725 -25.2817 9.15
      vertex 40.2413 -25.227 1.6
      vertex 39.8725 -25.2817 1.6
    endloop
  endfacet
  facet normal -0.146714 0.989179 0
    outer loop
      vertex 40.2413 -25.227 10.65
      vertex 39.8725 -25.2817 14.4
      vertex 40.2413 -25.227 14.4
    endloop
  endfacet
  facet normal -0.146714 0.989179 0
    outer loop
      vertex 39.8725 -25.2817 14.4
      vertex 40.2413 -25.227 10.65
      vertex 39.8725 -25.2817 10.65
    endloop
  endfacet
  facet normal -0.595702 -0.803206 0
    outer loop
      vertex 41.6111 24.6596 1.6
      vertex 41.9107 24.4374 9.15
      vertex 41.6111 24.6596 9.15
    endloop
  endfacet
  facet normal -0.595702 -0.803206 -0
    outer loop
      vertex 41.9107 24.4374 9.15
      vertex 41.6111 24.6596 1.6
      vertex 41.9107 24.4374 1.6
    endloop
  endfacet
  facet normal -0.595702 -0.803206 0
    outer loop
      vertex 41.6111 24.6596 10.65
      vertex 41.9107 24.4374 14.4
      vertex 41.6111 24.6596 14.4
    endloop
  endfacet
  facet normal -0.595702 -0.803206 -0
    outer loop
      vertex 41.9107 24.4374 14.4
      vertex 41.6111 24.6596 10.65
      vertex 41.9107 24.4374 10.65
    endloop
  endfacet
  facet normal 0.998795 -0.0490683 0
    outer loop
      vertex -43.3 21.5 9.15
      vertex -43.2817 21.8725 1.6
      vertex -43.2817 21.8725 9.15
    endloop
  endfacet
  facet normal 0.998795 -0.0490683 0
    outer loop
      vertex -43.2817 21.8725 1.6
      vertex -43.3 21.5 9.15
      vertex -43.3 21.5 1.6
    endloop
  endfacet
  facet normal 0.998795 -0.0490683 0
    outer loop
      vertex -43.3 21.5 14.4
      vertex -43.2817 21.8725 10.65
      vertex -43.2817 21.8725 14.4
    endloop
  endfacet
  facet normal 0.998795 -0.0490683 0
    outer loop
      vertex -43.2817 21.8725 10.65
      vertex -43.3 21.5 14.4
      vertex -43.3 21.5 10.65
    endloop
  endfacet
  facet normal 1 -0 0
    outer loop
      vertex -43.3 -21.5 9.15
      vertex -43.3 21.5 1.6
      vertex -43.3 21.5 9.15
    endloop
  endfacet
  facet normal 1 0 0
    outer loop
      vertex -43.3 21.5 1.6
      vertex -43.3 -21.5 9.15
      vertex -43.3 -21.5 1.6
    endloop
  endfacet
  facet normal 1 -0 0
    outer loop
      vertex -43.3 -21.5 14.4
      vertex -43.3 21.5 10.65
      vertex -43.3 21.5 14.4
    endloop
  endfacet
  facet normal 1 0 0
    outer loop
      vertex -43.3 21.5 10.65
      vertex -43.3 -21.5 14.4
      vertex -43.3 -21.5 10.65
    endloop
  endfacet
  facet normal 0 1 -0
    outer loop
      vertex 33.9 -25.3 0.599999
      vertex -33.9 -25.3 1.6
      vertex 33.9 -25.3 1.6
    endloop
  endfacet
  facet normal 0 1 0
    outer loop
      vertex -33.9 -25.3 1.6
      vertex 33.9 -25.3 0.599999
      vertex -33.9 -25.3 0.599999
    endloop
  endfacet
  facet normal 0 1 0
    outer loop
      vertex 33.9 -25.3 1.6
      vertex 39.5 -25.3 9.15
      vertex 39.5 -25.3 1.6
    endloop
  endfacet
  facet normal 0 1 0
    outer loop
      vertex 39.5 -25.3 9.15
      vertex 33.9 -25.3 1.6
      vertex -39.5 -25.3 9.15
    endloop
  endfacet
  facet normal 0 1 -0
    outer loop
      vertex -33.9 -25.3 1.6
      vertex -39.5 -25.3 9.15
      vertex 33.9 -25.3 1.6
    endloop
  endfacet
  facet normal 0 1 0
    outer loop
      vertex -39.5 -25.3 9.15
      vertex -33.9 -25.3 1.6
      vertex -39.5 -25.3 1.6
    endloop
  endfacet
  facet normal 0 1 -0
    outer loop
      vertex 39.5 -25.3 10.65
      vertex -39.5 -25.3 14.4
      vertex 39.5 -25.3 14.4
    endloop
  endfacet
  facet normal 0 1 0
    outer loop
      vertex -39.5 -25.3 14.4
      vertex 39.5 -25.3 10.65
      vertex -39.5 -25.3 10.65
    endloop
  endfacet
  facet normal -0.0490683 -0.998795 0
    outer loop
      vertex 39.5 25.3 1.6
      vertex 39.8725 25.2817 9.15
      vertex 39.5 25.3 9.15
    endloop
  endfacet
  facet normal -0.0490683 -0.998795 -0
    outer loop
      vertex 39.8725 25.2817 9.15
      vertex 39.5 25.3 1.6
      vertex 39.8725 25.2817 1.6
    endloop
  endfacet
  facet normal -0.0490683 -0.998795 0
    outer loop
      vertex 39.5 25.3 10.65
      vertex 39.8725 25.2817 14.4
      vertex 39.5 25.3 14.4
    endloop
  endfacet
  facet normal -0.0490683 -0.998795 -0
    outer loop
      vertex 39.8725 25.2817 14.4
      vertex 39.5 25.3 10.65
      vertex 39.8725 25.2817 10.65
    endloop
  endfacet
  facet normal 0 -1 0
    outer loop
      vertex -33.9 25.3 0.599999
      vertex 33.9 25.3 1.6
      vertex -33.9 25.3 1.6
    endloop
  endfacet
  facet normal 0 -1 -0
    outer loop
      vertex 33.9 25.3 1.6
      vertex -33.9 25.3 0.599999
      vertex 33.9 25.3 0.599999
    endloop
  endfacet
  facet normal 0 -1 0
    outer loop
      vertex -33.9 25.3 1.6
      vertex -39.5 25.3 9.15
      vertex -39.5 25.3 1.6
    endloop
  endfacet
  facet normal 0 -1 0
    outer loop
      vertex -39.5 25.3 9.15
      vertex -33.9 25.3 1.6
      vertex 39.5 25.3 9.15
    endloop
  endfacet
  facet normal 0 -1 0
    outer loop
      vertex 33.9 25.3 1.6
      vertex 39.5 25.3 9.15
      vertex -33.9 25.3 1.6
    endloop
  endfacet
  facet normal 0 -1 -0
    outer loop
      vertex 39.5 25.3 9.15
      vertex 33.9 25.3 1.6
      vertex 39.5 25.3 1.6
    endloop
  endfacet
  facet normal 0 -1 0
    outer loop
      vertex -39.5 25.3 10.65
      vertex 39.5 25.3 14.4
      vertex -39.5 25.3 14.4
    endloop
  endfacet
  facet normal 0 -1 -0
    outer loop
      vertex 39.5 25.3 14.4
      vertex -39.5 25.3 10.65
      vertex 39.5 25.3 10.65
    endloop
  endfacet
  facet normal -1 0 0
    outer loop
      vertex 43.3 21.5 1.6
      vertex 43.3 6.5 3.2
      vertex 43.3 21.5 9.15
    endloop
  endfacet
  facet normal -1 0 0
    outer loop
      vertex 43.3 21.5 1.6
      vertex 43.3 -6.5 3.2
      vertex 43.3 6.5 3.2
    endloop
  endfacet
  facet normal -1 0 0
    outer loop
      vertex 43.3 -21.5 1.6
      vertex 43.3 -6.5 3.2
      vertex 43.3 21.5 1.6
    endloop
  endfacet
  facet normal -1 0 0
    outer loop
      vertex 43.3 -21.5 9.15
      vertex 43.3 -6.5 3.2
      vertex 43.3 -21.5 1.6
    endloop
  endfacet
  facet normal -1 0 0
    outer loop
      vertex 43.3 -6.5 3.2
      vertex 43.3 -21.5 9.15
      vertex 43.3 -6.5 9.15
    endloop
  endfacet
  facet normal -1 -0 0
    outer loop
      vertex 43.3 21.5 9.15
      vertex 43.3 6.5 3.2
      vertex 43.3 6.5 9.15
    endloop
  endfacet
  facet normal -1 0 0
    outer loop
      vertex 43.3 -6.5 10.65
      vertex 43.3 -21.5 10.65
      vertex 43.3 -6.5 11.2
    endloop
  endfacet
  facet normal -1 0 0
    outer loop
      vertex 43.3 6.5 11.2
      vertex 43.3 21.5 10.65
      vertex 43.3 6.5 10.65
    endloop
  endfacet
  facet normal -1 0 0
    outer loop
      vertex 43.3 21.5 10.65
      vertex 43.3 6.5 11.2
      vertex 43.3 21.5 14.4
    endloop
  endfacet
  facet normal -1 0 0
    outer loop
      vertex 43.3 -6.5 11.2
      vertex 43.3 21.5 14.4
      vertex 43.3 6.5 11.2
    endloop
  endfacet
  facet normal -1 0 0
    outer loop
      vertex 43.3 -21.5 14.4
      vertex 43.3 -6.5 11.2
      vertex 43.3 -21.5 10.65
    endloop
  endfacet
  facet normal -1 0 0
    outer loop
      vertex 43.3 -6.5 11.2
      vertex 43.3 -21.5 14.4
      vertex 43.3 21.5 14.4
    endloop
  endfacet
  facet normal 0.595702 -0.803206 0
    outer loop
      vertex -41.9107 24.4374 1.6
      vertex -41.6111 24.6596 9.15
      vertex -41.9107 24.4374 9.15
    endloop
  endfacet
  facet normal 0.595702 -0.803206 0
    outer loop
      vertex -41.6111 24.6596 9.15
      vertex -41.9107 24.4374 1.6
      vertex -41.6111 24.6596 1.6
    endloop
  endfacet
  facet normal 0.595702 -0.803206 0
    outer loop
      vertex -41.9107 24.4374 10.65
      vertex -41.6111 24.6596 14.4
      vertex -41.9107 24.4374 14.4
    endloop
  endfacet
  facet normal 0.595702 -0.803206 0
    outer loop
      vertex -41.6111 24.6596 14.4
      vertex -41.9107 24.4374 10.65
      vertex -41.6111 24.6596 10.65
    endloop
  endfacet
  facet normal 0.989179 -0.146714 0
    outer loop
      vertex -43.2817 21.8725 9.15
      vertex -43.227 22.2413 1.6
      vertex -43.227 22.2413 9.15
    endloop
  endfacet
  facet normal 0.989179 -0.146714 0
    outer loop
      vertex -43.227 22.2413 1.6
      vertex -43.2817 21.8725 9.15
      vertex -43.2817 21.8725 1.6
    endloop
  endfacet
  facet normal 0.989179 -0.146714 0
    outer loop
      vertex -43.2817 21.8725 14.4
      vertex -43.227 22.2413 10.65
      vertex -43.227 22.2413 14.4
    endloop
  endfacet
  facet normal 0.989179 -0.146714 0
    outer loop
      vertex -43.227 22.2413 10.65
      vertex -43.2817 21.8725 14.4
      vertex -43.2817 21.8725 10.65
    endloop
  endfacet
  facet normal 0.427475 0.904027 -0
    outer loop
      vertex -40.9542 -25.0107 1.6
      vertex -41.2913 -24.8513 9.15
      vertex -40.9542 -25.0107 9.15
    endloop
  endfacet
  facet normal 0.427475 0.904027 0
    outer loop
      vertex -41.2913 -24.8513 9.15
      vertex -40.9542 -25.0107 1.6
      vertex -41.2913 -24.8513 1.6
    endloop
  endfacet
  facet normal 0.427475 0.904027 -0
    outer loop
      vertex -40.9542 -25.0107 10.65
      vertex -41.2913 -24.8513 14.4
      vertex -40.9542 -25.0107 14.4
    endloop
  endfacet
  facet normal 0.427475 0.904027 0
    outer loop
      vertex -41.2913 -24.8513 14.4
      vertex -40.9542 -25.0107 10.65
      vertex -41.2913 -24.8513 10.65
    endloop
  endfacet
  facet normal 0.514141 0.857706 -0
    outer loop
      vertex -41.2913 -24.8513 1.6
      vertex -41.6111 -24.6596 9.15
      vertex -41.2913 -24.8513 9.15
    endloop
  endfacet
  facet normal 0.514141 0.857706 0
    outer loop
      vertex -41.6111 -24.6596 9.15
      vertex -41.2913 -24.8513 1.6
      vertex -41.6111 -24.6596 1.6
    endloop
  endfacet
  facet normal 0.514141 0.857706 -0
    outer loop
      vertex -41.2913 -24.8513 10.65
      vertex -41.6111 -24.6596 14.4
      vertex -41.2913 -24.8513 14.4
    endloop
  endfacet
  facet normal 0.514141 0.857706 0
    outer loop
      vertex -41.6111 -24.6596 14.4
      vertex -41.2913 -24.8513 10.65
      vertex -41.6111 -24.6596 10.65
    endloop
  endfacet
  facet normal 0.0490683 0.998795 -0
    outer loop
      vertex -39.5 -25.3 1.6
      vertex -39.8725 -25.2817 9.15
      vertex -39.5 -25.3 9.15
    endloop
  endfacet
  facet normal 0.0490683 0.998795 0
    outer loop
      vertex -39.8725 -25.2817 9.15
      vertex -39.5 -25.3 1.6
      vertex -39.8725 -25.2817 1.6
    endloop
  endfacet
  facet normal 0.0490683 0.998795 -0
    outer loop
      vertex -39.5 -25.3 10.65
      vertex -39.8725 -25.2817 14.4
      vertex -39.5 -25.3 14.4
    endloop
  endfacet
  facet normal 0.0490683 0.998795 0
    outer loop
      vertex -39.8725 -25.2817 14.4
      vertex -39.5 -25.3 10.65
      vertex -39.8725 -25.2817 10.65
    endloop
  endfacet
  facet normal 0.242914 0.970048 -0
    outer loop
      vertex -40.2413 -25.227 1.6
      vertex -40.6031 -25.1364 9.15
      vertex -40.2413 -25.227 9.15
    endloop
  endfacet
  facet normal 0.242914 0.970048 0
    outer loop
      vertex -40.6031 -25.1364 9.15
      vertex -40.2413 -25.227 1.6
      vertex -40.6031 -25.1364 1.6
    endloop
  endfacet
  facet normal 0.242914 0.970048 -0
    outer loop
      vertex -40.2413 -25.227 10.65
      vertex -40.6031 -25.1364 14.4
      vertex -40.2413 -25.227 14.4
    endloop
  endfacet
  facet normal 0.242914 0.970048 0
    outer loop
      vertex -40.6031 -25.1364 14.4
      vertex -40.2413 -25.227 10.65
      vertex -40.6031 -25.1364 10.65
    endloop
  endfacet
  facet normal -0.427475 -0.904027 0
    outer loop
      vertex 40.9542 25.0107 1.6
      vertex 41.2913 24.8513 9.15
      vertex 40.9542 25.0107 9.15
    endloop
  endfacet
  facet normal -0.427475 -0.904027 -0
    outer loop
      vertex 41.2913 24.8513 9.15
      vertex 40.9542 25.0107 1.6
      vertex 41.2913 24.8513 1.6
    endloop
  endfacet
  facet normal -0.427475 -0.904027 0
    outer loop
      vertex 40.9542 25.0107 10.65
      vertex 41.2913 24.8513 14.4
      vertex 40.9542 25.0107 14.4
    endloop
  endfacet
  facet normal -0.427475 -0.904027 -0
    outer loop
      vertex 41.2913 24.8513 14.4
      vertex 40.9542 25.0107 10.65
      vertex 41.2913 24.8513 10.65
    endloop
  endfacet
  facet normal -0.514141 -0.857706 0
    outer loop
      vertex 41.2913 24.8513 1.6
      vertex 41.6111 24.6596 9.15
      vertex 41.2913 24.8513 9.15
    endloop
  endfacet
  facet normal -0.514141 -0.857706 -0
    outer loop
      vertex 41.6111 24.6596 9.15
      vertex 41.2913 24.8513 1.6
      vertex 41.6111 24.6596 1.6
    endloop
  endfacet
  facet normal -0.514141 -0.857706 0
    outer loop
      vertex 41.2913 24.8513 10.65
      vertex 41.6111 24.6596 14.4
      vertex 41.2913 24.8513 14.4
    endloop
  endfacet
  facet normal -0.514141 -0.857706 -0
    outer loop
      vertex 41.6111 24.6596 14.4
      vertex 41.2913 24.8513 10.65
      vertex 41.6111 24.6596 10.65
    endloop
  endfacet
  facet normal -0.242914 -0.970048 0
    outer loop
      vertex 40.2413 25.227 1.6
      vertex 40.6031 25.1364 9.15
      vertex 40.2413 25.227 9.15
    endloop
  endfacet
  facet normal -0.242914 -0.970048 -0
    outer loop
      vertex 40.6031 25.1364 9.15
      vertex 40.2413 25.227 1.6
      vertex 40.6031 25.1364 1.6
    endloop
  endfacet
  facet normal -0.242914 -0.970048 0
    outer loop
      vertex 40.2413 25.227 10.65
      vertex 40.6031 25.1364 14.4
      vertex 40.2413 25.227 14.4
    endloop
  endfacet
  facet normal -0.242914 -0.970048 -0
    outer loop
      vertex 40.6031 25.1364 14.4
      vertex 40.2413 25.227 10.65
      vertex 40.6031 25.1364 10.65
    endloop
  endfacet
  facet normal 0.0490683 -0.998795 0
    outer loop
      vertex -39.8725 25.2817 1.6
      vertex -39.5 25.3 9.15
      vertex -39.8725 25.2817 9.15
    endloop
  endfacet
  facet normal 0.0490683 -0.998795 0
    outer loop
      vertex -39.5 25.3 9.15
      vertex -39.8725 25.2817 1.6
      vertex -39.5 25.3 1.6
    endloop
  endfacet
  facet normal 0.0490683 -0.998795 0
    outer loop
      vertex -39.8725 25.2817 10.65
      vertex -39.5 25.3 14.4
      vertex -39.8725 25.2817 14.4
    endloop
  endfacet
  facet normal 0.0490683 -0.998795 0
    outer loop
      vertex -39.5 25.3 14.4
      vertex -39.8725 25.2817 10.65
      vertex -39.5 25.3 10.65
    endloop
  endfacet
  facet normal -0.671524 -0.740983 0
    outer loop
      vertex 41.9107 24.4374 1.6
      vertex 42.187 24.187 9.15
      vertex 41.9107 24.4374 9.15
    endloop
  endfacet
  facet normal -0.671524 -0.740983 -0
    outer loop
      vertex 42.187 24.187 9.15
      vertex 41.9107 24.4374 1.6
      vertex 42.187 24.187 1.6
    endloop
  endfacet
  facet normal -0.671524 -0.740983 0
    outer loop
      vertex 41.9107 24.4374 10.65
      vertex 42.187 24.187 14.4
      vertex 41.9107 24.4374 14.4
    endloop
  endfacet
  facet normal -0.671524 -0.740983 -0
    outer loop
      vertex 42.187 24.187 14.4
      vertex 41.9107 24.4374 10.65
      vertex 42.187 24.187 10.65
    endloop
  endfacet
  facet normal -0.989179 0.146714 0
    outer loop
      vertex 43.227 -22.2413 1.6
      vertex 43.2817 -21.8725 9.15
      vertex 43.2817 -21.8725 1.6
    endloop
  endfacet
  facet normal -0.989179 0.146714 0
    outer loop
      vertex 43.2817 -21.8725 9.15
      vertex 43.227 -22.2413 1.6
      vertex 43.227 -22.2413 9.15
    endloop
  endfacet
  facet normal -0.989179 0.146714 0
    outer loop
      vertex 43.227 -22.2413 10.65
      vertex 43.2817 -21.8725 14.4
      vertex 43.2817 -21.8725 10.65
    endloop
  endfacet
  facet normal -0.989179 0.146714 0
    outer loop
      vertex 43.2817 -21.8725 14.4
      vertex 43.227 -22.2413 10.65
      vertex 43.227 -22.2413 14.4
    endloop
  endfacet
  facet normal -0.970048 0.242914 0
    outer loop
      vertex 43.1364 -22.6031 1.6
      vertex 43.227 -22.2413 9.15
      vertex 43.227 -22.2413 1.6
    endloop
  endfacet
  facet normal -0.970048 0.242914 0
    outer loop
      vertex 43.227 -22.2413 9.15
      vertex 43.1364 -22.6031 1.6
      vertex 43.1364 -22.6031 9.15
    endloop
  endfacet
  facet normal -0.970048 0.242914 0
    outer loop
      vertex 43.1364 -22.6031 10.65
      vertex 43.227 -22.2413 14.4
      vertex 43.227 -22.2413 10.65
    endloop
  endfacet
  facet normal -0.970048 0.242914 0
    outer loop
      vertex 43.227 -22.2413 14.4
      vertex 43.1364 -22.6031 10.65
      vertex 43.1364 -22.6031 14.4
    endloop
  endfacet
  facet normal 0.740983 -0.671524 0
    outer loop
      vertex -42.4374 23.9107 9.15
      vertex -42.187 24.187 1.6
      vertex -42.187 24.187 9.15
    endloop
  endfacet
  facet normal 0.740983 -0.671524 0
    outer loop
      vertex -42.187 24.187 1.6
      vertex -42.4374 23.9107 9.15
      vertex -42.4374 23.9107 1.6
    endloop
  endfacet
  facet normal 0.740983 -0.671524 0
    outer loop
      vertex -42.4374 23.9107 14.4
      vertex -42.187 24.187 10.65
      vertex -42.187 24.187 14.4
    endloop
  endfacet
  facet normal 0.740983 -0.671524 0
    outer loop
      vertex -42.187 24.187 10.65
      vertex -42.4374 23.9107 14.4
      vertex -42.4374 23.9107 10.65
    endloop
  endfacet
  facet normal 0.803206 -0.595702 0
    outer loop
      vertex -42.6596 23.6111 9.15
      vertex -42.4374 23.9107 1.6
      vertex -42.4374 23.9107 9.15
    endloop
  endfacet
  facet normal 0.803206 -0.595702 0
    outer loop
      vertex -42.4374 23.9107 1.6
      vertex -42.6596 23.6111 9.15
      vertex -42.6596 23.6111 1.6
    endloop
  endfacet
  facet normal 0.803206 -0.595702 0
    outer loop
      vertex -42.6596 23.6111 14.4
      vertex -42.4374 23.9107 10.65
      vertex -42.4374 23.9107 14.4
    endloop
  endfacet
  facet normal 0.803206 -0.595702 0
    outer loop
      vertex -42.4374 23.9107 10.65
      vertex -42.6596 23.6111 14.4
      vertex -42.6596 23.6111 10.65
    endloop
  endfacet
  facet normal 0.970048 -0.242914 0
    outer loop
      vertex -43.227 22.2413 9.15
      vertex -43.1364 22.6031 1.6
      vertex -43.1364 22.6031 9.15
    endloop
  endfacet
  facet normal 0.970048 -0.242914 0
    outer loop
      vertex -43.1364 22.6031 1.6
      vertex -43.227 22.2413 9.15
      vertex -43.227 22.2413 1.6
    endloop
  endfacet
  facet normal 0.970048 -0.242914 0
    outer loop
      vertex -43.227 22.2413 14.4
      vertex -43.1364 22.6031 10.65
      vertex -43.1364 22.6031 14.4
    endloop
  endfacet
  facet normal 0.970048 -0.242914 0
    outer loop
      vertex -43.1364 22.6031 10.65
      vertex -43.227 22.2413 14.4
      vertex -43.227 22.2413 10.65
    endloop
  endfacet
  facet normal 0.146714 0.989179 -0
    outer loop
      vertex -39.8725 -25.2817 1.6
      vertex -40.2413 -25.227 9.15
      vertex -39.8725 -25.2817 9.15
    endloop
  endfacet
  facet normal 0.146714 0.989179 0
    outer loop
      vertex -40.2413 -25.227 9.15
      vertex -39.8725 -25.2817 1.6
      vertex -40.2413 -25.227 1.6
    endloop
  endfacet
  facet normal 0.146714 0.989179 -0
    outer loop
      vertex -39.8725 -25.2817 10.65
      vertex -40.2413 -25.227 14.4
      vertex -39.8725 -25.2817 14.4
    endloop
  endfacet
  facet normal 0.146714 0.989179 0
    outer loop
      vertex -40.2413 -25.227 14.4
      vertex -39.8725 -25.2817 10.65
      vertex -40.2413 -25.227 10.65
    endloop
  endfacet
  facet normal -0.337067 -0.941481 0
    outer loop
      vertex 40.6031 25.1364 1.6
      vertex 40.9542 25.0107 9.15
      vertex 40.6031 25.1364 9.15
    endloop
  endfacet
  facet normal -0.337067 -0.941481 -0
    outer loop
      vertex 40.9542 25.0107 9.15
      vertex 40.6031 25.1364 1.6
      vertex 40.9542 25.0107 1.6
    endloop
  endfacet
  facet normal -0.337067 -0.941481 0
    outer loop
      vertex 40.6031 25.1364 10.65
      vertex 40.9542 25.0107 14.4
      vertex 40.6031 25.1364 14.4
    endloop
  endfacet
  facet normal -0.337067 -0.941481 -0
    outer loop
      vertex 40.9542 25.0107 14.4
      vertex 40.6031 25.1364 10.65
      vertex 40.9542 25.0107 10.65
    endloop
  endfacet
  facet normal -0.146714 -0.989179 0
    outer loop
      vertex 39.8725 25.2817 1.6
      vertex 40.2413 25.227 9.15
      vertex 39.8725 25.2817 9.15
    endloop
  endfacet
  facet normal -0.146714 -0.989179 -0
    outer loop
      vertex 40.2413 25.227 9.15
      vertex 39.8725 25.2817 1.6
      vertex 40.2413 25.227 1.6
    endloop
  endfacet
  facet normal -0.146714 -0.989179 0
    outer loop
      vertex 39.8725 25.2817 10.65
      vertex 40.2413 25.227 14.4
      vertex 39.8725 25.2817 14.4
    endloop
  endfacet
  facet normal -0.146714 -0.989179 -0
    outer loop
      vertex 40.2413 25.227 14.4
      vertex 39.8725 25.2817 10.65
      vertex 40.2413 25.227 10.65
    endloop
  endfacet
  facet normal -0.904027 -0.427475 0
    outer loop
      vertex 43.0107 22.9542 1.6
      vertex 42.8513 23.2913 9.15
      vertex 42.8513 23.2913 1.6
    endloop
  endfacet
  facet normal -0.904027 -0.427475 0
    outer loop
      vertex 42.8513 23.2913 9.15
      vertex 43.0107 22.9542 1.6
      vertex 43.0107 22.9542 9.15
    endloop
  endfacet
  facet normal -0.904027 -0.427475 0
    outer loop
      vertex 43.0107 22.9542 10.65
      vertex 42.8513 23.2913 14.4
      vertex 42.8513 23.2913 10.65
    endloop
  endfacet
  facet normal -0.904027 -0.427475 0
    outer loop
      vertex 42.8513 23.2913 14.4
      vertex 43.0107 22.9542 10.65
      vertex 43.0107 22.9542 14.4
    endloop
  endfacet
  facet normal -0.740983 -0.671524 0
    outer loop
      vertex 42.4374 23.9107 1.6
      vertex 42.187 24.187 9.15
      vertex 42.187 24.187 1.6
    endloop
  endfacet
  facet normal -0.740983 -0.671524 0
    outer loop
      vertex 42.187 24.187 9.15
      vertex 42.4374 23.9107 1.6
      vertex 42.4374 23.9107 9.15
    endloop
  endfacet
  facet normal -0.740983 -0.671524 0
    outer loop
      vertex 42.4374 23.9107 10.65
      vertex 42.187 24.187 14.4
      vertex 42.187 24.187 10.65
    endloop
  endfacet
  facet normal -0.740983 -0.671524 0
    outer loop
      vertex 42.187 24.187 14.4
      vertex 42.4374 23.9107 10.65
      vertex 42.4374 23.9107 14.4
    endloop
  endfacet
  facet normal -0.857706 0.514141 0
    outer loop
      vertex 42.6596 -23.6111 1.6
      vertex 42.8513 -23.2913 9.15
      vertex 42.8513 -23.2913 1.6
    endloop
  endfacet
  facet normal -0.857706 0.514141 0
    outer loop
      vertex 42.8513 -23.2913 9.15
      vertex 42.6596 -23.6111 1.6
      vertex 42.6596 -23.6111 9.15
    endloop
  endfacet
  facet normal -0.857706 0.514141 0
    outer loop
      vertex 42.6596 -23.6111 10.65
      vertex 42.8513 -23.2913 14.4
      vertex 42.8513 -23.2913 10.65
    endloop
  endfacet
  facet normal -0.857706 0.514141 0
    outer loop
      vertex 42.8513 -23.2913 14.4
      vertex 42.6596 -23.6111 10.65
      vertex 42.6596 -23.6111 14.4
    endloop
  endfacet
  facet normal -0.941481 0.337067 0
    outer loop
      vertex 43.0107 -22.9542 1.6
      vertex 43.1364 -22.6031 9.15
      vertex 43.1364 -22.6031 1.6
    endloop
  endfacet
  facet normal -0.941481 0.337067 0
    outer loop
      vertex 43.1364 -22.6031 9.15
      vertex 43.0107 -22.9542 1.6
      vertex 43.0107 -22.9542 9.15
    endloop
  endfacet
  facet normal -0.941481 0.337067 0
    outer loop
      vertex 43.0107 -22.9542 10.65
      vertex 43.1364 -22.6031 14.4
      vertex 43.1364 -22.6031 10.65
    endloop
  endfacet
  facet normal -0.941481 0.337067 0
    outer loop
      vertex 43.1364 -22.6031 14.4
      vertex 43.0107 -22.9542 10.65
      vertex 43.0107 -22.9542 14.4
    endloop
  endfacet
  facet normal 0.337067 -0.941481 0
    outer loop
      vertex -40.9542 25.0107 1.6
      vertex -40.6031 25.1364 9.15
      vertex -40.9542 25.0107 9.15
    endloop
  endfacet
  facet normal 0.337067 -0.941481 0
    outer loop
      vertex -40.6031 25.1364 9.15
      vertex -40.9542 25.0107 1.6
      vertex -40.6031 25.1364 1.6
    endloop
  endfacet
  facet normal 0.337067 -0.941481 0
    outer loop
      vertex -40.9542 25.0107 10.65
      vertex -40.6031 25.1364 14.4
      vertex -40.9542 25.0107 14.4
    endloop
  endfacet
  facet normal 0.337067 -0.941481 0
    outer loop
      vertex -40.6031 25.1364 14.4
      vertex -40.9542 25.0107 10.65
      vertex -40.6031 25.1364 10.65
    endloop
  endfacet
  facet normal 0.242914 -0.970048 0
    outer loop
      vertex -40.6031 25.1364 1.6
      vertex -40.2413 25.227 9.15
      vertex -40.6031 25.1364 9.15
    endloop
  endfacet
  facet normal 0.242914 -0.970048 0
    outer loop
      vertex -40.2413 25.227 9.15
      vertex -40.6031 25.1364 1.6
      vertex -40.2413 25.227 1.6
    endloop
  endfacet
  facet normal 0.242914 -0.970048 0
    outer loop
      vertex -40.6031 25.1364 10.65
      vertex -40.2413 25.227 14.4
      vertex -40.6031 25.1364 14.4
    endloop
  endfacet
  facet normal 0.242914 -0.970048 0
    outer loop
      vertex -40.2413 25.227 14.4
      vertex -40.6031 25.1364 10.65
      vertex -40.2413 25.227 10.65
    endloop
  endfacet
  facet normal 0.514141 -0.857706 0
    outer loop
      vertex -41.6111 24.6596 1.6
      vertex -41.2913 24.8513 9.15
      vertex -41.6111 24.6596 9.15
    endloop
  endfacet
  facet normal 0.514141 -0.857706 0
    outer loop
      vertex -41.2913 24.8513 9.15
      vertex -41.6111 24.6596 1.6
      vertex -41.2913 24.8513 1.6
    endloop
  endfacet
  facet normal 0.514141 -0.857706 0
    outer loop
      vertex -41.6111 24.6596 10.65
      vertex -41.2913 24.8513 14.4
      vertex -41.6111 24.6596 14.4
    endloop
  endfacet
  facet normal 0.514141 -0.857706 0
    outer loop
      vertex -41.2913 24.8513 14.4
      vertex -41.6111 24.6596 10.65
      vertex -41.2913 24.8513 10.65
    endloop
  endfacet
  facet normal 0.427475 -0.904027 0
    outer loop
      vertex -41.2913 24.8513 1.6
      vertex -40.9542 25.0107 9.15
      vertex -41.2913 24.8513 9.15
    endloop
  endfacet
  facet normal 0.427475 -0.904027 0
    outer loop
      vertex -40.9542 25.0107 9.15
      vertex -41.2913 24.8513 1.6
      vertex -40.9542 25.0107 1.6
    endloop
  endfacet
  facet normal 0.427475 -0.904027 0
    outer loop
      vertex -41.2913 24.8513 10.65
      vertex -40.9542 25.0107 14.4
      vertex -41.2913 24.8513 14.4
    endloop
  endfacet
  facet normal 0.427475 -0.904027 0
    outer loop
      vertex -40.9542 25.0107 14.4
      vertex -41.2913 24.8513 10.65
      vertex -40.9542 25.0107 10.65
    endloop
  endfacet
  facet normal 0.671524 -0.740983 0
    outer loop
      vertex -42.187 24.187 1.6
      vertex -41.9107 24.4374 9.15
      vertex -42.187 24.187 9.15
    endloop
  endfacet
  facet normal 0.671524 -0.740983 0
    outer loop
      vertex -41.9107 24.4374 9.15
      vertex -42.187 24.187 1.6
      vertex -41.9107 24.4374 1.6
    endloop
  endfacet
  facet normal 0.671524 -0.740983 0
    outer loop
      vertex -42.187 24.187 10.65
      vertex -41.9107 24.4374 14.4
      vertex -42.187 24.187 14.4
    endloop
  endfacet
  facet normal 0.671524 -0.740983 0
    outer loop
      vertex -41.9107 24.4374 14.4
      vertex -42.187 24.187 10.65
      vertex -41.9107 24.4374 10.65
    endloop
  endfacet
  facet normal 0.941481 -0.337067 0
    outer loop
      vertex -43.1364 22.6031 9.15
      vertex -43.0107 22.9542 1.6
      vertex -43.0107 22.9542 9.15
    endloop
  endfacet
  facet normal 0.941481 -0.337067 0
    outer loop
      vertex -43.0107 22.9542 1.6
      vertex -43.1364 22.6031 9.15
      vertex -43.1364 22.6031 1.6
    endloop
  endfacet
  facet normal 0.941481 -0.337067 0
    outer loop
      vertex -43.1364 22.6031 14.4
      vertex -43.0107 22.9542 10.65
      vertex -43.0107 22.9542 14.4
    endloop
  endfacet
  facet normal 0.941481 -0.337067 0
    outer loop
      vertex -43.0107 22.9542 10.65
      vertex -43.1364 22.6031 14.4
      vertex -43.1364 22.6031 10.65
    endloop
  endfacet
  facet normal 0.857706 -0.514141 0
    outer loop
      vertex -42.8513 23.2913 9.15
      vertex -42.6596 23.6111 1.6
      vertex -42.6596 23.6111 9.15
    endloop
  endfacet
  facet normal 0.857706 -0.514141 0
    outer loop
      vertex -42.6596 23.6111 1.6
      vertex -42.8513 23.2913 9.15
      vertex -42.8513 23.2913 1.6
    endloop
  endfacet
  facet normal 0.857706 -0.514141 0
    outer loop
      vertex -42.8513 23.2913 14.4
      vertex -42.6596 23.6111 10.65
      vertex -42.6596 23.6111 14.4
    endloop
  endfacet
  facet normal 0.857706 -0.514141 0
    outer loop
      vertex -42.6596 23.6111 10.65
      vertex -42.8513 23.2913 14.4
      vertex -42.8513 23.2913 10.65
    endloop
  endfacet
  facet normal 0.904027 -0.427475 0
    outer loop
      vertex -43.0107 22.9542 9.15
      vertex -42.8513 23.2913 1.6
      vertex -42.8513 23.2913 9.15
    endloop
  endfacet
  facet normal 0.904027 -0.427475 0
    outer loop
      vertex -42.8513 23.2913 1.6
      vertex -43.0107 22.9542 9.15
      vertex -43.0107 22.9542 1.6
    endloop
  endfacet
  facet normal 0.904027 -0.427475 0
    outer loop
      vertex -43.0107 22.9542 14.4
      vertex -42.8513 23.2913 10.65
      vertex -42.8513 23.2913 14.4
    endloop
  endfacet
  facet normal 0.904027 -0.427475 0
    outer loop
      vertex -42.8513 23.2913 10.65
      vertex -43.0107 22.9542 14.4
      vertex -43.0107 22.9542 10.65
    endloop
  endfacet
  facet normal 0.998795 0.0490683 0
    outer loop
      vertex -43.2817 -21.8725 9.15
      vertex -43.3 -21.5 1.6
      vertex -43.3 -21.5 9.15
    endloop
  endfacet
  facet normal 0.998795 0.0490683 0
    outer loop
      vertex -43.3 -21.5 1.6
      vertex -43.2817 -21.8725 9.15
      vertex -43.2817 -21.8725 1.6
    endloop
  endfacet
  facet normal 0.998795 0.0490683 0
    outer loop
      vertex -43.2817 -21.8725 14.4
      vertex -43.3 -21.5 10.65
      vertex -43.3 -21.5 14.4
    endloop
  endfacet
  facet normal 0.998795 0.0490683 0
    outer loop
      vertex -43.3 -21.5 10.65
      vertex -43.2817 -21.8725 14.4
      vertex -43.2817 -21.8725 10.65
    endloop
  endfacet
  facet normal 0 0 1
    outer loop
      vertex 39.5 25.3 1.6
      vertex 43.3 21.5 1.6
      vertex 43.2817 21.8725 1.6
    endloop
  endfacet
  facet normal 0 0 1
    outer loop
      vertex 43.3 21.5 1.6
      vertex 34.9 24.3 1.6
      vertex 43.3 -21.5 1.6
    endloop
  endfacet
  facet normal 0 0 1
    outer loop
      vertex 39.5 25.3 1.6
      vertex 43.2817 21.8725 1.6
      vertex 43.227 22.2413 1.6
    endloop
  endfacet
  facet normal 0 0 1
    outer loop
      vertex 34.9 -24.3 1.6
      vertex 43.3 -21.5 1.6
      vertex 34.9 24.3 1.6
    endloop
  endfacet
  facet normal 0 0 1
    outer loop
      vertex 39.5 25.3 1.6
      vertex 43.227 22.2413 1.6
      vertex 43.1364 22.6031 1.6
    endloop
  endfacet
  facet normal 0 -0 1
    outer loop
      vertex 39.5 -25.3 1.6
      vertex 43.3 -21.5 1.6
      vertex 34.9 -24.3 1.6
    endloop
  endfacet
  facet normal 0 0 1
    outer loop
      vertex 39.5 25.3 1.6
      vertex 43.1364 22.6031 1.6
      vertex 43.0107 22.9542 1.6
    endloop
  endfacet
  facet normal 0 0 1
    outer loop
      vertex 43.3 -21.5 1.6
      vertex 39.5 -25.3 1.6
      vertex 43.2817 -21.8725 1.6
    endloop
  endfacet
  facet normal 0 0 1
    outer loop
      vertex 39.5 25.3 1.6
      vertex 43.0107 22.9542 1.6
      vertex 42.8513 23.2913 1.6
    endloop
  endfacet
  facet normal 0 0 1
    outer loop
      vertex 43.2817 -21.8725 1.6
      vertex 39.5 -25.3 1.6
      vertex 43.227 -22.2413 1.6
    endloop
  endfacet
  facet normal 0 0 1
    outer loop
      vertex 39.5 25.3 1.6
      vertex 42.8513 23.2913 1.6
      vertex 42.6596 23.6111 1.6
    endloop
  endfacet
  facet normal 0 0 1
    outer loop
      vertex 43.227 -22.2413 1.6
      vertex 39.5 -25.3 1.6
      vertex 43.1364 -22.6031 1.6
    endloop
  endfacet
  facet normal 0 0 1
    outer loop
      vertex 39.5 25.3 1.6
      vertex 42.6596 23.6111 1.6
      vertex 42.4374 23.9107 1.6
    endloop
  endfacet
  facet normal 0 0 1
    outer loop
      vertex 43.1364 -22.6031 1.6
      vertex 39.5 -25.3 1.6
      vertex 43.0107 -22.9542 1.6
    endloop
  endfacet
  facet normal 0 0 1
    outer loop
      vertex 39.5 25.3 1.6
      vertex 42.4374 23.9107 1.6
      vertex 42.187 24.187 1.6
    endloop
  endfacet
  facet normal 0 0 1
    outer loop
      vertex 43.0107 -22.9542 1.6
      vertex 39.5 -25.3 1.6
      vertex 42.8513 -23.2913 1.6
    endloop
  endfacet
  facet normal 0 0 1
    outer loop
      vertex 39.5 25.3 1.6
      vertex 42.187 24.187 1.6
      vertex 41.9107 24.4374 1.6
    endloop
  endfacet
  facet normal 0 0 1
    outer loop
      vertex 42.8513 -23.2913 1.6
      vertex 39.5 -25.3 1.6
      vertex 42.6596 -23.6111 1.6
    endloop
  endfacet
  facet normal 0 0 1
    outer loop
      vertex 39.5 25.3 1.6
      vertex 41.9107 24.4374 1.6
      vertex 41.6111 24.6596 1.6
    endloop
  endfacet
  facet normal 0 0 1
    outer loop
      vertex 42.6596 -23.6111 1.6
      vertex 39.5 -25.3 1.6
      vertex 42.4374 -23.9107 1.6
    endloop
  endfacet
  facet normal 0 0 1
    outer loop
      vertex 39.5 25.3 1.6
      vertex 41.6111 24.6596 1.6
      vertex 41.2913 24.8513 1.6
    endloop
  endfacet
  facet normal 0 0 1
    outer loop
      vertex 42.4374 -23.9107 1.6
      vertex 39.5 -25.3 1.6
      vertex 42.187 -24.187 1.6
    endloop
  endfacet
  facet normal 0 0 1
    outer loop
      vertex 39.5 25.3 1.6
      vertex 41.2913 24.8513 1.6
      vertex 40.9542 25.0107 1.6
    endloop
  endfacet
  facet normal 0 0 1
    outer loop
      vertex 42.187 -24.187 1.6
      vertex 39.5 -25.3 1.6
      vertex 41.9107 -24.4374 1.6
    endloop
  endfacet
  facet normal 0 0 1
    outer loop
      vertex 39.5 25.3 1.6
      vertex 40.9542 25.0107 1.6
      vertex 40.6031 25.1364 1.6
    endloop
  endfacet
  facet normal 0 0 1
    outer loop
      vertex 41.9107 -24.4374 1.6
      vertex 39.5 -25.3 1.6
      vertex 41.6111 -24.6596 1.6
    endloop
  endfacet
  facet normal 0 0 1
    outer loop
      vertex 39.5 25.3 1.6
      vertex 40.6031 25.1364 1.6
      vertex 40.2413 25.227 1.6
    endloop
  endfacet
  facet normal 0 0 1
    outer loop
      vertex 41.6111 -24.6596 1.6
      vertex 39.5 -25.3 1.6
      vertex 41.2913 -24.8513 1.6
    endloop
  endfacet
  facet normal 0 0 1
    outer loop
      vertex 39.5 25.3 1.6
      vertex 40.2413 25.227 1.6
      vertex 39.8725 25.2817 1.6
    endloop
  endfacet
  facet normal 0 0 1
    outer loop
      vertex 41.2913 -24.8513 1.6
      vertex 39.5 -25.3 1.6
      vertex 40.9542 -25.0107 1.6
    endloop
  endfacet
  facet normal 0 0 1
    outer loop
      vertex 43.3 21.5 1.6
      vertex 39.5 25.3 1.6
      vertex 34.9 24.3 1.6
    endloop
  endfacet
  facet normal 0 0 1
    outer loop
      vertex 40.9542 -25.0107 1.6
      vertex 39.5 -25.3 1.6
      vertex 40.6031 -25.1364 1.6
    endloop
  endfacet
  facet normal 0 0 1
    outer loop
      vertex 40.6031 -25.1364 1.6
      vertex 39.5 -25.3 1.6
      vertex 40.2413 -25.227 1.6
    endloop
  endfacet
  facet normal 0 0 1
    outer loop
      vertex 39.5 25.3 1.6
      vertex 34.8952 24.398 1.6
      vertex 34.9 24.3 1.6
    endloop
  endfacet
  facet normal 0 0 1
    outer loop
      vertex 39.5 25.3 1.6
      vertex 34.8808 24.4951 1.6
      vertex 34.8952 24.398 1.6
    endloop
  endfacet
  facet normal 0 0 1
    outer loop
      vertex 39.5 25.3 1.6
      vertex 34.8569 24.5903 1.6
      vertex 34.8808 24.4951 1.6
    endloop
  endfacet
  facet normal 0 0 1
    outer loop
      vertex 39.5 25.3 1.6
      vertex 34.8239 24.6827 1.6
      vertex 34.8569 24.5903 1.6
    endloop
  endfacet
  facet normal 0 0 1
    outer loop
      vertex 39.5 25.3 1.6
      vertex 34.7819 24.7714 1.6
      vertex 34.8239 24.6827 1.6
    endloop
  endfacet
  facet normal 0 0 1
    outer loop
      vertex 39.5 25.3 1.6
      vertex 34.7315 24.8556 1.6
      vertex 34.7819 24.7714 1.6
    endloop
  endfacet
  facet normal 0 0 1
    outer loop
      vertex 39.5 25.3 1.6
      vertex 34.673 24.9344 1.6
      vertex 34.7315 24.8556 1.6
    endloop
  endfacet
  facet normal 0 0 1
    outer loop
      vertex 39.5 25.3 1.6
      vertex 34.6071 25.0071 1.6
      vertex 34.673 24.9344 1.6
    endloop
  endfacet
  facet normal 0 0 1
    outer loop
      vertex 39.5 25.3 1.6
      vertex 34.5344 25.073 1.6
      vertex 34.6071 25.0071 1.6
    endloop
  endfacet
  facet normal 0 0 1
    outer loop
      vertex 39.5 25.3 1.6
      vertex 34.4556 25.1315 1.6
      vertex 34.5344 25.073 1.6
    endloop
  endfacet
  facet normal 0 0 1
    outer loop
      vertex 39.5 25.3 1.6
      vertex 34.3714 25.1819 1.6
      vertex 34.4556 25.1315 1.6
    endloop
  endfacet
  facet normal 0 0 1
    outer loop
      vertex 39.5 25.3 1.6
      vertex 34.2827 25.2239 1.6
      vertex 34.3714 25.1819 1.6
    endloop
  endfacet
  facet normal 0 0 1
    outer loop
      vertex 39.5 25.3 1.6
      vertex 34.1903 25.2569 1.6
      vertex 34.2827 25.2239 1.6
    endloop
  endfacet
  facet normal 0 0 1
    outer loop
      vertex 39.5 25.3 1.6
      vertex 34.0951 25.2808 1.6
      vertex 34.1903 25.2569 1.6
    endloop
  endfacet
  facet normal 0 0 1
    outer loop
      vertex 39.5 25.3 1.6
      vertex 33.998 25.2952 1.6
      vertex 34.0951 25.2808 1.6
    endloop
  endfacet
  facet normal 0 -0 1
    outer loop
      vertex 33.998 25.2952 1.6
      vertex 39.5 25.3 1.6
      vertex 33.9 25.3 1.6
    endloop
  endfacet
  facet normal 0 0 1
    outer loop
      vertex 40.2413 -25.227 1.6
      vertex 39.5 -25.3 1.6
      vertex 39.8725 -25.2817 1.6
    endloop
  endfacet
  facet normal -0 0 1
    outer loop
      vertex 34.8952 -24.398 1.6
      vertex 39.5 -25.3 1.6
      vertex 34.9 -24.3 1.6
    endloop
  endfacet
  facet normal -0 0 1
    outer loop
      vertex 34.8808 -24.4951 1.6
      vertex 39.5 -25.3 1.6
      vertex 34.8952 -24.398 1.6
    endloop
  endfacet
  facet normal -0 0 1
    outer loop
      vertex 34.8569 -24.5903 1.6
      vertex 39.5 -25.3 1.6
      vertex 34.8808 -24.4951 1.6
    endloop
  endfacet
  facet normal -0 0 1
    outer loop
      vertex 34.8239 -24.6827 1.6
      vertex 39.5 -25.3 1.6
      vertex 34.8569 -24.5903 1.6
    endloop
  endfacet
  facet normal -0 0 1
    outer loop
      vertex 34.7819 -24.7714 1.6
      vertex 39.5 -25.3 1.6
      vertex 34.8239 -24.6827 1.6
    endloop
  endfacet
  facet normal -0 0 1
    outer loop
      vertex 34.7315 -24.8556 1.6
      vertex 39.5 -25.3 1.6
      vertex 34.7819 -24.7714 1.6
    endloop
  endfacet
  facet normal -0 0 1
    outer loop
      vertex 34.673 -24.9344 1.6
      vertex 39.5 -25.3 1.6
      vertex 34.7315 -24.8556 1.6
    endloop
  endfacet
  facet normal -0 0 1
    outer loop
      vertex 34.6071 -25.0071 1.6
      vertex 39.5 -25.3 1.6
      vertex 34.673 -24.9344 1.6
    endloop
  endfacet
  facet normal -0 0 1
    outer loop
      vertex 34.5344 -25.073 1.6
      vertex 39.5 -25.3 1.6
      vertex 34.6071 -25.0071 1.6
    endloop
  endfacet
  facet normal -0 0 1
    outer loop
      vertex 34.4556 -25.1315 1.6
      vertex 39.5 -25.3 1.6
      vertex 34.5344 -25.073 1.6
    endloop
  endfacet
  facet normal -0 0 1
    outer loop
      vertex 34.3714 -25.1819 1.6
      vertex 39.5 -25.3 1.6
      vertex 34.4556 -25.1315 1.6
    endloop
  endfacet
  facet normal -0 0 1
    outer loop
      vertex 34.2827 -25.2239 1.6
      vertex 39.5 -25.3 1.6
      vertex 34.3714 -25.1819 1.6
    endloop
  endfacet
  facet normal -0 0 1
    outer loop
      vertex 34.1903 -25.2569 1.6
      vertex 39.5 -25.3 1.6
      vertex 34.2827 -25.2239 1.6
    endloop
  endfacet
  facet normal -0 0 1
    outer loop
      vertex 34.0951 -25.2808 1.6
      vertex 39.5 -25.3 1.6
      vertex 34.1903 -25.2569 1.6
    endloop
  endfacet
  facet normal -0 0 1
    outer loop
      vertex 33.998 -25.2952 1.6
      vertex 39.5 -25.3 1.6
      vertex 34.0951 -25.2808 1.6
    endloop
  endfacet
  facet normal 0 0 1
    outer loop
      vertex 39.5 -25.3 1.6
      vertex 33.998 -25.2952 1.6
      vertex 33.9 -25.3 1.6
    endloop
  endfacet
  facet normal 0 0 1
    outer loop
      vertex -43.3 21.5 1.6
      vertex -34.9 24.3 1.6
      vertex -39.5 25.3 1.6
    endloop
  endfacet
  facet normal 0 0 1
    outer loop
      vertex -34.8952 24.398 1.6
      vertex -39.5 25.3 1.6
      vertex -34.9 24.3 1.6
    endloop
  endfacet
  facet normal 0 0 1
    outer loop
      vertex -34.8808 24.4951 1.6
      vertex -39.5 25.3 1.6
      vertex -34.8952 24.398 1.6
    endloop
  endfacet
  facet normal 0 0 1
    outer loop
      vertex -34.8569 24.5903 1.6
      vertex -39.5 25.3 1.6
      vertex -34.8808 24.4951 1.6
    endloop
  endfacet
  facet normal 0 0 1
    outer loop
      vertex -34.8239 24.6827 1.6
      vertex -39.5 25.3 1.6
      vertex -34.8569 24.5903 1.6
    endloop
  endfacet
  facet normal 0 0 1
    outer loop
      vertex -34.7819 24.7714 1.6
      vertex -39.5 25.3 1.6
      vertex -34.8239 24.6827 1.6
    endloop
  endfacet
  facet normal 0 0 1
    outer loop
      vertex -34.7315 24.8556 1.6
      vertex -39.5 25.3 1.6
      vertex -34.7819 24.7714 1.6
    endloop
  endfacet
  facet normal 0 0 1
    outer loop
      vertex -34.673 24.9344 1.6
      vertex -39.5 25.3 1.6
      vertex -34.7315 24.8556 1.6
    endloop
  endfacet
  facet normal 0 0 1
    outer loop
      vertex -34.6071 25.0071 1.6
      vertex -39.5 25.3 1.6
      vertex -34.673 24.9344 1.6
    endloop
  endfacet
  facet normal 0 0 1
    outer loop
      vertex -34.5344 25.073 1.6
      vertex -39.5 25.3 1.6
      vertex -34.6071 25.0071 1.6
    endloop
  endfacet
  facet normal 0 0 1
    outer loop
      vertex -34.4556 25.1315 1.6
      vertex -39.5 25.3 1.6
      vertex -34.5344 25.073 1.6
    endloop
  endfacet
  facet normal 0 0 1
    outer loop
      vertex -34.3714 25.1819 1.6
      vertex -39.5 25.3 1.6
      vertex -34.4556 25.1315 1.6
    endloop
  endfacet
  facet normal 0 0 1
    outer loop
      vertex -34.2827 25.2239 1.6
      vertex -39.5 25.3 1.6
      vertex -34.3714 25.1819 1.6
    endloop
  endfacet
  facet normal 0 0 1
    outer loop
      vertex -34.1903 25.2569 1.6
      vertex -39.5 25.3 1.6
      vertex -34.2827 25.2239 1.6
    endloop
  endfacet
  facet normal 0 0 1
    outer loop
      vertex -34.0951 25.2808 1.6
      vertex -39.5 25.3 1.6
      vertex -34.1903 25.2569 1.6
    endloop
  endfacet
  facet normal 0 0 1
    outer loop
      vertex -33.998 25.2952 1.6
      vertex -39.5 25.3 1.6
      vertex -34.0951 25.2808 1.6
    endloop
  endfacet
  facet normal -0 0 1
    outer loop
      vertex -39.5 25.3 1.6
      vertex -33.998 25.2952 1.6
      vertex -33.9 25.3 1.6
    endloop
  endfacet
  facet normal 0 0 1
    outer loop
      vertex -34.9 24.3 1.6
      vertex -43.3 21.5 1.6
      vertex -34.9 -24.3 1.6
    endloop
  endfacet
  facet normal 0 0 1
    outer loop
      vertex -33.998 -25.2952 1.6
      vertex -39.5 -25.3 1.6
      vertex -33.9 -25.3 1.6
    endloop
  endfacet
  facet normal 0 0 1
    outer loop
      vertex -34.0951 -25.2808 1.6
      vertex -39.5 -25.3 1.6
      vertex -33.998 -25.2952 1.6
    endloop
  endfacet
  facet normal 0 0 1
    outer loop
      vertex -34.1903 -25.2569 1.6
      vertex -39.5 -25.3 1.6
      vertex -34.0951 -25.2808 1.6
    endloop
  endfacet
  facet normal 0 0 1
    outer loop
      vertex -34.2827 -25.2239 1.6
      vertex -39.5 -25.3 1.6
      vertex -34.1903 -25.2569 1.6
    endloop
  endfacet
  facet normal 0 0 1
    outer loop
      vertex -34.3714 -25.1819 1.6
      vertex -39.5 -25.3 1.6
      vertex -34.2827 -25.2239 1.6
    endloop
  endfacet
  facet normal 0 0 1
    outer loop
      vertex -34.4556 -25.1315 1.6
      vertex -39.5 -25.3 1.6
      vertex -34.3714 -25.1819 1.6
    endloop
  endfacet
  facet normal 0 0 1
    outer loop
      vertex -34.5344 -25.073 1.6
      vertex -39.5 -25.3 1.6
      vertex -34.4556 -25.1315 1.6
    endloop
  endfacet
  facet normal 0 0 1
    outer loop
      vertex -34.6071 -25.0071 1.6
      vertex -39.5 -25.3 1.6
      vertex -34.5344 -25.073 1.6
    endloop
  endfacet
  facet normal 0 0 1
    outer loop
      vertex -34.673 -24.9344 1.6
      vertex -39.5 -25.3 1.6
      vertex -34.6071 -25.0071 1.6
    endloop
  endfacet
  facet normal 0 0 1
    outer loop
      vertex -34.7315 -24.8556 1.6
      vertex -39.5 -25.3 1.6
      vertex -34.673 -24.9344 1.6
    endloop
  endfacet
  facet normal 0 0 1
    outer loop
      vertex -34.7819 -24.7714 1.6
      vertex -39.5 -25.3 1.6
      vertex -34.7315 -24.8556 1.6
    endloop
  endfacet
  facet normal 0 0 1
    outer loop
      vertex -34.8239 -24.6827 1.6
      vertex -39.5 -25.3 1.6
      vertex -34.7819 -24.7714 1.6
    endloop
  endfacet
  facet normal 0 0 1
    outer loop
      vertex -34.8569 -24.5903 1.6
      vertex -39.5 -25.3 1.6
      vertex -34.8239 -24.6827 1.6
    endloop
  endfacet
  facet normal 0 0 1
    outer loop
      vertex -34.8808 -24.4951 1.6
      vertex -39.5 -25.3 1.6
      vertex -34.8569 -24.5903 1.6
    endloop
  endfacet
  facet normal 0 0 1
    outer loop
      vertex -34.8952 -24.398 1.6
      vertex -39.5 -25.3 1.6
      vertex -34.8808 -24.4951 1.6
    endloop
  endfacet
  facet normal -0 0 1
    outer loop
      vertex -43.3 -21.5 1.6
      vertex -34.9 -24.3 1.6
      vertex -43.3 21.5 1.6
    endloop
  endfacet
  facet normal 0 0 1
    outer loop
      vertex -43.3 21.5 1.6
      vertex -39.5 25.3 1.6
      vertex -39.8725 25.2817 1.6
    endloop
  endfacet
  facet normal 0 -0 1
    outer loop
      vertex -39.5 -25.3 1.6
      vertex -34.9 -24.3 1.6
      vertex -43.3 -21.5 1.6
    endloop
  endfacet
  facet normal 0 0 1
    outer loop
      vertex -43.3 21.5 1.6
      vertex -39.8725 25.2817 1.6
      vertex -40.2413 25.227 1.6
    endloop
  endfacet
  facet normal 0 0 1
    outer loop
      vertex -34.9 -24.3 1.6
      vertex -39.5 -25.3 1.6
      vertex -34.8952 -24.398 1.6
    endloop
  endfacet
  facet normal 0 0 1
    outer loop
      vertex -43.3 21.5 1.6
      vertex -40.2413 25.227 1.6
      vertex -40.6031 25.1364 1.6
    endloop
  endfacet
  facet normal 0 0 1
    outer loop
      vertex -39.5 -25.3 1.6
      vertex -43.3 -21.5 1.6
      vertex -39.8725 -25.2817 1.6
    endloop
  endfacet
  facet normal 0 0 1
    outer loop
      vertex -43.3 21.5 1.6
      vertex -40.6031 25.1364 1.6
      vertex -40.9542 25.0107 1.6
    endloop
  endfacet
  facet normal 0 0 1
    outer loop
      vertex -39.8725 -25.2817 1.6
      vertex -43.3 -21.5 1.6
      vertex -40.2413 -25.227 1.6
    endloop
  endfacet
  facet normal 0 0 1
    outer loop
      vertex -43.3 21.5 1.6
      vertex -40.9542 25.0107 1.6
      vertex -41.2913 24.8513 1.6
    endloop
  endfacet
  facet normal 0 0 1
    outer loop
      vertex -40.2413 -25.227 1.6
      vertex -43.3 -21.5 1.6
      vertex -40.6031 -25.1364 1.6
    endloop
  endfacet
  facet normal 0 0 1
    outer loop
      vertex -43.3 21.5 1.6
      vertex -41.2913 24.8513 1.6
      vertex -41.6111 24.6596 1.6
    endloop
  endfacet
  facet normal 0 0 1
    outer loop
      vertex -40.6031 -25.1364 1.6
      vertex -43.3 -21.5 1.6
      vertex -40.9542 -25.0107 1.6
    endloop
  endfacet
  facet normal 0 0 1
    outer loop
      vertex -43.3 21.5 1.6
      vertex -41.6111 24.6596 1.6
      vertex -41.9107 24.4374 1.6
    endloop
  endfacet
  facet normal 0 0 1
    outer loop
      vertex -40.9542 -25.0107 1.6
      vertex -43.3 -21.5 1.6
      vertex -41.2913 -24.8513 1.6
    endloop
  endfacet
  facet normal 0 0 1
    outer loop
      vertex -43.3 21.5 1.6
      vertex -41.9107 24.4374 1.6
      vertex -42.187 24.187 1.6
    endloop
  endfacet
  facet normal 0 0 1
    outer loop
      vertex -41.2913 -24.8513 1.6
      vertex -43.3 -21.5 1.6
      vertex -41.6111 -24.6596 1.6
    endloop
  endfacet
  facet normal 0 0 1
    outer loop
      vertex -43.3 21.5 1.6
      vertex -42.187 24.187 1.6
      vertex -42.4374 23.9107 1.6
    endloop
  endfacet
  facet normal 0 0 1
    outer loop
      vertex -41.6111 -24.6596 1.6
      vertex -43.3 -21.5 1.6
      vertex -41.9107 -24.4374 1.6
    endloop
  endfacet
  facet normal 0 0 1
    outer loop
      vertex -43.3 21.5 1.6
      vertex -42.4374 23.9107 1.6
      vertex -42.6596 23.6111 1.6
    endloop
  endfacet
  facet normal 0 0 1
    outer loop
      vertex -41.9107 -24.4374 1.6
      vertex -43.3 -21.5 1.6
      vertex -42.187 -24.187 1.6
    endloop
  endfacet
  facet normal 0 0 1
    outer loop
      vertex -43.3 21.5 1.6
      vertex -42.6596 23.6111 1.6
      vertex -42.8513 23.2913 1.6
    endloop
  endfacet
  facet normal 0 0 1
    outer loop
      vertex -42.187 -24.187 1.6
      vertex -43.3 -21.5 1.6
      vertex -42.4374 -23.9107 1.6
    endloop
  endfacet
  facet normal 0 0 1
    outer loop
      vertex -43.3 21.5 1.6
      vertex -42.8513 23.2913 1.6
      vertex -43.0107 22.9542 1.6
    endloop
  endfacet
  facet normal 0 0 1
    outer loop
      vertex -42.4374 -23.9107 1.6
      vertex -43.3 -21.5 1.6
      vertex -42.6596 -23.6111 1.6
    endloop
  endfacet
  facet normal 0 0 1
    outer loop
      vertex -43.3 21.5 1.6
      vertex -43.0107 22.9542 1.6
      vertex -43.1364 22.6031 1.6
    endloop
  endfacet
  facet normal 0 0 1
    outer loop
      vertex -42.6596 -23.6111 1.6
      vertex -43.3 -21.5 1.6
      vertex -42.8513 -23.2913 1.6
    endloop
  endfacet
  facet normal 0 0 1
    outer loop
      vertex -43.3 21.5 1.6
      vertex -43.1364 22.6031 1.6
      vertex -43.227 22.2413 1.6
    endloop
  endfacet
  facet normal 0 0 1
    outer loop
      vertex -42.8513 -23.2913 1.6
      vertex -43.3 -21.5 1.6
      vertex -43.0107 -22.9542 1.6
    endloop
  endfacet
  facet normal 0 0 1
    outer loop
      vertex -43.3 21.5 1.6
      vertex -43.227 22.2413 1.6
      vertex -43.2817 21.8725 1.6
    endloop
  endfacet
  facet normal 0 0 1
    outer loop
      vertex -43.0107 -22.9542 1.6
      vertex -43.3 -21.5 1.6
      vertex -43.1364 -22.6031 1.6
    endloop
  endfacet
  facet normal 0 0 1
    outer loop
      vertex -43.1364 -22.6031 1.6
      vertex -43.3 -21.5 1.6
      vertex -43.227 -22.2413 1.6
    endloop
  endfacet
  facet normal 0 0 1
    outer loop
      vertex -43.227 -22.2413 1.6
      vertex -43.3 -21.5 1.6
      vertex -43.2817 -21.8725 1.6
    endloop
  endfacet
  facet normal 0.989179 0.146714 0
    outer loop
      vertex -43.227 -22.2413 9.15
      vertex -43.2817 -21.8725 1.6
      vertex -43.2817 -21.8725 9.15
    endloop
  endfacet
  facet normal 0.989179 0.146714 0
    outer loop
      vertex -43.2817 -21.8725 1.6
      vertex -43.227 -22.2413 9.15
      vertex -43.227 -22.2413 1.6
    endloop
  endfacet
  facet normal 0.989179 0.146714 0
    outer loop
      vertex -43.227 -22.2413 14.4
      vertex -43.2817 -21.8725 10.65
      vertex -43.2817 -21.8725 14.4
    endloop
  endfacet
  facet normal 0.989179 0.146714 0
    outer loop
      vertex -43.2817 -21.8725 10.65
      vertex -43.227 -22.2413 14.4
      vertex -43.227 -22.2413 10.65
    endloop
  endfacet
  facet normal 0.857706 0.514141 0
    outer loop
      vertex -42.6596 -23.6111 9.15
      vertex -42.8513 -23.2913 1.6
      vertex -42.8513 -23.2913 9.15
    endloop
  endfacet
  facet normal 0.857706 0.514141 0
    outer loop
      vertex -42.8513 -23.2913 1.6
      vertex -42.6596 -23.6111 9.15
      vertex -42.6596 -23.6111 1.6
    endloop
  endfacet
  facet normal 0.857706 0.514141 0
    outer loop
      vertex -42.6596 -23.6111 14.4
      vertex -42.8513 -23.2913 10.65
      vertex -42.8513 -23.2913 14.4
    endloop
  endfacet
  facet normal 0.857706 0.514141 0
    outer loop
      vertex -42.8513 -23.2913 10.65
      vertex -42.6596 -23.6111 14.4
      vertex -42.6596 -23.6111 10.65
    endloop
  endfacet
  facet normal 0.671524 0.740983 -0
    outer loop
      vertex -41.9107 -24.4374 1.6
      vertex -42.187 -24.187 9.15
      vertex -41.9107 -24.4374 9.15
    endloop
  endfacet
  facet normal 0.671524 0.740983 0
    outer loop
      vertex -42.187 -24.187 9.15
      vertex -41.9107 -24.4374 1.6
      vertex -42.187 -24.187 1.6
    endloop
  endfacet
  facet normal 0.671524 0.740983 -0
    outer loop
      vertex -41.9107 -24.4374 10.65
      vertex -42.187 -24.187 14.4
      vertex -41.9107 -24.4374 14.4
    endloop
  endfacet
  facet normal 0.671524 0.740983 0
    outer loop
      vertex -42.187 -24.187 14.4
      vertex -41.9107 -24.4374 10.65
      vertex -42.187 -24.187 10.65
    endloop
  endfacet
  facet normal 0.337067 0.941481 -0
    outer loop
      vertex -40.6031 -25.1364 1.6
      vertex -40.9542 -25.0107 9.15
      vertex -40.6031 -25.1364 9.15
    endloop
  endfacet
  facet normal 0.337067 0.941481 0
    outer loop
      vertex -40.9542 -25.0107 9.15
      vertex -40.6031 -25.1364 1.6
      vertex -40.9542 -25.0107 1.6
    endloop
  endfacet
  facet normal 0.337067 0.941481 -0
    outer loop
      vertex -40.6031 -25.1364 10.65
      vertex -40.9542 -25.0107 14.4
      vertex -40.6031 -25.1364 14.4
    endloop
  endfacet
  facet normal 0.337067 0.941481 0
    outer loop
      vertex -40.9542 -25.0107 14.4
      vertex -40.6031 -25.1364 10.65
      vertex -40.9542 -25.0107 10.65
    endloop
  endfacet
  facet normal -0.998795 -0.0490683 0
    outer loop
      vertex 43.3 21.5 1.6
      vertex 43.2817 21.8725 9.15
      vertex 43.2817 21.8725 1.6
    endloop
  endfacet
  facet normal -0.998795 -0.0490683 0
    outer loop
      vertex 43.2817 21.8725 9.15
      vertex 43.3 21.5 1.6
      vertex 43.3 21.5 9.15
    endloop
  endfacet
  facet normal -0.998795 -0.0490683 0
    outer loop
      vertex 43.3 21.5 10.65
      vertex 43.2817 21.8725 14.4
      vertex 43.2817 21.8725 10.65
    endloop
  endfacet
  facet normal -0.998795 -0.0490683 0
    outer loop
      vertex 43.2817 21.8725 14.4
      vertex 43.3 21.5 10.65
      vertex 43.3 21.5 14.4
    endloop
  endfacet
  facet normal -0.989179 -0.146714 0
    outer loop
      vertex 43.2817 21.8725 1.6
      vertex 43.227 22.2413 9.15
      vertex 43.227 22.2413 1.6
    endloop
  endfacet
  facet normal -0.989179 -0.146714 0
    outer loop
      vertex 43.227 22.2413 9.15
      vertex 43.2817 21.8725 1.6
      vertex 43.2817 21.8725 9.15
    endloop
  endfacet
  facet normal -0.989179 -0.146714 0
    outer loop
      vertex 43.2817 21.8725 10.65
      vertex 43.227 22.2413 14.4
      vertex 43.227 22.2413 10.65
    endloop
  endfacet
  facet normal -0.989179 -0.146714 0
    outer loop
      vertex 43.227 22.2413 14.4
      vertex 43.2817 21.8725 10.65
      vertex 43.2817 21.8725 14.4
    endloop
  endfacet
  facet normal -0.857706 -0.514141 0
    outer loop
      vertex 42.8513 23.2913 1.6
      vertex 42.6596 23.6111 9.15
      vertex 42.6596 23.6111 1.6
    endloop
  endfacet
  facet normal -0.857706 -0.514141 0
    outer loop
      vertex 42.6596 23.6111 9.15
      vertex 42.8513 23.2913 1.6
      vertex 42.8513 23.2913 9.15
    endloop
  endfacet
  facet normal -0.857706 -0.514141 0
    outer loop
      vertex 42.8513 23.2913 10.65
      vertex 42.6596 23.6111 14.4
      vertex 42.6596 23.6111 10.65
    endloop
  endfacet
  facet normal -0.857706 -0.514141 0
    outer loop
      vertex 42.6596 23.6111 14.4
      vertex 42.8513 23.2913 10.65
      vertex 42.8513 23.2913 14.4
    endloop
  endfacet
  facet normal -0.904027 0.427475 0
    outer loop
      vertex 42.8513 -23.2913 1.6
      vertex 43.0107 -22.9542 9.15
      vertex 43.0107 -22.9542 1.6
    endloop
  endfacet
  facet normal -0.904027 0.427475 0
    outer loop
      vertex 43.0107 -22.9542 9.15
      vertex 42.8513 -23.2913 1.6
      vertex 42.8513 -23.2913 9.15
    endloop
  endfacet
  facet normal -0.904027 0.427475 0
    outer loop
      vertex 42.8513 -23.2913 10.65
      vertex 43.0107 -22.9542 14.4
      vertex 43.0107 -22.9542 10.65
    endloop
  endfacet
  facet normal -0.904027 0.427475 0
    outer loop
      vertex 43.0107 -22.9542 14.4
      vertex 42.8513 -23.2913 10.65
      vertex 42.8513 -23.2913 14.4
    endloop
  endfacet
  facet normal -0.595702 0.803206 0
    outer loop
      vertex 41.9107 -24.4374 1.6
      vertex 41.6111 -24.6596 9.15
      vertex 41.9107 -24.4374 9.15
    endloop
  endfacet
  facet normal -0.595702 0.803206 0
    outer loop
      vertex 41.6111 -24.6596 9.15
      vertex 41.9107 -24.4374 1.6
      vertex 41.6111 -24.6596 1.6
    endloop
  endfacet
  facet normal -0.595702 0.803206 0
    outer loop
      vertex 41.9107 -24.4374 10.65
      vertex 41.6111 -24.6596 14.4
      vertex 41.9107 -24.4374 14.4
    endloop
  endfacet
  facet normal -0.595702 0.803206 0
    outer loop
      vertex 41.6111 -24.6596 14.4
      vertex 41.9107 -24.4374 10.65
      vertex 41.6111 -24.6596 10.65
    endloop
  endfacet
  facet normal -0.740983 0.671524 0
    outer loop
      vertex 42.187 -24.187 1.6
      vertex 42.4374 -23.9107 9.15
      vertex 42.4374 -23.9107 1.6
    endloop
  endfacet
  facet normal -0.740983 0.671524 0
    outer loop
      vertex 42.4374 -23.9107 9.15
      vertex 42.187 -24.187 1.6
      vertex 42.187 -24.187 9.15
    endloop
  endfacet
  facet normal -0.740983 0.671524 0
    outer loop
      vertex 42.187 -24.187 10.65
      vertex 42.4374 -23.9107 14.4
      vertex 42.4374 -23.9107 10.65
    endloop
  endfacet
  facet normal -0.740983 0.671524 0
    outer loop
      vertex 42.4374 -23.9107 14.4
      vertex 42.187 -24.187 10.65
      vertex 42.187 -24.187 14.4
    endloop
  endfacet
  facet normal -0.514141 0.857706 0
    outer loop
      vertex 41.6111 -24.6596 1.6
      vertex 41.2913 -24.8513 9.15
      vertex 41.6111 -24.6596 9.15
    endloop
  endfacet
  facet normal -0.514141 0.857706 0
    outer loop
      vertex 41.2913 -24.8513 9.15
      vertex 41.6111 -24.6596 1.6
      vertex 41.2913 -24.8513 1.6
    endloop
  endfacet
  facet normal -0.514141 0.857706 0
    outer loop
      vertex 41.6111 -24.6596 10.65
      vertex 41.2913 -24.8513 14.4
      vertex 41.6111 -24.6596 14.4
    endloop
  endfacet
  facet normal -0.514141 0.857706 0
    outer loop
      vertex 41.2913 -24.8513 14.4
      vertex 41.6111 -24.6596 10.65
      vertex 41.2913 -24.8513 10.65
    endloop
  endfacet
  facet normal -0.337067 0.941481 0
    outer loop
      vertex 40.9542 -25.0107 1.6
      vertex 40.6031 -25.1364 9.15
      vertex 40.9542 -25.0107 9.15
    endloop
  endfacet
  facet normal -0.337067 0.941481 0
    outer loop
      vertex 40.6031 -25.1364 9.15
      vertex 40.9542 -25.0107 1.6
      vertex 40.6031 -25.1364 1.6
    endloop
  endfacet
  facet normal -0.337067 0.941481 0
    outer loop
      vertex 40.9542 -25.0107 10.65
      vertex 40.6031 -25.1364 14.4
      vertex 40.9542 -25.0107 14.4
    endloop
  endfacet
  facet normal -0.337067 0.941481 0
    outer loop
      vertex 40.6031 -25.1364 14.4
      vertex 40.9542 -25.0107 10.65
      vertex 40.6031 -25.1364 10.65
    endloop
  endfacet
  facet normal 0.904027 0.427475 0
    outer loop
      vertex -42.8513 -23.2913 9.15
      vertex -43.0107 -22.9542 1.6
      vertex -43.0107 -22.9542 9.15
    endloop
  endfacet
  facet normal 0.904027 0.427475 0
    outer loop
      vertex -43.0107 -22.9542 1.6
      vertex -42.8513 -23.2913 9.15
      vertex -42.8513 -23.2913 1.6
    endloop
  endfacet
  facet normal 0.904027 0.427475 0
    outer loop
      vertex -42.8513 -23.2913 14.4
      vertex -43.0107 -22.9542 10.65
      vertex -43.0107 -22.9542 14.4
    endloop
  endfacet
  facet normal 0.904027 0.427475 0
    outer loop
      vertex -43.0107 -22.9542 10.65
      vertex -42.8513 -23.2913 14.4
      vertex -42.8513 -23.2913 10.65
    endloop
  endfacet
  facet normal 0.970048 0.242914 0
    outer loop
      vertex -43.1364 -22.6031 9.15
      vertex -43.227 -22.2413 1.6
      vertex -43.227 -22.2413 9.15
    endloop
  endfacet
  facet normal 0.970048 0.242914 0
    outer loop
      vertex -43.227 -22.2413 1.6
      vertex -43.1364 -22.6031 9.15
      vertex -43.1364 -22.6031 1.6
    endloop
  endfacet
  facet normal 0.970048 0.242914 0
    outer loop
      vertex -43.1364 -22.6031 14.4
      vertex -43.227 -22.2413 10.65
      vertex -43.227 -22.2413 14.4
    endloop
  endfacet
  facet normal 0.970048 0.242914 0
    outer loop
      vertex -43.227 -22.2413 10.65
      vertex -43.1364 -22.6031 14.4
      vertex -43.1364 -22.6031 10.65
    endloop
  endfacet
  facet normal 0.803206 0.595702 0
    outer loop
      vertex -42.4374 -23.9107 9.15
      vertex -42.6596 -23.6111 1.6
      vertex -42.6596 -23.6111 9.15
    endloop
  endfacet
  facet normal 0.803206 0.595702 0
    outer loop
      vertex -42.6596 -23.6111 1.6
      vertex -42.4374 -23.9107 9.15
      vertex -42.4374 -23.9107 1.6
    endloop
  endfacet
  facet normal 0.803206 0.595702 0
    outer loop
      vertex -42.4374 -23.9107 14.4
      vertex -42.6596 -23.6111 10.65
      vertex -42.6596 -23.6111 14.4
    endloop
  endfacet
  facet normal 0.803206 0.595702 0
    outer loop
      vertex -42.6596 -23.6111 10.65
      vertex -42.4374 -23.9107 14.4
      vertex -42.4374 -23.9107 10.65
    endloop
  endfacet
  facet normal 0.595702 0.803206 -0
    outer loop
      vertex -41.6111 -24.6596 1.6
      vertex -41.9107 -24.4374 9.15
      vertex -41.6111 -24.6596 9.15
    endloop
  endfacet
  facet normal 0.595702 0.803206 0
    outer loop
      vertex -41.9107 -24.4374 9.15
      vertex -41.6111 -24.6596 1.6
      vertex -41.9107 -24.4374 1.6
    endloop
  endfacet
  facet normal 0.595702 0.803206 -0
    outer loop
      vertex -41.6111 -24.6596 10.65
      vertex -41.9107 -24.4374 14.4
      vertex -41.6111 -24.6596 14.4
    endloop
  endfacet
  facet normal 0.595702 0.803206 0
    outer loop
      vertex -41.9107 -24.4374 14.4
      vertex -41.6111 -24.6596 10.65
      vertex -41.9107 -24.4374 10.65
    endloop
  endfacet
  facet normal -0.941481 -0.337067 0
    outer loop
      vertex 43.1364 22.6031 1.6
      vertex 43.0107 22.9542 9.15
      vertex 43.0107 22.9542 1.6
    endloop
  endfacet
  facet normal -0.941481 -0.337067 0
    outer loop
      vertex 43.0107 22.9542 9.15
      vertex 43.1364 22.6031 1.6
      vertex 43.1364 22.6031 9.15
    endloop
  endfacet
  facet normal -0.941481 -0.337067 0
    outer loop
      vertex 43.1364 22.6031 10.65
      vertex 43.0107 22.9542 14.4
      vertex 43.0107 22.9542 10.65
    endloop
  endfacet
  facet normal -0.941481 -0.337067 0
    outer loop
      vertex 43.0107 22.9542 14.4
      vertex 43.1364 22.6031 10.65
      vertex 43.1364 22.6031 14.4
    endloop
  endfacet
  facet normal -0.970048 -0.242914 0
    outer loop
      vertex 43.227 22.2413 1.6
      vertex 43.1364 22.6031 9.15
      vertex 43.1364 22.6031 1.6
    endloop
  endfacet
  facet normal -0.970048 -0.242914 0
    outer loop
      vertex 43.1364 22.6031 9.15
      vertex 43.227 22.2413 1.6
      vertex 43.227 22.2413 9.15
    endloop
  endfacet
  facet normal -0.970048 -0.242914 0
    outer loop
      vertex 43.227 22.2413 10.65
      vertex 43.1364 22.6031 14.4
      vertex 43.1364 22.6031 10.65
    endloop
  endfacet
  facet normal -0.970048 -0.242914 0
    outer loop
      vertex 43.1364 22.6031 14.4
      vertex 43.227 22.2413 10.65
      vertex 43.227 22.2413 14.4
    endloop
  endfacet
  facet normal -0.803206 -0.595702 0
    outer loop
      vertex 42.6596 23.6111 1.6
      vertex 42.4374 23.9107 9.15
      vertex 42.4374 23.9107 1.6
    endloop
  endfacet
  facet normal -0.803206 -0.595702 0
    outer loop
      vertex 42.4374 23.9107 9.15
      vertex 42.6596 23.6111 1.6
      vertex 42.6596 23.6111 9.15
    endloop
  endfacet
  facet normal -0.803206 -0.595702 0
    outer loop
      vertex 42.6596 23.6111 10.65
      vertex 42.4374 23.9107 14.4
      vertex 42.4374 23.9107 10.65
    endloop
  endfacet
  facet normal -0.803206 -0.595702 0
    outer loop
      vertex 42.4374 23.9107 14.4
      vertex 42.6596 23.6111 10.65
      vertex 42.6596 23.6111 14.4
    endloop
  endfacet
  facet normal -0.998795 0.0490683 0
    outer loop
      vertex 43.2817 -21.8725 1.6
      vertex 43.3 -21.5 9.15
      vertex 43.3 -21.5 1.6
    endloop
  endfacet
  facet normal -0.998795 0.0490683 0
    outer loop
      vertex 43.3 -21.5 9.15
      vertex 43.2817 -21.8725 1.6
      vertex 43.2817 -21.8725 9.15
    endloop
  endfacet
  facet normal -0.998795 0.0490683 0
    outer loop
      vertex 43.2817 -21.8725 10.65
      vertex 43.3 -21.5 14.4
      vertex 43.3 -21.5 10.65
    endloop
  endfacet
  facet normal -0.998795 0.0490683 0
    outer loop
      vertex 43.3 -21.5 14.4
      vertex 43.2817 -21.8725 10.65
      vertex 43.2817 -21.8725 14.4
    endloop
  endfacet
  facet normal -0.671524 0.740983 0
    outer loop
      vertex 42.187 -24.187 1.6
      vertex 41.9107 -24.4374 9.15
      vertex 42.187 -24.187 9.15
    endloop
  endfacet
  facet normal -0.671524 0.740983 0
    outer loop
      vertex 41.9107 -24.4374 9.15
      vertex 42.187 -24.187 1.6
      vertex 41.9107 -24.4374 1.6
    endloop
  endfacet
  facet normal -0.671524 0.740983 0
    outer loop
      vertex 42.187 -24.187 10.65
      vertex 41.9107 -24.4374 14.4
      vertex 42.187 -24.187 14.4
    endloop
  endfacet
  facet normal -0.671524 0.740983 0
    outer loop
      vertex 41.9107 -24.4374 14.4
      vertex 42.187 -24.187 10.65
      vertex 41.9107 -24.4374 10.65
    endloop
  endfacet
  facet normal -0.803206 0.595702 0
    outer loop
      vertex 42.4374 -23.9107 1.6
      vertex 42.6596 -23.6111 9.15
      vertex 42.6596 -23.6111 1.6
    endloop
  endfacet
  facet normal -0.803206 0.595702 0
    outer loop
      vertex 42.6596 -23.6111 9.15
      vertex 42.4374 -23.9107 1.6
      vertex 42.4374 -23.9107 9.15
    endloop
  endfacet
  facet normal -0.803206 0.595702 0
    outer loop
      vertex 42.4374 -23.9107 10.65
      vertex 42.6596 -23.6111 14.4
      vertex 42.6596 -23.6111 10.65
    endloop
  endfacet
  facet normal -0.803206 0.595702 0
    outer loop
      vertex 42.6596 -23.6111 14.4
      vertex 42.4374 -23.9107 10.65
      vertex 42.4374 -23.9107 14.4
    endloop
  endfacet
  facet normal -0.427475 0.904027 0
    outer loop
      vertex 41.2913 -24.8513 1.6
      vertex 40.9542 -25.0107 9.15
      vertex 41.2913 -24.8513 9.15
    endloop
  endfacet
  facet normal -0.427475 0.904027 0
    outer loop
      vertex 40.9542 -25.0107 9.15
      vertex 41.2913 -24.8513 1.6
      vertex 40.9542 -25.0107 1.6
    endloop
  endfacet
  facet normal -0.427475 0.904027 0
    outer loop
      vertex 41.2913 -24.8513 10.65
      vertex 40.9542 -25.0107 14.4
      vertex 41.2913 -24.8513 14.4
    endloop
  endfacet
  facet normal -0.427475 0.904027 0
    outer loop
      vertex 40.9542 -25.0107 14.4
      vertex 41.2913 -24.8513 10.65
      vertex 40.9542 -25.0107 10.65
    endloop
  endfacet
  facet normal 0.941481 0.337067 0
    outer loop
      vertex -43.0107 -22.9542 9.15
      vertex -43.1364 -22.6031 1.6
      vertex -43.1364 -22.6031 9.15
    endloop
  endfacet
  facet normal 0.941481 0.337067 0
    outer loop
      vertex -43.1364 -22.6031 1.6
      vertex -43.0107 -22.9542 9.15
      vertex -43.0107 -22.9542 1.6
    endloop
  endfacet
  facet normal 0.941481 0.337067 0
    outer loop
      vertex -43.0107 -22.9542 14.4
      vertex -43.1364 -22.6031 10.65
      vertex -43.1364 -22.6031 14.4
    endloop
  endfacet
  facet normal 0.941481 0.337067 0
    outer loop
      vertex -43.1364 -22.6031 10.65
      vertex -43.0107 -22.9542 14.4
      vertex -43.0107 -22.9542 10.65
    endloop
  endfacet
  facet normal 0.740983 0.671524 0
    outer loop
      vertex -42.187 -24.187 9.15
      vertex -42.4374 -23.9107 1.6
      vertex -42.4374 -23.9107 9.15
    endloop
  endfacet
  facet normal 0.740983 0.671524 0
    outer loop
      vertex -42.4374 -23.9107 1.6
      vertex -42.187 -24.187 9.15
      vertex -42.187 -24.187 1.6
    endloop
  endfacet
  facet normal 0.740983 0.671524 0
    outer loop
      vertex -42.187 -24.187 14.4
      vertex -42.4374 -23.9107 10.65
      vertex -42.4374 -23.9107 14.4
    endloop
  endfacet
  facet normal 0.740983 0.671524 0
    outer loop
      vertex -42.4374 -23.9107 10.65
      vertex -42.187 -24.187 14.4
      vertex -42.187 -24.187 10.65
    endloop
  endfacet
  facet normal -0.0489209 0.998803 0
    outer loop
      vertex 27.496 -22.0904 0
      vertex 27.3 -22.1 0.599999
      vertex 27.496 -22.0904 0.599999
    endloop
  endfacet
  facet normal -0.0489209 0.998803 0
    outer loop
      vertex 27.3 -22.1 0.599999
      vertex 27.496 -22.0904 0
      vertex 27.3 -22.1 0
    endloop
  endfacet
  facet normal -0.146696 0.989182 0
    outer loop
      vertex 27.6902 -22.0616 0
      vertex 27.496 -22.0904 0.599999
      vertex 27.6902 -22.0616 0.599999
    endloop
  endfacet
  facet normal -0.146696 0.989182 0
    outer loop
      vertex 27.496 -22.0904 0.599999
      vertex 27.6902 -22.0616 0
      vertex 27.496 -22.0904 0
    endloop
  endfacet
  facet normal 0.0489209 -0.998803 0
    outer loop
      vertex -27.496 22.0904 0
      vertex -27.3 22.1 0.599999
      vertex -27.496 22.0904 0.599999
    endloop
  endfacet
  facet normal 0.0489209 -0.998803 0
    outer loop
      vertex -27.3 22.1 0.599999
      vertex -27.496 22.0904 0
      vertex -27.3 22.1 0
    endloop
  endfacet
  facet normal 0.595508 0.80335 -0
    outer loop
      vertex -28.4111 -21.7629 0
      vertex -28.5688 -21.646 0.599999
      vertex -28.4111 -21.7629 0.599999
    endloop
  endfacet
  facet normal 0.595508 0.80335 0
    outer loop
      vertex -28.5688 -21.646 0.599999
      vertex -28.4111 -21.7629 0
      vertex -28.5688 -21.646 0
    endloop
  endfacet
  facet normal -0.0489209 -0.998803 0
    outer loop
      vertex 27.3 22.1 0
      vertex 27.496 22.0904 0.599999
      vertex 27.3 22.1 0.599999
    endloop
  endfacet
  facet normal -0.0489209 -0.998803 -0
    outer loop
      vertex 27.496 22.0904 0.599999
      vertex 27.3 22.1 0
      vertex 27.496 22.0904 0
    endloop
  endfacet
  facet normal 0.80335 -0.595508 0
    outer loop
      vertex -28.9629 21.2111 0.599999
      vertex -28.846 21.3688 0
      vertex -28.846 21.3688 0.599999
    endloop
  endfacet
  facet normal 0.80335 -0.595508 0
    outer loop
      vertex -28.846 21.3688 0
      vertex -28.9629 21.2111 0.599999
      vertex -28.9629 21.2111 0
    endloop
  endfacet
  facet normal 0.671607 0.740908 -0
    outer loop
      vertex -28.5688 -21.646 0
      vertex -28.7142 -21.5142 0.599999
      vertex -28.5688 -21.646 0.599999
    endloop
  endfacet
  facet normal 0.671607 0.740908 0
    outer loop
      vertex -28.7142 -21.5142 0.599999
      vertex -28.5688 -21.646 0
      vertex -28.7142 -21.5142 0
    endloop
  endfacet
  facet normal 0 1 -0
    outer loop
      vertex 27.3 -22.1 0
      vertex -27.3 -22.1 0.599999
      vertex 27.3 -22.1 0.599999
    endloop
  endfacet
  facet normal 0 1 0
    outer loop
      vertex -27.3 -22.1 0.599999
      vertex 27.3 -22.1 0
      vertex -27.3 -22.1 0
    endloop
  endfacet
  facet normal 0 -1 0
    outer loop
      vertex -27.3 22.1 0
      vertex 27.3 22.1 0.599999
      vertex -27.3 22.1 0.599999
    endloop
  endfacet
  facet normal 0 -1 -0
    outer loop
      vertex 27.3 22.1 0.599999
      vertex -27.3 22.1 0
      vertex 27.3 22.1 0
    endloop
  endfacet
  facet normal 1 -0 0
    outer loop
      vertex -29.3 -20.1 0.599999
      vertex -29.3 20.1 0
      vertex -29.3 20.1 0.599999
    endloop
  endfacet
  facet normal 1 0 0
    outer loop
      vertex -29.3 20.1 0
      vertex -29.3 -20.1 0.599999
      vertex -29.3 -20.1 0
    endloop
  endfacet
  facet normal 0.336788 0.94158 -0
    outer loop
      vertex -27.8806 -22.0139 0
      vertex -28.0654 -21.9478 0.599999
      vertex -27.8806 -22.0139 0.599999
    endloop
  endfacet
  facet normal 0.336788 0.94158 0
    outer loop
      vertex -28.0654 -21.9478 0.599999
      vertex -27.8806 -22.0139 0
      vertex -28.0654 -21.9478 0
    endloop
  endfacet
  facet normal -1 0 0
    outer loop
      vertex 29.3 -20.1 0
      vertex 29.3 20.1 0.599999
      vertex 29.3 20.1 0
    endloop
  endfacet
  facet normal -1 -0 0
    outer loop
      vertex 29.3 20.1 0.599999
      vertex 29.3 -20.1 0
      vertex 29.3 -20.1 0.599999
    endloop
  endfacet
  facet normal -0.671607 -0.740908 0
    outer loop
      vertex 28.5688 21.646 0
      vertex 28.7142 21.5142 0.599999
      vertex 28.5688 21.646 0.599999
    endloop
  endfacet
  facet normal -0.671607 -0.740908 -0
    outer loop
      vertex 28.7142 21.5142 0.599999
      vertex 28.5688 21.646 0
      vertex 28.7142 21.5142 0
    endloop
  endfacet
  facet normal -0.146696 -0.989182 0
    outer loop
      vertex 27.496 22.0904 0
      vertex 27.6902 22.0616 0.599999
      vertex 27.496 22.0904 0.599999
    endloop
  endfacet
  facet normal -0.146696 -0.989182 -0
    outer loop
      vertex 27.6902 22.0616 0.599999
      vertex 27.496 22.0904 0
      vertex 27.6902 22.0616 0
    endloop
  endfacet
  facet normal 0.740908 -0.671607 0
    outer loop
      vertex -28.846 21.3688 0.599999
      vertex -28.7142 21.5142 0
      vertex -28.7142 21.5142 0.599999
    endloop
  endfacet
  facet normal 0.740908 -0.671607 0
    outer loop
      vertex -28.7142 21.5142 0
      vertex -28.846 21.3688 0.599999
      vertex -28.846 21.3688 0
    endloop
  endfacet
  facet normal 0.970023 -0.243015 0
    outer loop
      vertex -29.2616 20.4902 0.599999
      vertex -29.2139 20.6806 0
      vertex -29.2139 20.6806 0.599999
    endloop
  endfacet
  facet normal 0.970023 -0.243015 0
    outer loop
      vertex -29.2139 20.6806 0
      vertex -29.2616 20.4902 0.599999
      vertex -29.2616 20.4902 0
    endloop
  endfacet
  facet normal 0.998803 0.0489209 0
    outer loop
      vertex -29.2904 -20.296 0.599999
      vertex -29.3 -20.1 0
      vertex -29.3 -20.1 0.599999
    endloop
  endfacet
  facet normal 0.998803 0.0489209 0
    outer loop
      vertex -29.3 -20.1 0
      vertex -29.2904 -20.296 0.599999
      vertex -29.2904 -20.296 0
    endloop
  endfacet
  facet normal 0.146696 0.989182 -0
    outer loop
      vertex -27.496 -22.0904 0
      vertex -27.6902 -22.0616 0.599999
      vertex -27.496 -22.0904 0.599999
    endloop
  endfacet
  facet normal 0.146696 0.989182 0
    outer loop
      vertex -27.6902 -22.0616 0.599999
      vertex -27.496 -22.0904 0
      vertex -27.6902 -22.0616 0
    endloop
  endfacet
  facet normal 0.427955 0.9038 -0
    outer loop
      vertex -28.0654 -21.9478 0
      vertex -28.2428 -21.8638 0.599999
      vertex -28.0654 -21.9478 0.599999
    endloop
  endfacet
  facet normal 0.427955 0.9038 0
    outer loop
      vertex -28.2428 -21.8638 0.599999
      vertex -28.0654 -21.9478 0
      vertex -28.2428 -21.8638 0
    endloop
  endfacet
  facet normal -0.740908 0.671607 0
    outer loop
      vertex 28.7142 -21.5142 0
      vertex 28.846 -21.3688 0.599999
      vertex 28.846 -21.3688 0
    endloop
  endfacet
  facet normal -0.740908 0.671607 0
    outer loop
      vertex 28.846 -21.3688 0.599999
      vertex 28.7142 -21.5142 0
      vertex 28.7142 -21.5142 0.599999
    endloop
  endfacet
  facet normal -0.427955 0.9038 0
    outer loop
      vertex 28.2428 -21.8638 0
      vertex 28.0654 -21.9478 0.599999
      vertex 28.2428 -21.8638 0.599999
    endloop
  endfacet
  facet normal -0.427955 0.9038 0
    outer loop
      vertex 28.0654 -21.9478 0.599999
      vertex 28.2428 -21.8638 0
      vertex 28.0654 -21.9478 0
    endloop
  endfacet
  facet normal -0.243015 -0.970023 0
    outer loop
      vertex 27.6902 22.0616 0
      vertex 27.8806 22.0139 0.599999
      vertex 27.6902 22.0616 0.599999
    endloop
  endfacet
  facet normal -0.243015 -0.970023 -0
    outer loop
      vertex 27.8806 22.0139 0.599999
      vertex 27.6902 22.0616 0
      vertex 27.8806 22.0139 0
    endloop
  endfacet
  facet normal -0.514196 -0.857673 0
    outer loop
      vertex 28.2428 21.8638 0
      vertex 28.4111 21.7629 0.599999
      vertex 28.2428 21.8638 0.599999
    endloop
  endfacet
  facet normal -0.514196 -0.857673 -0
    outer loop
      vertex 28.4111 21.7629 0.599999
      vertex 28.2428 21.8638 0
      vertex 28.4111 21.7629 0
    endloop
  endfacet
  facet normal -0.427955 -0.9038 0
    outer loop
      vertex 28.0654 21.9478 0
      vertex 28.2428 21.8638 0.599999
      vertex 28.0654 21.9478 0.599999
    endloop
  endfacet
  facet normal -0.427955 -0.9038 -0
    outer loop
      vertex 28.2428 21.8638 0.599999
      vertex 28.0654 21.9478 0
      vertex 28.2428 21.8638 0
    endloop
  endfacet
  facet normal -0.595508 -0.80335 0
    outer loop
      vertex 28.4111 21.7629 0
      vertex 28.5688 21.646 0.599999
      vertex 28.4111 21.7629 0.599999
    endloop
  endfacet
  facet normal -0.595508 -0.80335 -0
    outer loop
      vertex 28.5688 21.646 0.599999
      vertex 28.4111 21.7629 0
      vertex 28.5688 21.646 0
    endloop
  endfacet
  facet normal 0.514196 -0.857673 0
    outer loop
      vertex -28.4111 21.7629 0
      vertex -28.2428 21.8638 0.599999
      vertex -28.4111 21.7629 0.599999
    endloop
  endfacet
  facet normal 0.514196 -0.857673 0
    outer loop
      vertex -28.2428 21.8638 0.599999
      vertex -28.4111 21.7629 0
      vertex -28.2428 21.8638 0
    endloop
  endfacet
  facet normal 0.336788 -0.94158 0
    outer loop
      vertex -28.0654 21.9478 0
      vertex -27.8806 22.0139 0.599999
      vertex -28.0654 21.9478 0.599999
    endloop
  endfacet
  facet normal 0.336788 -0.94158 0
    outer loop
      vertex -27.8806 22.0139 0.599999
      vertex -28.0654 21.9478 0
      vertex -27.8806 22.0139 0
    endloop
  endfacet
  facet normal 0.998803 -0.0489209 0
    outer loop
      vertex -29.3 20.1 0.599999
      vertex -29.2904 20.296 0
      vertex -29.2904 20.296 0.599999
    endloop
  endfacet
  facet normal 0.998803 -0.0489209 0
    outer loop
      vertex -29.2904 20.296 0
      vertex -29.3 20.1 0.599999
      vertex -29.3 20.1 0
    endloop
  endfacet
  facet normal 0.989182 -0.146696 0
    outer loop
      vertex -29.2904 20.296 0.599999
      vertex -29.2616 20.4902 0
      vertex -29.2616 20.4902 0.599999
    endloop
  endfacet
  facet normal 0.989182 -0.146696 0
    outer loop
      vertex -29.2616 20.4902 0
      vertex -29.2904 20.296 0.599999
      vertex -29.2904 20.296 0
    endloop
  endfacet
  facet normal 0.514196 0.857673 -0
    outer loop
      vertex -28.2428 -21.8638 0
      vertex -28.4111 -21.7629 0.599999
      vertex -28.2428 -21.8638 0.599999
    endloop
  endfacet
  facet normal 0.514196 0.857673 0
    outer loop
      vertex -28.4111 -21.7629 0.599999
      vertex -28.2428 -21.8638 0
      vertex -28.4111 -21.7629 0
    endloop
  endfacet
  facet normal 0.80335 0.595508 0
    outer loop
      vertex -28.846 -21.3688 0.599999
      vertex -28.9629 -21.2111 0
      vertex -28.9629 -21.2111 0.599999
    endloop
  endfacet
  facet normal 0.80335 0.595508 0
    outer loop
      vertex -28.9629 -21.2111 0
      vertex -28.846 -21.3688 0.599999
      vertex -28.846 -21.3688 0
    endloop
  endfacet
  facet normal 0.0489209 0.998803 -0
    outer loop
      vertex -27.3 -22.1 0
      vertex -27.496 -22.0904 0.599999
      vertex -27.3 -22.1 0.599999
    endloop
  endfacet
  facet normal 0.0489209 0.998803 0
    outer loop
      vertex -27.496 -22.0904 0.599999
      vertex -27.3 -22.1 0
      vertex -27.496 -22.0904 0
    endloop
  endfacet
  facet normal 0.243015 0.970023 -0
    outer loop
      vertex -27.6902 -22.0616 0
      vertex -27.8806 -22.0139 0.599999
      vertex -27.6902 -22.0616 0.599999
    endloop
  endfacet
  facet normal 0.243015 0.970023 0
    outer loop
      vertex -27.8806 -22.0139 0.599999
      vertex -27.6902 -22.0616 0
      vertex -27.8806 -22.0139 0
    endloop
  endfacet
  facet normal -0.243015 0.970023 0
    outer loop
      vertex 27.8806 -22.0139 0
      vertex 27.6902 -22.0616 0.599999
      vertex 27.8806 -22.0139 0.599999
    endloop
  endfacet
  facet normal -0.243015 0.970023 0
    outer loop
      vertex 27.6902 -22.0616 0.599999
      vertex 27.8806 -22.0139 0
      vertex 27.6902 -22.0616 0
    endloop
  endfacet
  facet normal -0.336788 -0.94158 0
    outer loop
      vertex 27.8806 22.0139 0
      vertex 28.0654 21.9478 0.599999
      vertex 27.8806 22.0139 0.599999
    endloop
  endfacet
  facet normal -0.336788 -0.94158 -0
    outer loop
      vertex 28.0654 21.9478 0.599999
      vertex 27.8806 22.0139 0
      vertex 28.0654 21.9478 0
    endloop
  endfacet
  facet normal 0.94158 -0.336788 0
    outer loop
      vertex -29.2139 20.6806 0.599999
      vertex -29.1478 20.8654 0
      vertex -29.1478 20.8654 0.599999
    endloop
  endfacet
  facet normal 0.94158 -0.336788 0
    outer loop
      vertex -29.1478 20.8654 0
      vertex -29.2139 20.6806 0.599999
      vertex -29.2139 20.6806 0
    endloop
  endfacet
  facet normal 0.740908 0.671607 0
    outer loop
      vertex -28.7142 -21.5142 0.599999
      vertex -28.846 -21.3688 0
      vertex -28.846 -21.3688 0.599999
    endloop
  endfacet
  facet normal 0.740908 0.671607 0
    outer loop
      vertex -28.846 -21.3688 0
      vertex -28.7142 -21.5142 0.599999
      vertex -28.7142 -21.5142 0
    endloop
  endfacet
  facet normal -0.94158 -0.336788 0
    outer loop
      vertex 29.2139 20.6806 0
      vertex 29.1478 20.8654 0.599999
      vertex 29.1478 20.8654 0
    endloop
  endfacet
  facet normal -0.94158 -0.336788 0
    outer loop
      vertex 29.1478 20.8654 0.599999
      vertex 29.2139 20.6806 0
      vertex 29.2139 20.6806 0.599999
    endloop
  endfacet
  facet normal 0.857673 -0.514196 0
    outer loop
      vertex -29.0638 21.0428 0.599999
      vertex -28.9629 21.2111 0
      vertex -28.9629 21.2111 0.599999
    endloop
  endfacet
  facet normal 0.857673 -0.514196 0
    outer loop
      vertex -28.9629 21.2111 0
      vertex -29.0638 21.0428 0.599999
      vertex -29.0638 21.0428 0
    endloop
  endfacet
  facet normal 0.427955 -0.9038 0
    outer loop
      vertex -28.2428 21.8638 0
      vertex -28.0654 21.9478 0.599999
      vertex -28.2428 21.8638 0.599999
    endloop
  endfacet
  facet normal 0.427955 -0.9038 0
    outer loop
      vertex -28.0654 21.9478 0.599999
      vertex -28.2428 21.8638 0
      vertex -28.0654 21.9478 0
    endloop
  endfacet
  facet normal 0.9038 0.427955 0
    outer loop
      vertex -29.0638 -21.0428 0.599999
      vertex -29.1478 -20.8654 0
      vertex -29.1478 -20.8654 0.599999
    endloop
  endfacet
  facet normal 0.9038 0.427955 0
    outer loop
      vertex -29.1478 -20.8654 0
      vertex -29.0638 -21.0428 0.599999
      vertex -29.0638 -21.0428 0
    endloop
  endfacet
  facet normal -0.740908 -0.671607 0
    outer loop
      vertex 28.846 21.3688 0
      vertex 28.7142 21.5142 0.599999
      vertex 28.7142 21.5142 0
    endloop
  endfacet
  facet normal -0.740908 -0.671607 0
    outer loop
      vertex 28.7142 21.5142 0.599999
      vertex 28.846 21.3688 0
      vertex 28.846 21.3688 0.599999
    endloop
  endfacet
  facet normal -0.80335 -0.595508 0
    outer loop
      vertex 28.9629 21.2111 0
      vertex 28.846 21.3688 0.599999
      vertex 28.846 21.3688 0
    endloop
  endfacet
  facet normal -0.80335 -0.595508 0
    outer loop
      vertex 28.846 21.3688 0.599999
      vertex 28.9629 21.2111 0
      vertex 28.9629 21.2111 0.599999
    endloop
  endfacet
  facet normal -0.989182 -0.146696 0
    outer loop
      vertex 29.2904 20.296 0
      vertex 29.2616 20.4902 0.599999
      vertex 29.2616 20.4902 0
    endloop
  endfacet
  facet normal -0.989182 -0.146696 0
    outer loop
      vertex 29.2616 20.4902 0.599999
      vertex 29.2904 20.296 0
      vertex 29.2904 20.296 0.599999
    endloop
  endfacet
  facet normal -0.998803 -0.0489209 0
    outer loop
      vertex 29.3 20.1 0
      vertex 29.2904 20.296 0.599999
      vertex 29.2904 20.296 0
    endloop
  endfacet
  facet normal -0.998803 -0.0489209 0
    outer loop
      vertex 29.2904 20.296 0.599999
      vertex 29.3 20.1 0
      vertex 29.3 20.1 0.599999
    endloop
  endfacet
  facet normal -0.970023 -0.243015 0
    outer loop
      vertex 29.2616 20.4902 0
      vertex 29.2139 20.6806 0.599999
      vertex 29.2139 20.6806 0
    endloop
  endfacet
  facet normal -0.970023 -0.243015 0
    outer loop
      vertex 29.2139 20.6806 0.599999
      vertex 29.2616 20.4902 0
      vertex 29.2616 20.4902 0.599999
    endloop
  endfacet
  facet normal -0.998803 0.0489209 0
    outer loop
      vertex 29.2904 -20.296 0
      vertex 29.3 -20.1 0.599999
      vertex 29.3 -20.1 0
    endloop
  endfacet
  facet normal -0.998803 0.0489209 0
    outer loop
      vertex 29.3 -20.1 0.599999
      vertex 29.2904 -20.296 0
      vertex 29.2904 -20.296 0.599999
    endloop
  endfacet
  facet normal -0.80335 0.595508 0
    outer loop
      vertex 28.846 -21.3688 0
      vertex 28.9629 -21.2111 0.599999
      vertex 28.9629 -21.2111 0
    endloop
  endfacet
  facet normal -0.80335 0.595508 0
    outer loop
      vertex 28.9629 -21.2111 0.599999
      vertex 28.846 -21.3688 0
      vertex 28.846 -21.3688 0.599999
    endloop
  endfacet
  facet normal -0.94158 0.336788 0
    outer loop
      vertex 29.1478 -20.8654 0
      vertex 29.2139 -20.6806 0.599999
      vertex 29.2139 -20.6806 0
    endloop
  endfacet
  facet normal -0.94158 0.336788 0
    outer loop
      vertex 29.2139 -20.6806 0.599999
      vertex 29.1478 -20.8654 0
      vertex 29.1478 -20.8654 0.599999
    endloop
  endfacet
  facet normal -0.989182 0.146696 0
    outer loop
      vertex 29.2616 -20.4902 0
      vertex 29.2904 -20.296 0.599999
      vertex 29.2904 -20.296 0
    endloop
  endfacet
  facet normal -0.989182 0.146696 0
    outer loop
      vertex 29.2904 -20.296 0.599999
      vertex 29.2616 -20.4902 0
      vertex 29.2616 -20.4902 0.599999
    endloop
  endfacet
  facet normal -0.595508 0.80335 0
    outer loop
      vertex 28.5688 -21.646 0
      vertex 28.4111 -21.7629 0.599999
      vertex 28.5688 -21.646 0.599999
    endloop
  endfacet
  facet normal -0.595508 0.80335 0
    outer loop
      vertex 28.4111 -21.7629 0.599999
      vertex 28.5688 -21.646 0
      vertex 28.4111 -21.7629 0
    endloop
  endfacet
  facet normal -0.514196 0.857673 0
    outer loop
      vertex 28.4111 -21.7629 0
      vertex 28.2428 -21.8638 0.599999
      vertex 28.4111 -21.7629 0.599999
    endloop
  endfacet
  facet normal -0.514196 0.857673 0
    outer loop
      vertex 28.2428 -21.8638 0.599999
      vertex 28.4111 -21.7629 0
      vertex 28.2428 -21.8638 0
    endloop
  endfacet
  facet normal -0.671607 0.740908 0
    outer loop
      vertex 28.7142 -21.5142 0
      vertex 28.5688 -21.646 0.599999
      vertex 28.7142 -21.5142 0.599999
    endloop
  endfacet
  facet normal -0.671607 0.740908 0
    outer loop
      vertex 28.5688 -21.646 0.599999
      vertex 28.7142 -21.5142 0
      vertex 28.5688 -21.646 0
    endloop
  endfacet
  facet normal -0.336788 0.94158 0
    outer loop
      vertex 28.0654 -21.9478 0
      vertex 27.8806 -22.0139 0.599999
      vertex 28.0654 -21.9478 0.599999
    endloop
  endfacet
  facet normal -0.336788 0.94158 0
    outer loop
      vertex 27.8806 -22.0139 0.599999
      vertex 28.0654 -21.9478 0
      vertex 27.8806 -22.0139 0
    endloop
  endfacet
  facet normal 0.9038 -0.427955 0
    outer loop
      vertex -29.1478 20.8654 0.599999
      vertex -29.0638 21.0428 0
      vertex -29.0638 21.0428 0.599999
    endloop
  endfacet
  facet normal 0.9038 -0.427955 0
    outer loop
      vertex -29.0638 21.0428 0
      vertex -29.1478 20.8654 0.599999
      vertex -29.1478 20.8654 0
    endloop
  endfacet
  facet normal 0.671607 -0.740908 0
    outer loop
      vertex -28.7142 21.5142 0
      vertex -28.5688 21.646 0.599999
      vertex -28.7142 21.5142 0.599999
    endloop
  endfacet
  facet normal 0.671607 -0.740908 0
    outer loop
      vertex -28.5688 21.646 0.599999
      vertex -28.7142 21.5142 0
      vertex -28.5688 21.646 0
    endloop
  endfacet
  facet normal 0.595508 -0.80335 0
    outer loop
      vertex -28.5688 21.646 0
      vertex -28.4111 21.7629 0.599999
      vertex -28.5688 21.646 0.599999
    endloop
  endfacet
  facet normal 0.595508 -0.80335 0
    outer loop
      vertex -28.4111 21.7629 0.599999
      vertex -28.5688 21.646 0
      vertex -28.4111 21.7629 0
    endloop
  endfacet
  facet normal 0.857673 0.514196 0
    outer loop
      vertex -28.9629 -21.2111 0.599999
      vertex -29.0638 -21.0428 0
      vertex -29.0638 -21.0428 0.599999
    endloop
  endfacet
  facet normal 0.857673 0.514196 0
    outer loop
      vertex -29.0638 -21.0428 0
      vertex -28.9629 -21.2111 0.599999
      vertex -28.9629 -21.2111 0
    endloop
  endfacet
  facet normal 0.970023 0.243015 0
    outer loop
      vertex -29.2139 -20.6806 0.599999
      vertex -29.2616 -20.4902 0
      vertex -29.2616 -20.4902 0.599999
    endloop
  endfacet
  facet normal 0.970023 0.243015 0
    outer loop
      vertex -29.2616 -20.4902 0
      vertex -29.2139 -20.6806 0.599999
      vertex -29.2139 -20.6806 0
    endloop
  endfacet
  facet normal 0.989182 0.146696 0
    outer loop
      vertex -29.2616 -20.4902 0.599999
      vertex -29.2904 -20.296 0
      vertex -29.2904 -20.296 0.599999
    endloop
  endfacet
  facet normal 0.989182 0.146696 0
    outer loop
      vertex -29.2904 -20.296 0
      vertex -29.2616 -20.4902 0.599999
      vertex -29.2616 -20.4902 0
    endloop
  endfacet
  facet normal 0.94158 0.336788 0
    outer loop
      vertex -29.1478 -20.8654 0.599999
      vertex -29.2139 -20.6806 0
      vertex -29.2139 -20.6806 0.599999
    endloop
  endfacet
  facet normal 0.94158 0.336788 0
    outer loop
      vertex -29.2139 -20.6806 0
      vertex -29.1478 -20.8654 0.599999
      vertex -29.1478 -20.8654 0
    endloop
  endfacet
  facet normal -0.857673 -0.514196 0
    outer loop
      vertex 29.0638 21.0428 0
      vertex 28.9629 21.2111 0.599999
      vertex 28.9629 21.2111 0
    endloop
  endfacet
  facet normal -0.857673 -0.514196 0
    outer loop
      vertex 28.9629 21.2111 0.599999
      vertex 29.0638 21.0428 0
      vertex 29.0638 21.0428 0.599999
    endloop
  endfacet
  facet normal -0.9038 -0.427955 0
    outer loop
      vertex 29.1478 20.8654 0
      vertex 29.0638 21.0428 0.599999
      vertex 29.0638 21.0428 0
    endloop
  endfacet
  facet normal -0.9038 -0.427955 0
    outer loop
      vertex 29.0638 21.0428 0.599999
      vertex 29.1478 20.8654 0
      vertex 29.1478 20.8654 0.599999
    endloop
  endfacet
  facet normal -0.857673 0.514196 0
    outer loop
      vertex 28.9629 -21.2111 0
      vertex 29.0638 -21.0428 0.599999
      vertex 29.0638 -21.0428 0
    endloop
  endfacet
  facet normal -0.857673 0.514196 0
    outer loop
      vertex 29.0638 -21.0428 0.599999
      vertex 28.9629 -21.2111 0
      vertex 28.9629 -21.2111 0.599999
    endloop
  endfacet
  facet normal -0.9038 0.427955 0
    outer loop
      vertex 29.0638 -21.0428 0
      vertex 29.1478 -20.8654 0.599999
      vertex 29.1478 -20.8654 0
    endloop
  endfacet
  facet normal -0.9038 0.427955 0
    outer loop
      vertex 29.1478 -20.8654 0.599999
      vertex 29.0638 -21.0428 0
      vertex 29.0638 -21.0428 0.599999
    endloop
  endfacet
  facet normal -0.970023 0.243015 0
    outer loop
      vertex 29.2139 -20.6806 0
      vertex 29.2616 -20.4902 0.599999
      vertex 29.2616 -20.4902 0
    endloop
  endfacet
  facet normal -0.970023 0.243015 0
    outer loop
      vertex 29.2616 -20.4902 0.599999
      vertex 29.2139 -20.6806 0
      vertex 29.2139 -20.6806 0.599999
    endloop
  endfacet
  facet normal 0.243015 -0.970023 0
    outer loop
      vertex -27.8806 22.0139 0
      vertex -27.6902 22.0616 0.599999
      vertex -27.8806 22.0139 0.599999
    endloop
  endfacet
  facet normal 0.243015 -0.970023 0
    outer loop
      vertex -27.6902 22.0616 0.599999
      vertex -27.8806 22.0139 0
      vertex -27.6902 22.0616 0
    endloop
  endfacet
  facet normal 0.146696 -0.989182 0
    outer loop
      vertex -27.6902 22.0616 0
      vertex -27.496 22.0904 0.599999
      vertex -27.6902 22.0616 0.599999
    endloop
  endfacet
  facet normal 0.146696 -0.989182 0
    outer loop
      vertex -27.496 22.0904 0.599999
      vertex -27.6902 22.0616 0
      vertex -27.496 22.0904 0
    endloop
  endfacet
  facet normal -0.243494 0.969902 0
    outer loop
      vertex 34.1903 -25.2569 0.599999
      vertex 34.0951 -25.2808 1.6
      vertex 34.1903 -25.2569 1.6
    endloop
  endfacet
  facet normal -0.243494 0.969902 0
    outer loop
      vertex 34.0951 -25.2808 1.6
      vertex 34.1903 -25.2569 0.599999
      vertex 34.0951 -25.2808 0.599999
    endloop
  endfacet
  facet normal -0.0489209 0.998803 0
    outer loop
      vertex 33.998 -25.2952 0.599999
      vertex 33.9 -25.3 1.6
      vertex 33.998 -25.2952 1.6
    endloop
  endfacet
  facet normal -0.0489209 0.998803 0
    outer loop
      vertex 33.9 -25.3 1.6
      vertex 33.998 -25.2952 0.599999
      vertex 33.9 -25.3 0.599999
    endloop
  endfacet
  facet normal 0.146696 -0.989182 0
    outer loop
      vertex -34.0951 25.2808 0.599999
      vertex -33.998 25.2952 1.6
      vertex -34.0951 25.2808 1.6
    endloop
  endfacet
  facet normal 0.146696 -0.989182 0
    outer loop
      vertex -33.998 25.2952 1.6
      vertex -34.0951 25.2808 0.599999
      vertex -33.998 25.2952 0.599999
    endloop
  endfacet
  facet normal -0.146696 0.989182 0
    outer loop
      vertex 34.0951 -25.2808 0.599999
      vertex 33.998 -25.2952 1.6
      vertex 34.0951 -25.2808 1.6
    endloop
  endfacet
  facet normal -0.146696 0.989182 0
    outer loop
      vertex 33.998 -25.2952 1.6
      vertex 34.0951 -25.2808 0.599999
      vertex 33.998 -25.2952 0.599999
    endloop
  endfacet
  facet normal 1 -0 0
    outer loop
      vertex -34.9 -24.3 1.6
      vertex -34.9 24.3 0.599999
      vertex -34.9 24.3 1.6
    endloop
  endfacet
  facet normal 1 0 0
    outer loop
      vertex -34.9 24.3 0.599999
      vertex -34.9 -24.3 1.6
      vertex -34.9 -24.3 0.599999
    endloop
  endfacet
  facet normal -0.0489209 -0.998803 0
    outer loop
      vertex 33.9 25.3 0.599999
      vertex 33.998 25.2952 1.6
      vertex 33.9 25.3 1.6
    endloop
  endfacet
  facet normal -0.0489209 -0.998803 -0
    outer loop
      vertex 33.998 25.2952 1.6
      vertex 33.9 25.3 0.599999
      vertex 33.998 25.2952 0.599999
    endloop
  endfacet
  facet normal -1 0 0
    outer loop
      vertex 34.9 -24.3 0.599999
      vertex 34.9 24.3 1.6
      vertex 34.9 24.3 0.599999
    endloop
  endfacet
  facet normal -1 -0 0
    outer loop
      vertex 34.9 24.3 1.6
      vertex 34.9 -24.3 0.599999
      vertex 34.9 -24.3 1.6
    endloop
  endfacet
  facet normal -0.969902 0.243494 0
    outer loop
      vertex 34.8569 -24.5903 0.599999
      vertex 34.8808 -24.4951 1.6
      vertex 34.8808 -24.4951 0.599999
    endloop
  endfacet
  facet normal -0.969902 0.243494 0
    outer loop
      vertex 34.8808 -24.4951 1.6
      vertex 34.8569 -24.5903 0.599999
      vertex 34.8569 -24.5903 1.6
    endloop
  endfacet
  facet normal 0.513596 -0.858032 0
    outer loop
      vertex -34.4556 25.1315 0.599999
      vertex -34.3714 25.1819 1.6
      vertex -34.4556 25.1315 1.6
    endloop
  endfacet
  facet normal 0.513596 -0.858032 0
    outer loop
      vertex -34.3714 25.1819 1.6
      vertex -34.4556 25.1315 0.599999
      vertex -34.3714 25.1819 0.599999
    endloop
  endfacet
  facet normal 0.989182 -0.146696 0
    outer loop
      vertex -34.8952 24.398 1.6
      vertex -34.8808 24.4951 0.599999
      vertex -34.8808 24.4951 1.6
    endloop
  endfacet
  facet normal 0.989182 -0.146696 0
    outer loop
      vertex -34.8808 24.4951 0.599999
      vertex -34.8952 24.398 1.6
      vertex -34.8952 24.398 0.599999
    endloop
  endfacet
  facet normal 0.740908 0.671607 0
    outer loop
      vertex -34.6071 -25.0071 1.6
      vertex -34.673 -24.9344 0.599999
      vertex -34.673 -24.9344 1.6
    endloop
  endfacet
  facet normal 0.740908 0.671607 0
    outer loop
      vertex -34.673 -24.9344 0.599999
      vertex -34.6071 -25.0071 1.6
      vertex -34.6071 -25.0071 0.599999
    endloop
  endfacet
  facet normal 0.427955 0.9038 -0
    outer loop
      vertex -34.2827 -25.2239 0.599999
      vertex -34.3714 -25.1819 1.6
      vertex -34.2827 -25.2239 1.6
    endloop
  endfacet
  facet normal 0.427955 0.9038 0
    outer loop
      vertex -34.3714 -25.1819 1.6
      vertex -34.2827 -25.2239 0.599999
      vertex -34.3714 -25.1819 0.599999
    endloop
  endfacet
  facet normal 0.0489209 0.998803 -0
    outer loop
      vertex -33.9 -25.3 0.599999
      vertex -33.998 -25.2952 1.6
      vertex -33.9 -25.3 1.6
    endloop
  endfacet
  facet normal 0.0489209 0.998803 0
    outer loop
      vertex -33.998 -25.2952 1.6
      vertex -33.9 -25.3 0.599999
      vertex -33.998 -25.2952 0.599999
    endloop
  endfacet
  facet normal 0.243494 0.969902 -0
    outer loop
      vertex -34.0951 -25.2808 0.599999
      vertex -34.1903 -25.2569 1.6
      vertex -34.0951 -25.2808 1.6
    endloop
  endfacet
  facet normal 0.243494 0.969902 0
    outer loop
      vertex -34.1903 -25.2569 1.6
      vertex -34.0951 -25.2808 0.599999
      vertex -34.1903 -25.2569 0.599999
    endloop
  endfacet
  facet normal -0.427955 -0.9038 0
    outer loop
      vertex 34.2827 25.2239 0.599999
      vertex 34.3714 25.1819 1.6
      vertex 34.2827 25.2239 1.6
    endloop
  endfacet
  facet normal -0.427955 -0.9038 -0
    outer loop
      vertex 34.3714 25.1819 1.6
      vertex 34.2827 25.2239 0.599999
      vertex 34.3714 25.1819 0.599999
    endloop
  endfacet
  facet normal -0.513596 -0.858032 0
    outer loop
      vertex 34.3714 25.1819 0.599999
      vertex 34.4556 25.1315 1.6
      vertex 34.3714 25.1819 1.6
    endloop
  endfacet
  facet normal -0.513596 -0.858032 -0
    outer loop
      vertex 34.4556 25.1315 1.6
      vertex 34.3714 25.1819 0.599999
      vertex 34.4556 25.1315 0.599999
    endloop
  endfacet
  facet normal -0.243494 -0.969902 0
    outer loop
      vertex 34.0951 25.2808 0.599999
      vertex 34.1903 25.2569 1.6
      vertex 34.0951 25.2808 1.6
    endloop
  endfacet
  facet normal -0.243494 -0.969902 -0
    outer loop
      vertex 34.1903 25.2569 1.6
      vertex 34.0951 25.2808 0.599999
      vertex 34.1903 25.2569 0.599999
    endloop
  endfacet
  facet normal 0.0489209 -0.998803 0
    outer loop
      vertex -33.998 25.2952 0.599999
      vertex -33.9 25.3 1.6
      vertex -33.998 25.2952 1.6
    endloop
  endfacet
  facet normal 0.0489209 -0.998803 0
    outer loop
      vertex -33.9 25.3 1.6
      vertex -33.998 25.2952 0.599999
      vertex -33.9 25.3 0.599999
    endloop
  endfacet
  facet normal 0.243494 -0.969902 0
    outer loop
      vertex -34.1903 25.2569 0.599999
      vertex -34.0951 25.2808 1.6
      vertex -34.1903 25.2569 1.6
    endloop
  endfacet
  facet normal 0.243494 -0.969902 0
    outer loop
      vertex -34.0951 25.2808 1.6
      vertex -34.1903 25.2569 0.599999
      vertex -34.0951 25.2808 0.599999
    endloop
  endfacet
  facet normal 0.858032 -0.513596 0
    outer loop
      vertex -34.7819 24.7714 1.6
      vertex -34.7315 24.8556 0.599999
      vertex -34.7315 24.8556 1.6
    endloop
  endfacet
  facet normal 0.858032 -0.513596 0
    outer loop
      vertex -34.7315 24.8556 0.599999
      vertex -34.7819 24.7714 1.6
      vertex -34.7819 24.7714 0.599999
    endloop
  endfacet
  facet normal 0.59608 0.802925 -0
    outer loop
      vertex -34.4556 -25.1315 0.599999
      vertex -34.5344 -25.073 1.6
      vertex -34.4556 -25.1315 1.6
    endloop
  endfacet
  facet normal 0.59608 0.802925 0
    outer loop
      vertex -34.5344 -25.073 1.6
      vertex -34.4556 -25.1315 0.599999
      vertex -34.5344 -25.073 0.599999
    endloop
  endfacet
  facet normal 0.513596 0.858032 -0
    outer loop
      vertex -34.3714 -25.1819 0.599999
      vertex -34.4556 -25.1315 1.6
      vertex -34.3714 -25.1819 1.6
    endloop
  endfacet
  facet normal 0.513596 0.858032 0
    outer loop
      vertex -34.4556 -25.1315 1.6
      vertex -34.3714 -25.1819 0.599999
      vertex -34.4556 -25.1315 0.599999
    endloop
  endfacet
  facet normal 0.146696 0.989182 -0
    outer loop
      vertex -33.998 -25.2952 0.599999
      vertex -34.0951 -25.2808 1.6
      vertex -33.998 -25.2952 1.6
    endloop
  endfacet
  facet normal 0.146696 0.989182 0
    outer loop
      vertex -34.0951 -25.2808 1.6
      vertex -33.998 -25.2952 0.599999
      vertex -34.0951 -25.2808 0.599999
    endloop
  endfacet
  facet normal -0.336336 -0.941742 0
    outer loop
      vertex 34.1903 25.2569 0.599999
      vertex 34.2827 25.2239 1.6
      vertex 34.1903 25.2569 1.6
    endloop
  endfacet
  facet normal -0.336336 -0.941742 -0
    outer loop
      vertex 34.2827 25.2239 1.6
      vertex 34.1903 25.2569 0.599999
      vertex 34.2827 25.2239 0.599999
    endloop
  endfacet
  facet normal -0.802925 -0.59608 0
    outer loop
      vertex 34.7315 24.8556 0.599999
      vertex 34.673 24.9344 1.6
      vertex 34.673 24.9344 0.599999
    endloop
  endfacet
  facet normal -0.802925 -0.59608 0
    outer loop
      vertex 34.673 24.9344 1.6
      vertex 34.7315 24.8556 0.599999
      vertex 34.7315 24.8556 1.6
    endloop
  endfacet
  facet normal -0.989182 0.146696 0
    outer loop
      vertex 34.8808 -24.4951 0.599999
      vertex 34.8952 -24.398 1.6
      vertex 34.8952 -24.398 0.599999
    endloop
  endfacet
  facet normal -0.989182 0.146696 0
    outer loop
      vertex 34.8952 -24.398 1.6
      vertex 34.8808 -24.4951 0.599999
      vertex 34.8808 -24.4951 1.6
    endloop
  endfacet
  facet normal -0.802925 0.59608 0
    outer loop
      vertex 34.673 -24.9344 0.599999
      vertex 34.7315 -24.8556 1.6
      vertex 34.7315 -24.8556 0.599999
    endloop
  endfacet
  facet normal -0.802925 0.59608 0
    outer loop
      vertex 34.7315 -24.8556 1.6
      vertex 34.673 -24.9344 0.599999
      vertex 34.673 -24.9344 1.6
    endloop
  endfacet
  facet normal -0.59608 0.802925 0
    outer loop
      vertex 34.5344 -25.073 0.599999
      vertex 34.4556 -25.1315 1.6
      vertex 34.5344 -25.073 1.6
    endloop
  endfacet
  facet normal -0.59608 0.802925 0
    outer loop
      vertex 34.4556 -25.1315 1.6
      vertex 34.5344 -25.073 0.599999
      vertex 34.4556 -25.1315 0.599999
    endloop
  endfacet
  facet normal 0.59608 -0.802925 0
    outer loop
      vertex -34.5344 25.073 0.599999
      vertex -34.4556 25.1315 1.6
      vertex -34.5344 25.073 1.6
    endloop
  endfacet
  facet normal 0.59608 -0.802925 0
    outer loop
      vertex -34.4556 25.1315 1.6
      vertex -34.5344 25.073 0.599999
      vertex -34.4556 25.1315 0.599999
    endloop
  endfacet
  facet normal 0.740908 -0.671607 0
    outer loop
      vertex -34.673 24.9344 1.6
      vertex -34.6071 25.0071 0.599999
      vertex -34.6071 25.0071 1.6
    endloop
  endfacet
  facet normal 0.740908 -0.671607 0
    outer loop
      vertex -34.6071 25.0071 0.599999
      vertex -34.673 24.9344 1.6
      vertex -34.673 24.9344 0.599999
    endloop
  endfacet
  facet normal 0.671607 -0.740908 0
    outer loop
      vertex -34.6071 25.0071 0.599999
      vertex -34.5344 25.073 1.6
      vertex -34.6071 25.0071 1.6
    endloop
  endfacet
  facet normal 0.671607 -0.740908 0
    outer loop
      vertex -34.5344 25.073 1.6
      vertex -34.6071 25.0071 0.599999
      vertex -34.5344 25.073 0.599999
    endloop
  endfacet
  facet normal 0.998803 -0.0489209 0
    outer loop
      vertex -34.9 24.3 1.6
      vertex -34.8952 24.398 0.599999
      vertex -34.8952 24.398 1.6
    endloop
  endfacet
  facet normal 0.998803 -0.0489209 0
    outer loop
      vertex -34.8952 24.398 0.599999
      vertex -34.9 24.3 1.6
      vertex -34.9 24.3 0.599999
    endloop
  endfacet
  facet normal 0.969902 -0.243494 0
    outer loop
      vertex -34.8808 24.4951 1.6
      vertex -34.8569 24.5903 0.599999
      vertex -34.8569 24.5903 1.6
    endloop
  endfacet
  facet normal 0.969902 -0.243494 0
    outer loop
      vertex -34.8569 24.5903 0.599999
      vertex -34.8808 24.4951 1.6
      vertex -34.8808 24.4951 0.599999
    endloop
  endfacet
  facet normal 0.9038 -0.427955 0
    outer loop
      vertex -34.8239 24.6827 1.6
      vertex -34.7819 24.7714 0.599999
      vertex -34.7819 24.7714 1.6
    endloop
  endfacet
  facet normal 0.9038 -0.427955 0
    outer loop
      vertex -34.7819 24.7714 0.599999
      vertex -34.8239 24.6827 1.6
      vertex -34.8239 24.6827 0.599999
    endloop
  endfacet
  facet normal 0.802925 -0.59608 0
    outer loop
      vertex -34.7315 24.8556 1.6
      vertex -34.673 24.9344 0.599999
      vertex -34.673 24.9344 1.6
    endloop
  endfacet
  facet normal 0.802925 -0.59608 0
    outer loop
      vertex -34.673 24.9344 0.599999
      vertex -34.7315 24.8556 1.6
      vertex -34.7315 24.8556 0.599999
    endloop
  endfacet
  facet normal 0.941742 -0.336336 0
    outer loop
      vertex -34.8569 24.5903 1.6
      vertex -34.8239 24.6827 0.599999
      vertex -34.8239 24.6827 1.6
    endloop
  endfacet
  facet normal 0.941742 -0.336336 0
    outer loop
      vertex -34.8239 24.6827 0.599999
      vertex -34.8569 24.5903 1.6
      vertex -34.8569 24.5903 0.599999
    endloop
  endfacet
  facet normal 0.671607 0.740908 -0
    outer loop
      vertex -34.5344 -25.073 0.599999
      vertex -34.6071 -25.0071 1.6
      vertex -34.5344 -25.073 1.6
    endloop
  endfacet
  facet normal 0.671607 0.740908 0
    outer loop
      vertex -34.6071 -25.0071 1.6
      vertex -34.5344 -25.073 0.599999
      vertex -34.6071 -25.0071 0.599999
    endloop
  endfacet
  facet normal 0.998803 0.0489209 0
    outer loop
      vertex -34.8952 -24.398 1.6
      vertex -34.9 -24.3 0.599999
      vertex -34.9 -24.3 1.6
    endloop
  endfacet
  facet normal 0.998803 0.0489209 0
    outer loop
      vertex -34.9 -24.3 0.599999
      vertex -34.8952 -24.398 1.6
      vertex -34.8952 -24.398 0.599999
    endloop
  endfacet
  facet normal 0 0 1
    outer loop
      vertex 33.9 25.3 0.599999
      vertex 34.9 24.3 0.599999
      vertex 34.8952 24.398 0.599999
    endloop
  endfacet
  facet normal 0 0 1
    outer loop
      vertex 34.9 24.3 0.599999
      vertex 29.3 20.1 0.599999
      vertex 34.9 -24.3 0.599999
    endloop
  endfacet
  facet normal 0 0 1
    outer loop
      vertex 33.9 25.3 0.599999
      vertex 34.8952 24.398 0.599999
      vertex 34.8808 24.4951 0.599999
    endloop
  endfacet
  facet normal -0 0 1
    outer loop
      vertex 29.3 -20.1 0.599999
      vertex 34.9 -24.3 0.599999
      vertex 29.3 20.1 0.599999
    endloop
  endfacet
  facet normal 0 0 1
    outer loop
      vertex 33.9 25.3 0.599999
      vertex 34.8808 24.4951 0.599999
      vertex 34.8569 24.5903 0.599999
    endloop
  endfacet
  facet normal -0 0 1
    outer loop
      vertex 29.2904 -20.296 0.599999
      vertex 34.9 -24.3 0.599999
      vertex 29.3 -20.1 0.599999
    endloop
  endfacet
  facet normal 0 0 1
    outer loop
      vertex 33.9 25.3 0.599999
      vertex 34.8569 24.5903 0.599999
      vertex 34.8239 24.6827 0.599999
    endloop
  endfacet
  facet normal -0 0 1
    outer loop
      vertex 29.2616 -20.4902 0.599999
      vertex 34.9 -24.3 0.599999
      vertex 29.2904 -20.296 0.599999
    endloop
  endfacet
  facet normal 0 0 1
    outer loop
      vertex 33.9 25.3 0.599999
      vertex 34.8239 24.6827 0.599999
      vertex 34.7819 24.7714 0.599999
    endloop
  endfacet
  facet normal -0 0 1
    outer loop
      vertex 29.2139 -20.6806 0.599999
      vertex 34.9 -24.3 0.599999
      vertex 29.2616 -20.4902 0.599999
    endloop
  endfacet
  facet normal 0 0 1
    outer loop
      vertex 33.9 25.3 0.599999
      vertex 34.7819 24.7714 0.599999
      vertex 34.7315 24.8556 0.599999
    endloop
  endfacet
  facet normal -0 0 1
    outer loop
      vertex 29.1478 -20.8654 0.599999
      vertex 34.9 -24.3 0.599999
      vertex 29.2139 -20.6806 0.599999
    endloop
  endfacet
  facet normal 0 0 1
    outer loop
      vertex 33.9 25.3 0.599999
      vertex 34.7315 24.8556 0.599999
      vertex 34.673 24.9344 0.599999
    endloop
  endfacet
  facet normal -0 0 1
    outer loop
      vertex 29.0638 -21.0428 0.599999
      vertex 34.9 -24.3 0.599999
      vertex 29.1478 -20.8654 0.599999
    endloop
  endfacet
  facet normal 0 0 1
    outer loop
      vertex 33.9 25.3 0.599999
      vertex 34.673 24.9344 0.599999
      vertex 34.6071 25.0071 0.599999
    endloop
  endfacet
  facet normal 0 0 1
    outer loop
      vertex 34.9 -24.3 0.599999
      vertex 33.9 -25.3 0.599999
      vertex 34.8952 -24.398 0.599999
    endloop
  endfacet
  facet normal 0 0 1
    outer loop
      vertex 33.9 25.3 0.599999
      vertex 34.6071 25.0071 0.599999
      vertex 34.5344 25.073 0.599999
    endloop
  endfacet
  facet normal 0 0 1
    outer loop
      vertex 34.8952 -24.398 0.599999
      vertex 33.9 -25.3 0.599999
      vertex 34.8808 -24.4951 0.599999
    endloop
  endfacet
  facet normal 0 0 1
    outer loop
      vertex 33.9 25.3 0.599999
      vertex 34.5344 25.073 0.599999
      vertex 34.4556 25.1315 0.599999
    endloop
  endfacet
  facet normal 0 0 1
    outer loop
      vertex 34.8808 -24.4951 0.599999
      vertex 33.9 -25.3 0.599999
      vertex 34.8569 -24.5903 0.599999
    endloop
  endfacet
  facet normal 0 0 1
    outer loop
      vertex 33.9 25.3 0.599999
      vertex 34.4556 25.1315 0.599999
      vertex 34.3714 25.1819 0.599999
    endloop
  endfacet
  facet normal 0 0 1
    outer loop
      vertex 34.8569 -24.5903 0.599999
      vertex 33.9 -25.3 0.599999
      vertex 34.8239 -24.6827 0.599999
    endloop
  endfacet
  facet normal 0 0 1
    outer loop
      vertex 33.9 25.3 0.599999
      vertex 34.3714 25.1819 0.599999
      vertex 34.2827 25.2239 0.599999
    endloop
  endfacet
  facet normal 0 0 1
    outer loop
      vertex 34.7819 -24.7714 0.599999
      vertex 33.9 -25.3 0.599999
      vertex 34.7315 -24.8556 0.599999
    endloop
  endfacet
  facet normal 0 0 1
    outer loop
      vertex 33.9 25.3 0.599999
      vertex 34.2827 25.2239 0.599999
      vertex 34.1903 25.2569 0.599999
    endloop
  endfacet
  facet normal 0 0 1
    outer loop
      vertex 34.7315 -24.8556 0.599999
      vertex 33.9 -25.3 0.599999
      vertex 34.673 -24.9344 0.599999
    endloop
  endfacet
  facet normal 0 0 1
    outer loop
      vertex 33.9 25.3 0.599999
      vertex 34.1903 25.2569 0.599999
      vertex 34.0951 25.2808 0.599999
    endloop
  endfacet
  facet normal 0 0 1
    outer loop
      vertex 34.673 -24.9344 0.599999
      vertex 33.9 -25.3 0.599999
      vertex 34.6071 -25.0071 0.599999
    endloop
  endfacet
  facet normal 0 0 1
    outer loop
      vertex 33.9 25.3 0.599999
      vertex 34.0951 25.2808 0.599999
      vertex 33.998 25.2952 0.599999
    endloop
  endfacet
  facet normal 0 0 1
    outer loop
      vertex 34.5344 -25.073 0.599999
      vertex 33.9 -25.3 0.599999
      vertex 34.4556 -25.1315 0.599999
    endloop
  endfacet
  facet normal 0 0 1
    outer loop
      vertex 29.0638 21.0428 0.599999
      vertex 34.9 24.3 0.599999
      vertex 33.9 25.3 0.599999
    endloop
  endfacet
  facet normal 0 0 1
    outer loop
      vertex 34.4556 -25.1315 0.599999
      vertex 33.9 -25.3 0.599999
      vertex 34.3714 -25.1819 0.599999
    endloop
  endfacet
  facet normal 0 0 1
    outer loop
      vertex 34.3714 -25.1819 0.599999
      vertex 33.9 -25.3 0.599999
      vertex 34.2827 -25.2239 0.599999
    endloop
  endfacet
  facet normal 0 0 1
    outer loop
      vertex 34.9 24.3 0.599999
      vertex 29.2904 20.296 0.599999
      vertex 29.3 20.1 0.599999
    endloop
  endfacet
  facet normal 0 0 1
    outer loop
      vertex 34.9 24.3 0.599999
      vertex 29.2616 20.4902 0.599999
      vertex 29.2904 20.296 0.599999
    endloop
  endfacet
  facet normal 0 0 1
    outer loop
      vertex 34.9 24.3 0.599999
      vertex 29.2139 20.6806 0.599999
      vertex 29.2616 20.4902 0.599999
    endloop
  endfacet
  facet normal 0 0 1
    outer loop
      vertex 34.9 24.3 0.599999
      vertex 29.1478 20.8654 0.599999
      vertex 29.2139 20.6806 0.599999
    endloop
  endfacet
  facet normal 0 0 1
    outer loop
      vertex 34.9 24.3 0.599999
      vertex 29.0638 21.0428 0.599999
      vertex 29.1478 20.8654 0.599999
    endloop
  endfacet
  facet normal 0 0 1
    outer loop
      vertex 33.9 25.3 0.599999
      vertex 28.9629 21.2111 0.599999
      vertex 29.0638 21.0428 0.599999
    endloop
  endfacet
  facet normal 0 0 1
    outer loop
      vertex 33.9 25.3 0.599999
      vertex 28.846 21.3688 0.599999
      vertex 28.9629 21.2111 0.599999
    endloop
  endfacet
  facet normal 0 0 1
    outer loop
      vertex 33.9 25.3 0.599999
      vertex 28.7142 21.5142 0.599999
      vertex 28.846 21.3688 0.599999
    endloop
  endfacet
  facet normal 0 0 1
    outer loop
      vertex 33.9 25.3 0.599999
      vertex 28.5688 21.646 0.599999
      vertex 28.7142 21.5142 0.599999
    endloop
  endfacet
  facet normal 0 0 1
    outer loop
      vertex 33.9 25.3 0.599999
      vertex 28.4111 21.7629 0.599999
      vertex 28.5688 21.646 0.599999
    endloop
  endfacet
  facet normal 0 0 1
    outer loop
      vertex 33.9 25.3 0.599999
      vertex 28.2428 21.8638 0.599999
      vertex 28.4111 21.7629 0.599999
    endloop
  endfacet
  facet normal 0 0 1
    outer loop
      vertex 33.9 25.3 0.599999
      vertex 28.0654 21.9478 0.599999
      vertex 28.2428 21.8638 0.599999
    endloop
  endfacet
  facet normal 0 0 1
    outer loop
      vertex 33.9 25.3 0.599999
      vertex 27.8806 22.0139 0.599999
      vertex 28.0654 21.9478 0.599999
    endloop
  endfacet
  facet normal 0 0 1
    outer loop
      vertex 33.9 25.3 0.599999
      vertex 27.6902 22.0616 0.599999
      vertex 27.8806 22.0139 0.599999
    endloop
  endfacet
  facet normal 0 0 1
    outer loop
      vertex 33.9 25.3 0.599999
      vertex 27.496 22.0904 0.599999
      vertex 27.6902 22.0616 0.599999
    endloop
  endfacet
  facet normal 0 0 1
    outer loop
      vertex 33.9 25.3 0.599999
      vertex 27.3 22.1 0.599999
      vertex 27.496 22.0904 0.599999
    endloop
  endfacet
  facet normal 0 0 1
    outer loop
      vertex 33.9 25.3 0.599999
      vertex -27.3 22.1 0.599999
      vertex 27.3 22.1 0.599999
    endloop
  endfacet
  facet normal -0 0 1
    outer loop
      vertex -33.9 25.3 0.599999
      vertex -27.3 22.1 0.599999
      vertex 33.9 25.3 0.599999
    endloop
  endfacet
  facet normal 0 0 1
    outer loop
      vertex -29.2904 20.296 0.599999
      vertex -34.9 24.3 0.599999
      vertex -29.3 20.1 0.599999
    endloop
  endfacet
  facet normal 0 0 1
    outer loop
      vertex -29.2616 20.4902 0.599999
      vertex -34.9 24.3 0.599999
      vertex -29.2904 20.296 0.599999
    endloop
  endfacet
  facet normal 0 0 1
    outer loop
      vertex -29.2139 20.6806 0.599999
      vertex -34.9 24.3 0.599999
      vertex -29.2616 20.4902 0.599999
    endloop
  endfacet
  facet normal 0 0 1
    outer loop
      vertex -29.1478 20.8654 0.599999
      vertex -34.9 24.3 0.599999
      vertex -29.2139 20.6806 0.599999
    endloop
  endfacet
  facet normal 0 0 1
    outer loop
      vertex -29.0638 21.0428 0.599999
      vertex -34.9 24.3 0.599999
      vertex -29.1478 20.8654 0.599999
    endloop
  endfacet
  facet normal -0 0 1
    outer loop
      vertex -34.9 24.3 0.599999
      vertex -29.0638 21.0428 0.599999
      vertex -33.9 25.3 0.599999
    endloop
  endfacet
  facet normal 0 0 1
    outer loop
      vertex -28.9629 21.2111 0.599999
      vertex -33.9 25.3 0.599999
      vertex -29.0638 21.0428 0.599999
    endloop
  endfacet
  facet normal 0 0 1
    outer loop
      vertex -28.846 21.3688 0.599999
      vertex -33.9 25.3 0.599999
      vertex -28.9629 21.2111 0.599999
    endloop
  endfacet
  facet normal 0 0 1
    outer loop
      vertex -28.7142 21.5142 0.599999
      vertex -33.9 25.3 0.599999
      vertex -28.846 21.3688 0.599999
    endloop
  endfacet
  facet normal 0 0 1
    outer loop
      vertex -28.5688 21.646 0.599999
      vertex -33.9 25.3 0.599999
      vertex -28.7142 21.5142 0.599999
    endloop
  endfacet
  facet normal 0 0 1
    outer loop
      vertex -28.4111 21.7629 0.599999
      vertex -33.9 25.3 0.599999
      vertex -28.5688 21.646 0.599999
    endloop
  endfacet
  facet normal 0 0 1
    outer loop
      vertex -28.2428 21.8638 0.599999
      vertex -33.9 25.3 0.599999
      vertex -28.4111 21.7629 0.599999
    endloop
  endfacet
  facet normal 0 0 1
    outer loop
      vertex -28.0654 21.9478 0.599999
      vertex -33.9 25.3 0.599999
      vertex -28.2428 21.8638 0.599999
    endloop
  endfacet
  facet normal 0 0 1
    outer loop
      vertex -27.8806 22.0139 0.599999
      vertex -33.9 25.3 0.599999
      vertex -28.0654 21.9478 0.599999
    endloop
  endfacet
  facet normal 0 0 1
    outer loop
      vertex -27.6902 22.0616 0.599999
      vertex -33.9 25.3 0.599999
      vertex -27.8806 22.0139 0.599999
    endloop
  endfacet
  facet normal 0 0 1
    outer loop
      vertex -27.496 22.0904 0.599999
      vertex -33.9 25.3 0.599999
      vertex -27.6902 22.0616 0.599999
    endloop
  endfacet
  facet normal 0 0 1
    outer loop
      vertex -27.3 22.1 0.599999
      vertex -33.9 25.3 0.599999
      vertex -27.496 22.0904 0.599999
    endloop
  endfacet
  facet normal 0 0 1
    outer loop
      vertex 34.1903 -25.2569 0.599999
      vertex 33.9 -25.3 0.599999
      vertex 34.0951 -25.2808 0.599999
    endloop
  endfacet
  facet normal 0 0 1
    outer loop
      vertex 34.0951 -25.2808 0.599999
      vertex 33.9 -25.3 0.599999
      vertex 33.998 -25.2952 0.599999
    endloop
  endfacet
  facet normal 0 0 1
    outer loop
      vertex 34.2827 -25.2239 0.599999
      vertex 33.9 -25.3 0.599999
      vertex 34.1903 -25.2569 0.599999
    endloop
  endfacet
  facet normal 0 0 1
    outer loop
      vertex 34.6071 -25.0071 0.599999
      vertex 33.9 -25.3 0.599999
      vertex 34.5344 -25.073 0.599999
    endloop
  endfacet
  facet normal 0 0 1
    outer loop
      vertex 34.8239 -24.6827 0.599999
      vertex 33.9 -25.3 0.599999
      vertex 34.7819 -24.7714 0.599999
    endloop
  endfacet
  facet normal 0 0 1
    outer loop
      vertex 34.9 -24.3 0.599999
      vertex 29.0638 -21.0428 0.599999
      vertex 33.9 -25.3 0.599999
    endloop
  endfacet
  facet normal -0 0 1
    outer loop
      vertex 28.9629 -21.2111 0.599999
      vertex 33.9 -25.3 0.599999
      vertex 29.0638 -21.0428 0.599999
    endloop
  endfacet
  facet normal -0 0 1
    outer loop
      vertex 28.846 -21.3688 0.599999
      vertex 33.9 -25.3 0.599999
      vertex 28.9629 -21.2111 0.599999
    endloop
  endfacet
  facet normal -0 0 1
    outer loop
      vertex 28.7142 -21.5142 0.599999
      vertex 33.9 -25.3 0.599999
      vertex 28.846 -21.3688 0.599999
    endloop
  endfacet
  facet normal -0 0 1
    outer loop
      vertex 28.5688 -21.646 0.599999
      vertex 33.9 -25.3 0.599999
      vertex 28.7142 -21.5142 0.599999
    endloop
  endfacet
  facet normal -0 0 1
    outer loop
      vertex 28.4111 -21.7629 0.599999
      vertex 33.9 -25.3 0.599999
      vertex 28.5688 -21.646 0.599999
    endloop
  endfacet
  facet normal -0 0 1
    outer loop
      vertex 28.2428 -21.8638 0.599999
      vertex 33.9 -25.3 0.599999
      vertex 28.4111 -21.7629 0.599999
    endloop
  endfacet
  facet normal -0 0 1
    outer loop
      vertex 28.0654 -21.9478 0.599999
      vertex 33.9 -25.3 0.599999
      vertex 28.2428 -21.8638 0.599999
    endloop
  endfacet
  facet normal -0 0 1
    outer loop
      vertex 27.8806 -22.0139 0.599999
      vertex 33.9 -25.3 0.599999
      vertex 28.0654 -21.9478 0.599999
    endloop
  endfacet
  facet normal -0 0 1
    outer loop
      vertex 27.6902 -22.0616 0.599999
      vertex 33.9 -25.3 0.599999
      vertex 27.8806 -22.0139 0.599999
    endloop
  endfacet
  facet normal -0 0 1
    outer loop
      vertex 27.496 -22.0904 0.599999
      vertex 33.9 -25.3 0.599999
      vertex 27.6902 -22.0616 0.599999
    endloop
  endfacet
  facet normal -0 0 1
    outer loop
      vertex 27.3 -22.1 0.599999
      vertex 33.9 -25.3 0.599999
      vertex 27.496 -22.0904 0.599999
    endloop
  endfacet
  facet normal -0 0 1
    outer loop
      vertex -27.3 -22.1 0.599999
      vertex 33.9 -25.3 0.599999
      vertex 27.3 -22.1 0.599999
    endloop
  endfacet
  facet normal 0 0 1
    outer loop
      vertex -33.9 -25.3 0.599999
      vertex -27.3 -22.1 0.599999
      vertex -27.496 -22.0904 0.599999
    endloop
  endfacet
  facet normal 0 0 1
    outer loop
      vertex -29.3 20.1 0.599999
      vertex -34.9 24.3 0.599999
      vertex -29.3 -20.1 0.599999
    endloop
  endfacet
  facet normal 0 0 1
    outer loop
      vertex -27.3 -22.1 0.599999
      vertex -33.9 -25.3 0.599999
      vertex 33.9 -25.3 0.599999
    endloop
  endfacet
  facet normal 0 0 1
    outer loop
      vertex -27.6902 -22.0616 0.599999
      vertex -33.9 -25.3 0.599999
      vertex -27.496 -22.0904 0.599999
    endloop
  endfacet
  facet normal 0 0 1
    outer loop
      vertex -27.8806 -22.0139 0.599999
      vertex -33.9 -25.3 0.599999
      vertex -27.6902 -22.0616 0.599999
    endloop
  endfacet
  facet normal 0 0 1
    outer loop
      vertex -28.0654 -21.9478 0.599999
      vertex -33.9 -25.3 0.599999
      vertex -27.8806 -22.0139 0.599999
    endloop
  endfacet
  facet normal 0 0 1
    outer loop
      vertex -28.2428 -21.8638 0.599999
      vertex -33.9 -25.3 0.599999
      vertex -28.0654 -21.9478 0.599999
    endloop
  endfacet
  facet normal 0 0 1
    outer loop
      vertex -28.4111 -21.7629 0.599999
      vertex -33.9 -25.3 0.599999
      vertex -28.2428 -21.8638 0.599999
    endloop
  endfacet
  facet normal 0 0 1
    outer loop
      vertex -28.5688 -21.646 0.599999
      vertex -33.9 -25.3 0.599999
      vertex -28.4111 -21.7629 0.599999
    endloop
  endfacet
  facet normal 0 0 1
    outer loop
      vertex -28.7142 -21.5142 0.599999
      vertex -33.9 -25.3 0.599999
      vertex -28.5688 -21.646 0.599999
    endloop
  endfacet
  facet normal 0 0 1
    outer loop
      vertex -28.846 -21.3688 0.599999
      vertex -33.9 -25.3 0.599999
      vertex -28.7142 -21.5142 0.599999
    endloop
  endfacet
  facet normal 0 0 1
    outer loop
      vertex -28.9629 -21.2111 0.599999
      vertex -33.9 -25.3 0.599999
      vertex -28.846 -21.3688 0.599999
    endloop
  endfacet
  facet normal 0 0 1
    outer loop
      vertex -29.0638 -21.0428 0.599999
      vertex -33.9 -25.3 0.599999
      vertex -28.9629 -21.2111 0.599999
    endloop
  endfacet
  facet normal 0 0 1
    outer loop
      vertex -34.9 -24.3 0.599999
      vertex -29.0638 -21.0428 0.599999
      vertex -29.1478 -20.8654 0.599999
    endloop
  endfacet
  facet normal 0 0 1
    outer loop
      vertex -34.9 -24.3 0.599999
      vertex -29.1478 -20.8654 0.599999
      vertex -29.2139 -20.6806 0.599999
    endloop
  endfacet
  facet normal 0 0 1
    outer loop
      vertex -34.9 -24.3 0.599999
      vertex -29.2139 -20.6806 0.599999
      vertex -29.2616 -20.4902 0.599999
    endloop
  endfacet
  facet normal 0 0 1
    outer loop
      vertex -34.9 -24.3 0.599999
      vertex -29.2616 -20.4902 0.599999
      vertex -29.2904 -20.296 0.599999
    endloop
  endfacet
  facet normal 0 0 1
    outer loop
      vertex -34.9 -24.3 0.599999
      vertex -29.3 -20.1 0.599999
      vertex -34.9 24.3 0.599999
    endloop
  endfacet
  facet normal 0 0 1
    outer loop
      vertex -34.9 24.3 0.599999
      vertex -33.9 25.3 0.599999
      vertex -33.998 25.2952 0.599999
    endloop
  endfacet
  facet normal 0 0 1
    outer loop
      vertex -29.3 -20.1 0.599999
      vertex -34.9 -24.3 0.599999
      vertex -29.2904 -20.296 0.599999
    endloop
  endfacet
  facet normal 0 0 1
    outer loop
      vertex -34.9 24.3 0.599999
      vertex -33.998 25.2952 0.599999
      vertex -34.0951 25.2808 0.599999
    endloop
  endfacet
  facet normal 0 0 1
    outer loop
      vertex -29.0638 -21.0428 0.599999
      vertex -34.9 -24.3 0.599999
      vertex -33.9 -25.3 0.599999
    endloop
  endfacet
  facet normal 0 0 1
    outer loop
      vertex -34.9 24.3 0.599999
      vertex -34.0951 25.2808 0.599999
      vertex -34.1903 25.2569 0.599999
    endloop
  endfacet
  facet normal 0 0 1
    outer loop
      vertex -33.9 -25.3 0.599999
      vertex -34.9 -24.3 0.599999
      vertex -33.998 -25.2952 0.599999
    endloop
  endfacet
  facet normal 0 0 1
    outer loop
      vertex -34.9 24.3 0.599999
      vertex -34.1903 25.2569 0.599999
      vertex -34.2827 25.2239 0.599999
    endloop
  endfacet
  facet normal 0 0 1
    outer loop
      vertex -33.998 -25.2952 0.599999
      vertex -34.9 -24.3 0.599999
      vertex -34.0951 -25.2808 0.599999
    endloop
  endfacet
  facet normal 0 0 1
    outer loop
      vertex -34.9 24.3 0.599999
      vertex -34.2827 25.2239 0.599999
      vertex -34.3714 25.1819 0.599999
    endloop
  endfacet
  facet normal 0 0 1
    outer loop
      vertex -34.0951 -25.2808 0.599999
      vertex -34.9 -24.3 0.599999
      vertex -34.1903 -25.2569 0.599999
    endloop
  endfacet
  facet normal 0 0 1
    outer loop
      vertex -34.9 24.3 0.599999
      vertex -34.3714 25.1819 0.599999
      vertex -34.4556 25.1315 0.599999
    endloop
  endfacet
  facet normal 0 0 1
    outer loop
      vertex -34.1903 -25.2569 0.599999
      vertex -34.9 -24.3 0.599999
      vertex -34.2827 -25.2239 0.599999
    endloop
  endfacet
  facet normal 0 0 1
    outer loop
      vertex -34.9 24.3 0.599999
      vertex -34.4556 25.1315 0.599999
      vertex -34.5344 25.073 0.599999
    endloop
  endfacet
  facet normal 0 0 1
    outer loop
      vertex -34.2827 -25.2239 0.599999
      vertex -34.9 -24.3 0.599999
      vertex -34.3714 -25.1819 0.599999
    endloop
  endfacet
  facet normal 0 0 1
    outer loop
      vertex -34.9 24.3 0.599999
      vertex -34.5344 25.073 0.599999
      vertex -34.6071 25.0071 0.599999
    endloop
  endfacet
  facet normal 0 0 1
    outer loop
      vertex -34.3714 -25.1819 0.599999
      vertex -34.9 -24.3 0.599999
      vertex -34.4556 -25.1315 0.599999
    endloop
  endfacet
  facet normal 0 0 1
    outer loop
      vertex -34.9 24.3 0.599999
      vertex -34.6071 25.0071 0.599999
      vertex -34.673 24.9344 0.599999
    endloop
  endfacet
  facet normal 0 0 1
    outer loop
      vertex -34.4556 -25.1315 0.599999
      vertex -34.9 -24.3 0.599999
      vertex -34.5344 -25.073 0.599999
    endloop
  endfacet
  facet normal 0 0 1
    outer loop
      vertex -34.9 24.3 0.599999
      vertex -34.673 24.9344 0.599999
      vertex -34.7315 24.8556 0.599999
    endloop
  endfacet
  facet normal 0 0 1
    outer loop
      vertex -34.5344 -25.073 0.599999
      vertex -34.9 -24.3 0.599999
      vertex -34.6071 -25.0071 0.599999
    endloop
  endfacet
  facet normal 0 0 1
    outer loop
      vertex -34.9 24.3 0.599999
      vertex -34.7315 24.8556 0.599999
      vertex -34.7819 24.7714 0.599999
    endloop
  endfacet
  facet normal 0 0 1
    outer loop
      vertex -34.6071 -25.0071 0.599999
      vertex -34.9 -24.3 0.599999
      vertex -34.673 -24.9344 0.599999
    endloop
  endfacet
  facet normal 0 0 1
    outer loop
      vertex -34.9 24.3 0.599999
      vertex -34.7819 24.7714 0.599999
      vertex -34.8239 24.6827 0.599999
    endloop
  endfacet
  facet normal 0 0 1
    outer loop
      vertex -34.673 -24.9344 0.599999
      vertex -34.9 -24.3 0.599999
      vertex -34.7315 -24.8556 0.599999
    endloop
  endfacet
  facet normal 0 0 1
    outer loop
      vertex -34.9 24.3 0.599999
      vertex -34.8239 24.6827 0.599999
      vertex -34.8569 24.5903 0.599999
    endloop
  endfacet
  facet normal 0 0 1
    outer loop
      vertex -34.7315 -24.8556 0.599999
      vertex -34.9 -24.3 0.599999
      vertex -34.7819 -24.7714 0.599999
    endloop
  endfacet
  facet normal 0 0 1
    outer loop
      vertex -34.9 24.3 0.599999
      vertex -34.8569 24.5903 0.599999
      vertex -34.8808 24.4951 0.599999
    endloop
  endfacet
  facet normal 0 0 1
    outer loop
      vertex -34.7819 -24.7714 0.599999
      vertex -34.9 -24.3 0.599999
      vertex -34.8239 -24.6827 0.599999
    endloop
  endfacet
  facet normal 0 0 1
    outer loop
      vertex -34.9 24.3 0.599999
      vertex -34.8808 24.4951 0.599999
      vertex -34.8952 24.398 0.599999
    endloop
  endfacet
  facet normal 0 0 1
    outer loop
      vertex -34.8239 -24.6827 0.599999
      vertex -34.9 -24.3 0.599999
      vertex -34.8569 -24.5903 0.599999
    endloop
  endfacet
  facet normal 0 0 1
    outer loop
      vertex -34.8569 -24.5903 0.599999
      vertex -34.9 -24.3 0.599999
      vertex -34.8808 -24.4951 0.599999
    endloop
  endfacet
  facet normal 0 0 1
    outer loop
      vertex -34.8808 -24.4951 0.599999
      vertex -34.9 -24.3 0.599999
      vertex -34.8952 -24.398 0.599999
    endloop
  endfacet
  facet normal 0.989182 0.146696 0
    outer loop
      vertex -34.8808 -24.4951 1.6
      vertex -34.8952 -24.398 0.599999
      vertex -34.8952 -24.398 1.6
    endloop
  endfacet
  facet normal 0.989182 0.146696 0
    outer loop
      vertex -34.8952 -24.398 0.599999
      vertex -34.8808 -24.4951 1.6
      vertex -34.8808 -24.4951 0.599999
    endloop
  endfacet
  facet normal 0.969902 0.243494 0
    outer loop
      vertex -34.8569 -24.5903 1.6
      vertex -34.8808 -24.4951 0.599999
      vertex -34.8808 -24.4951 1.6
    endloop
  endfacet
  facet normal 0.969902 0.243494 0
    outer loop
      vertex -34.8808 -24.4951 0.599999
      vertex -34.8569 -24.5903 1.6
      vertex -34.8569 -24.5903 0.599999
    endloop
  endfacet
  facet normal 0.858032 0.513596 0
    outer loop
      vertex -34.7315 -24.8556 1.6
      vertex -34.7819 -24.7714 0.599999
      vertex -34.7819 -24.7714 1.6
    endloop
  endfacet
  facet normal 0.858032 0.513596 0
    outer loop
      vertex -34.7819 -24.7714 0.599999
      vertex -34.7315 -24.8556 1.6
      vertex -34.7315 -24.8556 0.599999
    endloop
  endfacet
  facet normal 0.336336 0.941742 -0
    outer loop
      vertex -34.1903 -25.2569 0.599999
      vertex -34.2827 -25.2239 1.6
      vertex -34.1903 -25.2569 1.6
    endloop
  endfacet
  facet normal 0.336336 0.941742 0
    outer loop
      vertex -34.2827 -25.2239 1.6
      vertex -34.1903 -25.2569 0.599999
      vertex -34.2827 -25.2239 0.599999
    endloop
  endfacet
  facet normal -0.146696 -0.989182 0
    outer loop
      vertex 33.998 25.2952 0.599999
      vertex 34.0951 25.2808 1.6
      vertex 33.998 25.2952 1.6
    endloop
  endfacet
  facet normal -0.146696 -0.989182 -0
    outer loop
      vertex 34.0951 25.2808 1.6
      vertex 33.998 25.2952 0.599999
      vertex 34.0951 25.2808 0.599999
    endloop
  endfacet
  facet normal -0.59608 -0.802925 0
    outer loop
      vertex 34.4556 25.1315 0.599999
      vertex 34.5344 25.073 1.6
      vertex 34.4556 25.1315 1.6
    endloop
  endfacet
  facet normal -0.59608 -0.802925 -0
    outer loop
      vertex 34.5344 25.073 1.6
      vertex 34.4556 25.1315 0.599999
      vertex 34.5344 25.073 0.599999
    endloop
  endfacet
  facet normal -0.998803 -0.0489209 0
    outer loop
      vertex 34.9 24.3 0.599999
      vertex 34.8952 24.398 1.6
      vertex 34.8952 24.398 0.599999
    endloop
  endfacet
  facet normal -0.998803 -0.0489209 0
    outer loop
      vertex 34.8952 24.398 1.6
      vertex 34.9 24.3 0.599999
      vertex 34.9 24.3 1.6
    endloop
  endfacet
  facet normal -0.989182 -0.146696 0
    outer loop
      vertex 34.8952 24.398 0.599999
      vertex 34.8808 24.4951 1.6
      vertex 34.8808 24.4951 0.599999
    endloop
  endfacet
  facet normal -0.989182 -0.146696 0
    outer loop
      vertex 34.8808 24.4951 1.6
      vertex 34.8952 24.398 0.599999
      vertex 34.8952 24.398 1.6
    endloop
  endfacet
  facet normal -0.969902 -0.243494 0
    outer loop
      vertex 34.8808 24.4951 0.599999
      vertex 34.8569 24.5903 1.6
      vertex 34.8569 24.5903 0.599999
    endloop
  endfacet
  facet normal -0.969902 -0.243494 0
    outer loop
      vertex 34.8569 24.5903 1.6
      vertex 34.8808 24.4951 0.599999
      vertex 34.8808 24.4951 1.6
    endloop
  endfacet
  facet normal -0.858032 -0.513596 0
    outer loop
      vertex 34.7819 24.7714 0.599999
      vertex 34.7315 24.8556 1.6
      vertex 34.7315 24.8556 0.599999
    endloop
  endfacet
  facet normal -0.858032 -0.513596 0
    outer loop
      vertex 34.7315 24.8556 1.6
      vertex 34.7819 24.7714 0.599999
      vertex 34.7819 24.7714 1.6
    endloop
  endfacet
  facet normal -0.9038 0.427955 0
    outer loop
      vertex 34.7819 -24.7714 0.599999
      vertex 34.8239 -24.6827 1.6
      vertex 34.8239 -24.6827 0.599999
    endloop
  endfacet
  facet normal -0.9038 0.427955 0
    outer loop
      vertex 34.8239 -24.6827 1.6
      vertex 34.7819 -24.7714 0.599999
      vertex 34.7819 -24.7714 1.6
    endloop
  endfacet
  facet normal -0.513596 0.858032 0
    outer loop
      vertex 34.4556 -25.1315 0.599999
      vertex 34.3714 -25.1819 1.6
      vertex 34.4556 -25.1315 1.6
    endloop
  endfacet
  facet normal -0.513596 0.858032 0
    outer loop
      vertex 34.3714 -25.1819 1.6
      vertex 34.4556 -25.1315 0.599999
      vertex 34.3714 -25.1819 0.599999
    endloop
  endfacet
  facet normal -0.336336 0.941742 0
    outer loop
      vertex 34.2827 -25.2239 0.599999
      vertex 34.1903 -25.2569 1.6
      vertex 34.2827 -25.2239 1.6
    endloop
  endfacet
  facet normal -0.336336 0.941742 0
    outer loop
      vertex 34.1903 -25.2569 1.6
      vertex 34.2827 -25.2239 0.599999
      vertex 34.1903 -25.2569 0.599999
    endloop
  endfacet
  facet normal -0.671607 0.740908 0
    outer loop
      vertex 34.6071 -25.0071 0.599999
      vertex 34.5344 -25.073 1.6
      vertex 34.6071 -25.0071 1.6
    endloop
  endfacet
  facet normal -0.671607 0.740908 0
    outer loop
      vertex 34.5344 -25.073 1.6
      vertex 34.6071 -25.0071 0.599999
      vertex 34.5344 -25.073 0.599999
    endloop
  endfacet
  facet normal 0.427955 -0.9038 0
    outer loop
      vertex -34.3714 25.1819 0.599999
      vertex -34.2827 25.2239 1.6
      vertex -34.3714 25.1819 1.6
    endloop
  endfacet
  facet normal 0.427955 -0.9038 0
    outer loop
      vertex -34.2827 25.2239 1.6
      vertex -34.3714 25.1819 0.599999
      vertex -34.2827 25.2239 0.599999
    endloop
  endfacet
  facet normal 0.336336 -0.941742 0
    outer loop
      vertex -34.2827 25.2239 0.599999
      vertex -34.1903 25.2569 1.6
      vertex -34.2827 25.2239 1.6
    endloop
  endfacet
  facet normal 0.336336 -0.941742 0
    outer loop
      vertex -34.1903 25.2569 1.6
      vertex -34.2827 25.2239 0.599999
      vertex -34.1903 25.2569 0.599999
    endloop
  endfacet
  facet normal 0.9038 0.427955 0
    outer loop
      vertex -34.7819 -24.7714 1.6
      vertex -34.8239 -24.6827 0.599999
      vertex -34.8239 -24.6827 1.6
    endloop
  endfacet
  facet normal 0.9038 0.427955 0
    outer loop
      vertex -34.8239 -24.6827 0.599999
      vertex -34.7819 -24.7714 1.6
      vertex -34.7819 -24.7714 0.599999
    endloop
  endfacet
  facet normal 0.941742 0.336336 0
    outer loop
      vertex -34.8239 -24.6827 1.6
      vertex -34.8569 -24.5903 0.599999
      vertex -34.8569 -24.5903 1.6
    endloop
  endfacet
  facet normal 0.941742 0.336336 0
    outer loop
      vertex -34.8569 -24.5903 0.599999
      vertex -34.8239 -24.6827 1.6
      vertex -34.8239 -24.6827 0.599999
    endloop
  endfacet
  facet normal 0.802925 0.59608 0
    outer loop
      vertex -34.673 -24.9344 1.6
      vertex -34.7315 -24.8556 0.599999
      vertex -34.7315 -24.8556 1.6
    endloop
  endfacet
  facet normal 0.802925 0.59608 0
    outer loop
      vertex -34.7315 -24.8556 0.599999
      vertex -34.673 -24.9344 1.6
      vertex -34.673 -24.9344 0.599999
    endloop
  endfacet
  facet normal -0.740908 -0.671607 0
    outer loop
      vertex 34.673 24.9344 0.599999
      vertex 34.6071 25.0071 1.6
      vertex 34.6071 25.0071 0.599999
    endloop
  endfacet
  facet normal -0.740908 -0.671607 0
    outer loop
      vertex 34.6071 25.0071 1.6
      vertex 34.673 24.9344 0.599999
      vertex 34.673 24.9344 1.6
    endloop
  endfacet
  facet normal -0.671607 -0.740908 0
    outer loop
      vertex 34.5344 25.073 0.599999
      vertex 34.6071 25.0071 1.6
      vertex 34.5344 25.073 1.6
    endloop
  endfacet
  facet normal -0.671607 -0.740908 -0
    outer loop
      vertex 34.6071 25.0071 1.6
      vertex 34.5344 25.073 0.599999
      vertex 34.6071 25.0071 0.599999
    endloop
  endfacet
  facet normal -0.9038 -0.427955 0
    outer loop
      vertex 34.8239 24.6827 0.599999
      vertex 34.7819 24.7714 1.6
      vertex 34.7819 24.7714 0.599999
    endloop
  endfacet
  facet normal -0.9038 -0.427955 0
    outer loop
      vertex 34.7819 24.7714 1.6
      vertex 34.8239 24.6827 0.599999
      vertex 34.8239 24.6827 1.6
    endloop
  endfacet
  facet normal -0.941742 -0.336336 0
    outer loop
      vertex 34.8569 24.5903 0.599999
      vertex 34.8239 24.6827 1.6
      vertex 34.8239 24.6827 0.599999
    endloop
  endfacet
  facet normal -0.941742 -0.336336 0
    outer loop
      vertex 34.8239 24.6827 1.6
      vertex 34.8569 24.5903 0.599999
      vertex 34.8569 24.5903 1.6
    endloop
  endfacet
  facet normal -0.998803 0.0489209 0
    outer loop
      vertex 34.8952 -24.398 0.599999
      vertex 34.9 -24.3 1.6
      vertex 34.9 -24.3 0.599999
    endloop
  endfacet
  facet normal -0.998803 0.0489209 0
    outer loop
      vertex 34.9 -24.3 1.6
      vertex 34.8952 -24.398 0.599999
      vertex 34.8952 -24.398 1.6
    endloop
  endfacet
  facet normal -0.941742 0.336336 0
    outer loop
      vertex 34.8239 -24.6827 0.599999
      vertex 34.8569 -24.5903 1.6
      vertex 34.8569 -24.5903 0.599999
    endloop
  endfacet
  facet normal -0.941742 0.336336 0
    outer loop
      vertex 34.8569 -24.5903 1.6
      vertex 34.8239 -24.6827 0.599999
      vertex 34.8239 -24.6827 1.6
    endloop
  endfacet
  facet normal -0.858032 0.513596 0
    outer loop
      vertex 34.7315 -24.8556 0.599999
      vertex 34.7819 -24.7714 1.6
      vertex 34.7819 -24.7714 0.599999
    endloop
  endfacet
  facet normal -0.858032 0.513596 0
    outer loop
      vertex 34.7819 -24.7714 1.6
      vertex 34.7315 -24.8556 0.599999
      vertex 34.7315 -24.8556 1.6
    endloop
  endfacet
  facet normal -0.427955 0.9038 0
    outer loop
      vertex 34.3714 -25.1819 0.599999
      vertex 34.2827 -25.2239 1.6
      vertex 34.3714 -25.1819 1.6
    endloop
  endfacet
  facet normal -0.427955 0.9038 0
    outer loop
      vertex 34.2827 -25.2239 1.6
      vertex 34.3714 -25.1819 0.599999
      vertex 34.2827 -25.2239 0.599999
    endloop
  endfacet
  facet normal -0.740908 0.671607 0
    outer loop
      vertex 34.6071 -25.0071 0.599999
      vertex 34.673 -24.9344 1.6
      vertex 34.673 -24.9344 0.599999
    endloop
  endfacet
  facet normal -0.740908 0.671607 0
    outer loop
      vertex 34.673 -24.9344 1.6
      vertex 34.6071 -25.0071 0.599999
      vertex 34.6071 -25.0071 1.6
    endloop
  endfacet
  facet normal 0 0 -1
    outer loop
      vertex 43.3 -6.5 11.2
      vertex 45.8 6.5 11.2
      vertex 45.8 -6.5 11.2
    endloop
  endfacet
  facet normal -0 0 -1
    outer loop
      vertex 45.8 6.5 11.2
      vertex 43.3 -6.5 11.2
      vertex 43.3 6.5 11.2
    endloop
  endfacet
  facet normal 0 -1 0
    outer loop
      vertex 43.3 6.5 9.15
      vertex 43.3 6.5 3.2
      vertex 44.1 6.5 9.15
    endloop
  endfacet
  facet normal 0 -1 0
    outer loop
      vertex 44.1 6.5 10.65
      vertex 43.3 6.5 11.2
      vertex 43.3 6.5 10.65
    endloop
  endfacet
  facet normal 0 -1 0
    outer loop
      vertex 43.3 6.5 11.2
      vertex 44.1 6.5 10.65
      vertex 45.8 6.5 11.2
    endloop
  endfacet
  facet normal 0 -1 0
    outer loop
      vertex 44.1 6.5 9.15
      vertex 45.8 6.5 11.2
      vertex 44.1 6.5 10.65
    endloop
  endfacet
  facet normal 0 -1 0
    outer loop
      vertex 45.8 6.5 3.2
      vertex 44.1 6.5 9.15
      vertex 43.3 6.5 3.2
    endloop
  endfacet
  facet normal 0 -1 0
    outer loop
      vertex 44.1 6.5 9.15
      vertex 45.8 6.5 3.2
      vertex 45.8 6.5 11.2
    endloop
  endfacet
  facet normal -0 0 1
    outer loop
      vertex 43.3 6.5 3.2
      vertex 45.8 -6.5 3.2
      vertex 45.8 6.5 3.2
    endloop
  endfacet
  facet normal 0 0 1
    outer loop
      vertex 45.8 -6.5 3.2
      vertex 43.3 6.5 3.2
      vertex 43.3 -6.5 3.2
    endloop
  endfacet
  facet normal 0 1 0
    outer loop
      vertex 45.8 -6.5 11.2
      vertex 44.1 -6.5 10.65
      vertex 43.3 -6.5 11.2
    endloop
  endfacet
  facet normal 0 1 0
    outer loop
      vertex 45.8 -6.5 11.2
      vertex 44.1 -6.5 9.15
      vertex 44.1 -6.5 10.65
    endloop
  endfacet
  facet normal 0 1 -0
    outer loop
      vertex 45.8 -6.5 3.2
      vertex 44.1 -6.5 9.15
      vertex 45.8 -6.5 11.2
    endloop
  endfacet
  facet normal 0 1 0
    outer loop
      vertex 43.3 -6.5 3.2
      vertex 44.1 -6.5 9.15
      vertex 45.8 -6.5 3.2
    endloop
  endfacet
  facet normal 0 1 0
    outer loop
      vertex 44.1 -6.5 9.15
      vertex 43.3 -6.5 3.2
      vertex 43.3 -6.5 9.15
    endloop
  endfacet
  facet normal 0 1 0
    outer loop
      vertex 43.3 -6.5 11.2
      vertex 44.1 -6.5 10.65
      vertex 43.3 -6.5 10.65
    endloop
  endfacet
  facet normal 0.595485 0.803367 -0
    outer loop
      vertex -37.2554 -18.8742 1.6
      vertex -37.4722 -18.7135 4.9
      vertex -37.2554 -18.8742 4.9
    endloop
  endfacet
  facet normal 0.595485 0.803367 0
    outer loop
      vertex -37.4722 -18.7135 4.9
      vertex -37.2554 -18.8742 1.6
      vertex -37.4722 -18.7135 1.6
    endloop
  endfacet
  facet normal 0.998803 -0.0489209 0
    outer loop
      vertex -36.2632 -21.2695 4.9
      vertex -36.25 -21 1.6
      vertex -36.25 -21 4.9
    endloop
  endfacet
  facet normal 0.998803 -0.0489209 0
    outer loop
      vertex -36.25 -21 1.6
      vertex -36.2632 -21.2695 4.9
      vertex -36.2632 -21.2695 1.6
    endloop
  endfacet
  facet normal -0.336829 0.941566 0
    outer loop
      vertex -39.7983 -18.3684 1.6
      vertex -40.0524 -18.4593 4.9
      vertex -39.7983 -18.3684 4.9
    endloop
  endfacet
  facet normal -0.336829 0.941566 0
    outer loop
      vertex -40.0524 -18.4593 4.9
      vertex -39.7983 -18.3684 1.6
      vertex -40.0524 -18.4593 1.6
    endloop
  endfacet
  facet normal -0.903926 0.427688 0
    outer loop
      vertex -41.5407 -19.9476 1.6
      vertex -41.4253 -19.7037 4.9
      vertex -41.4253 -19.7037 1.6
    endloop
  endfacet
  facet normal -0.903926 0.427688 0
    outer loop
      vertex -41.4253 -19.7037 4.9
      vertex -41.5407 -19.9476 1.6
      vertex -41.5407 -19.9476 4.9
    endloop
  endfacet
  facet normal -0.427688 -0.903926 0
    outer loop
      vertex -40.2963 -23.4253 1.6
      vertex -40.0524 -23.5407 4.9
      vertex -40.2963 -23.4253 4.9
    endloop
  endfacet
  facet normal -0.427688 -0.903926 -0
    outer loop
      vertex -40.0524 -23.5407 4.9
      vertex -40.2963 -23.4253 1.6
      vertex -40.0524 -23.5407 1.6
    endloop
  endfacet
  facet normal 0.903926 0.427688 0
    outer loop
      vertex -36.4593 -19.9476 4.9
      vertex -36.5747 -19.7037 1.6
      vertex -36.5747 -19.7037 4.9
    endloop
  endfacet
  facet normal 0.903926 0.427688 0
    outer loop
      vertex -36.5747 -19.7037 1.6
      vertex -36.4593 -19.9476 4.9
      vertex -36.4593 -19.9476 1.6
    endloop
  endfacet
  facet normal 0.857656 0.514223 0
    outer loop
      vertex -36.5747 -19.7037 4.9
      vertex -36.7135 -19.4722 1.6
      vertex -36.7135 -19.4722 4.9
    endloop
  endfacet
  facet normal 0.857656 0.514223 0
    outer loop
      vertex -36.7135 -19.4722 1.6
      vertex -36.5747 -19.7037 4.9
      vertex -36.5747 -19.7037 1.6
    endloop
  endfacet
  facet normal 0.427688 0.903926 -0
    outer loop
      vertex -37.7037 -18.5747 1.6
      vertex -37.9476 -18.4593 4.9
      vertex -37.7037 -18.5747 4.9
    endloop
  endfacet
  facet normal 0.427688 0.903926 0
    outer loop
      vertex -37.9476 -18.4593 4.9
      vertex -37.7037 -18.5747 1.6
      vertex -37.9476 -18.4593 1.6
    endloop
  endfacet
  facet normal -0.740728 0.671805 0
    outer loop
      vertex -41.1258 -19.2554 1.6
      vertex -40.9445 -19.0555 4.9
      vertex -40.9445 -19.0555 1.6
    endloop
  endfacet
  facet normal -0.740728 0.671805 0
    outer loop
      vertex -40.9445 -19.0555 4.9
      vertex -41.1258 -19.2554 1.6
      vertex -41.1258 -19.2554 4.9
    endloop
  endfacet
  facet normal -0.14671 0.98918 0
    outer loop
      vertex -39.2695 -18.2632 1.6
      vertex -39.5365 -18.3028 4.9
      vertex -39.2695 -18.2632 4.9
    endloop
  endfacet
  facet normal -0.14671 0.98918 0
    outer loop
      vertex -39.5365 -18.3028 4.9
      vertex -39.2695 -18.2632 1.6
      vertex -39.5365 -18.3028 1.6
    endloop
  endfacet
  facet normal -0.14671 -0.98918 0
    outer loop
      vertex -39.5365 -23.6972 1.6
      vertex -39.2695 -23.7368 4.9
      vertex -39.5365 -23.6972 4.9
    endloop
  endfacet
  facet normal -0.14671 -0.98918 -0
    outer loop
      vertex -39.2695 -23.7368 4.9
      vertex -39.5365 -23.6972 1.6
      vertex -39.2695 -23.7368 1.6
    endloop
  endfacet
  facet normal -0.671805 -0.740728 0
    outer loop
      vertex -40.9445 -22.9445 1.6
      vertex -40.7446 -23.1258 4.9
      vertex -40.9445 -22.9445 4.9
    endloop
  endfacet
  facet normal -0.671805 -0.740728 -0
    outer loop
      vertex -40.7446 -23.1258 4.9
      vertex -40.9445 -22.9445 1.6
      vertex -40.7446 -23.1258 1.6
    endloop
  endfacet
  facet normal -0.98918 -0.14671 0
    outer loop
      vertex -41.6972 -21.5365 1.6
      vertex -41.7368 -21.2695 4.9
      vertex -41.7368 -21.2695 1.6
    endloop
  endfacet
  facet normal -0.98918 -0.14671 0
    outer loop
      vertex -41.7368 -21.2695 4.9
      vertex -41.6972 -21.5365 1.6
      vertex -41.6972 -21.5365 4.9
    endloop
  endfacet
  facet normal 0 0 -1
    outer loop
      vertex -37.75 -21 1.6
      vertex -36.25 -21 1.6
      vertex -36.2632 -21.2695 1.6
    endloop
  endfacet
  facet normal 0 0 -1
    outer loop
      vertex -37.756 -21.1225 1.6
      vertex -36.2632 -21.2695 1.6
      vertex -36.3028 -21.5365 1.6
    endloop
  endfacet
  facet normal 0 0 -1
    outer loop
      vertex -36.25 -21 1.6
      vertex -37.75 -21 1.6
      vertex -36.2632 -20.7305 1.6
    endloop
  endfacet
  facet normal 0 0 -1
    outer loop
      vertex -37.774 -21.2439 1.6
      vertex -36.3028 -21.5365 1.6
      vertex -36.3684 -21.7983 1.6
    endloop
  endfacet
  facet normal 0 0 -1
    outer loop
      vertex -37.756 -20.8775 1.6
      vertex -36.2632 -20.7305 1.6
      vertex -37.75 -21 1.6
    endloop
  endfacet
  facet normal 0 0 -1
    outer loop
      vertex -37.8038 -21.3629 1.6
      vertex -36.3684 -21.7983 1.6
      vertex -36.4593 -22.0524 1.6
    endloop
  endfacet
  facet normal -0 0 -1
    outer loop
      vertex -36.2632 -20.7305 1.6
      vertex -37.756 -20.8775 1.6
      vertex -36.3028 -20.4635 1.6
    endloop
  endfacet
  facet normal 0 0 -1
    outer loop
      vertex -37.8451 -21.4784 1.6
      vertex -36.4593 -22.0524 1.6
      vertex -36.5747 -22.2963 1.6
    endloop
  endfacet
  facet normal 0 0 -1
    outer loop
      vertex -37.774 -20.7561 1.6
      vertex -36.3028 -20.4635 1.6
      vertex -37.756 -20.8775 1.6
    endloop
  endfacet
  facet normal 0 0 -1
    outer loop
      vertex -37.8976 -21.5892 1.6
      vertex -36.5747 -22.2963 1.6
      vertex -36.7135 -22.5278 1.6
    endloop
  endfacet
  facet normal -0 0 -1
    outer loop
      vertex -36.3028 -20.4635 1.6
      vertex -37.774 -20.7561 1.6
      vertex -36.3684 -20.2017 1.6
    endloop
  endfacet
  facet normal 0 0 -1
    outer loop
      vertex -37.9607 -21.6945 1.6
      vertex -36.7135 -22.5278 1.6
      vertex -36.8742 -22.7446 1.6
    endloop
  endfacet
  facet normal 0 0 -1
    outer loop
      vertex -37.8038 -20.6371 1.6
      vertex -36.3684 -20.2017 1.6
      vertex -37.774 -20.7561 1.6
    endloop
  endfacet
  facet normal 0 0 -1
    outer loop
      vertex -38.0337 -21.793 1.6
      vertex -36.8742 -22.7446 1.6
      vertex -37.0555 -22.9445 1.6
    endloop
  endfacet
  facet normal -0 0 -1
    outer loop
      vertex -36.3684 -20.2017 1.6
      vertex -37.8038 -20.6371 1.6
      vertex -36.4593 -19.9476 1.6
    endloop
  endfacet
  facet normal 0 0 -1
    outer loop
      vertex -38.1161 -21.8839 1.6
      vertex -37.0555 -22.9445 1.6
      vertex -37.2554 -23.1258 1.6
    endloop
  endfacet
  facet normal 0 0 -1
    outer loop
      vertex -37.8451 -20.5216 1.6
      vertex -36.4593 -19.9476 1.6
      vertex -37.8038 -20.6371 1.6
    endloop
  endfacet
  facet normal 0 0 -1
    outer loop
      vertex -38.207 -21.9663 1.6
      vertex -37.2554 -23.1258 1.6
      vertex -37.4722 -23.2865 1.6
    endloop
  endfacet
  facet normal -0 0 -1
    outer loop
      vertex -36.4593 -19.9476 1.6
      vertex -37.8451 -20.5216 1.6
      vertex -36.5747 -19.7037 1.6
    endloop
  endfacet
  facet normal 0 0 -1
    outer loop
      vertex -38.3055 -22.0393 1.6
      vertex -37.4722 -23.2865 1.6
      vertex -37.7037 -23.4253 1.6
    endloop
  endfacet
  facet normal 0 0 -1
    outer loop
      vertex -37.8976 -20.4108 1.6
      vertex -36.5747 -19.7037 1.6
      vertex -37.8451 -20.5216 1.6
    endloop
  endfacet
  facet normal -0 0 -1
    outer loop
      vertex -36.5747 -19.7037 1.6
      vertex -37.8976 -20.4108 1.6
      vertex -36.7135 -19.4722 1.6
    endloop
  endfacet
  facet normal 0 0 -1
    outer loop
      vertex -36.2632 -21.2695 1.6
      vertex -37.756 -21.1225 1.6
      vertex -37.75 -21 1.6
    endloop
  endfacet
  facet normal 0 0 -1
    outer loop
      vertex -36.3028 -21.5365 1.6
      vertex -37.774 -21.2439 1.6
      vertex -37.756 -21.1225 1.6
    endloop
  endfacet
  facet normal 0 0 -1
    outer loop
      vertex -36.3684 -21.7983 1.6
      vertex -37.8038 -21.3629 1.6
      vertex -37.774 -21.2439 1.6
    endloop
  endfacet
  facet normal 0 0 -1
    outer loop
      vertex -36.4593 -22.0524 1.6
      vertex -37.8451 -21.4784 1.6
      vertex -37.8038 -21.3629 1.6
    endloop
  endfacet
  facet normal 0 0 -1
    outer loop
      vertex -36.5747 -22.2963 1.6
      vertex -37.8976 -21.5892 1.6
      vertex -37.8451 -21.4784 1.6
    endloop
  endfacet
  facet normal 0 0 -1
    outer loop
      vertex -38.4108 -22.1024 1.6
      vertex -37.7037 -23.4253 1.6
      vertex -37.9476 -23.5407 1.6
    endloop
  endfacet
  facet normal 0 0 -1
    outer loop
      vertex -36.7135 -22.5278 1.6
      vertex -37.9607 -21.6945 1.6
      vertex -37.8976 -21.5892 1.6
    endloop
  endfacet
  facet normal 0 0 -1
    outer loop
      vertex -36.8742 -22.7446 1.6
      vertex -38.0337 -21.793 1.6
      vertex -37.9607 -21.6945 1.6
    endloop
  endfacet
  facet normal 0 0 -1
    outer loop
      vertex -37.0555 -22.9445 1.6
      vertex -38.1161 -21.8839 1.6
      vertex -38.0337 -21.793 1.6
    endloop
  endfacet
  facet normal 0 0 -1
    outer loop
      vertex -38.5216 -22.1549 1.6
      vertex -37.9476 -23.5407 1.6
      vertex -38.2017 -23.6316 1.6
    endloop
  endfacet
  facet normal 0 0 -1
    outer loop
      vertex -37.2554 -23.1258 1.6
      vertex -38.207 -21.9663 1.6
      vertex -38.1161 -21.8839 1.6
    endloop
  endfacet
  facet normal 0 0 -1
    outer loop
      vertex -37.4722 -23.2865 1.6
      vertex -38.3055 -22.0393 1.6
      vertex -38.207 -21.9663 1.6
    endloop
  endfacet
  facet normal 0 0 -1
    outer loop
      vertex -37.7037 -23.4253 1.6
      vertex -38.4108 -22.1024 1.6
      vertex -38.3055 -22.0393 1.6
    endloop
  endfacet
  facet normal 0 0 -1
    outer loop
      vertex -38.6371 -22.1962 1.6
      vertex -38.2017 -23.6316 1.6
      vertex -38.4635 -23.6972 1.6
    endloop
  endfacet
  facet normal 0 0 -1
    outer loop
      vertex -37.9476 -23.5407 1.6
      vertex -38.5216 -22.1549 1.6
      vertex -38.4108 -22.1024 1.6
    endloop
  endfacet
  facet normal 0 0 -1
    outer loop
      vertex -38.2017 -23.6316 1.6
      vertex -38.6371 -22.1962 1.6
      vertex -38.5216 -22.1549 1.6
    endloop
  endfacet
  facet normal 0 0 -1
    outer loop
      vertex -38.7561 -22.226 1.6
      vertex -38.4635 -23.6972 1.6
      vertex -38.7305 -23.7368 1.6
    endloop
  endfacet
  facet normal 0 0 -1
    outer loop
      vertex -38.4635 -23.6972 1.6
      vertex -38.7561 -22.226 1.6
      vertex -38.6371 -22.1962 1.6
    endloop
  endfacet
  facet normal 0 0 -1
    outer loop
      vertex -38.7305 -23.7368 1.6
      vertex -38.8775 -22.244 1.6
      vertex -38.7561 -22.226 1.6
    endloop
  endfacet
  facet normal 0 0 -1
    outer loop
      vertex -39 -23.75 1.6
      vertex -38.8775 -22.244 1.6
      vertex -38.7305 -23.7368 1.6
    endloop
  endfacet
  facet normal 0 0 -1
    outer loop
      vertex -39 -23.75 1.6
      vertex -39 -22.25 1.6
      vertex -38.8775 -22.244 1.6
    endloop
  endfacet
  facet normal 0 0 -1
    outer loop
      vertex -39 -23.75 1.6
      vertex -39.1225 -22.244 1.6
      vertex -39 -22.25 1.6
    endloop
  endfacet
  facet normal 0 0 -1
    outer loop
      vertex -39.2695 -23.7368 1.6
      vertex -39.1225 -22.244 1.6
      vertex -39 -23.75 1.6
    endloop
  endfacet
  facet normal -0 0 -1
    outer loop
      vertex -39.1225 -22.244 1.6
      vertex -39.2695 -23.7368 1.6
      vertex -39.2439 -22.226 1.6
    endloop
  endfacet
  facet normal 0 0 -1
    outer loop
      vertex -39.5365 -23.6972 1.6
      vertex -39.2439 -22.226 1.6
      vertex -39.2695 -23.7368 1.6
    endloop
  endfacet
  facet normal -0 0 -1
    outer loop
      vertex -39.2439 -22.226 1.6
      vertex -39.5365 -23.6972 1.6
      vertex -39.3629 -22.1962 1.6
    endloop
  endfacet
  facet normal 0 0 -1
    outer loop
      vertex -39.7983 -23.6316 1.6
      vertex -39.3629 -22.1962 1.6
      vertex -39.5365 -23.6972 1.6
    endloop
  endfacet
  facet normal -0 0 -1
    outer loop
      vertex -39.3629 -22.1962 1.6
      vertex -39.7983 -23.6316 1.6
      vertex -39.4784 -22.1549 1.6
    endloop
  endfacet
  facet normal 0 0 -1
    outer loop
      vertex -40.0524 -23.5407 1.6
      vertex -39.4784 -22.1549 1.6
      vertex -39.7983 -23.6316 1.6
    endloop
  endfacet
  facet normal -0 0 -1
    outer loop
      vertex -39.4784 -22.1549 1.6
      vertex -40.0524 -23.5407 1.6
      vertex -39.5892 -22.1024 1.6
    endloop
  endfacet
  facet normal 0 0 -1
    outer loop
      vertex -40.2963 -23.4253 1.6
      vertex -39.5892 -22.1024 1.6
      vertex -40.0524 -23.5407 1.6
    endloop
  endfacet
  facet normal -0 0 -1
    outer loop
      vertex -39.5892 -22.1024 1.6
      vertex -40.2963 -23.4253 1.6
      vertex -39.6945 -22.0393 1.6
    endloop
  endfacet
  facet normal 0 0 -1
    outer loop
      vertex -40.5278 -23.2865 1.6
      vertex -39.6945 -22.0393 1.6
      vertex -40.2963 -23.4253 1.6
    endloop
  endfacet
  facet normal -0 0 -1
    outer loop
      vertex -39.6945 -22.0393 1.6
      vertex -40.5278 -23.2865 1.6
      vertex -39.793 -21.9663 1.6
    endloop
  endfacet
  facet normal 0 0 -1
    outer loop
      vertex -40.7446 -23.1258 1.6
      vertex -39.793 -21.9663 1.6
      vertex -40.5278 -23.2865 1.6
    endloop
  endfacet
  facet normal -0 0 -1
    outer loop
      vertex -39.793 -21.9663 1.6
      vertex -40.7446 -23.1258 1.6
      vertex -39.8839 -21.8839 1.6
    endloop
  endfacet
  facet normal 0 0 -1
    outer loop
      vertex -40.9445 -22.9445 1.6
      vertex -39.8839 -21.8839 1.6
      vertex -40.7446 -23.1258 1.6
    endloop
  endfacet
  facet normal -0 0 -1
    outer loop
      vertex -39.8839 -21.8839 1.6
      vertex -40.9445 -22.9445 1.6
      vertex -39.9663 -21.793 1.6
    endloop
  endfacet
  facet normal 0 0 -1
    outer loop
      vertex -41.1258 -22.7446 1.6
      vertex -39.9663 -21.793 1.6
      vertex -40.9445 -22.9445 1.6
    endloop
  endfacet
  facet normal -0 0 -1
    outer loop
      vertex -39.9663 -21.793 1.6
      vertex -41.1258 -22.7446 1.6
      vertex -40.0393 -21.6945 1.6
    endloop
  endfacet
  facet normal -0 0 -1
    outer loop
      vertex -40.0393 -21.6945 1.6
      vertex -41.2865 -22.5278 1.6
      vertex -40.1024 -21.5892 1.6
    endloop
  endfacet
  facet normal 0 0 -1
    outer loop
      vertex -41.2865 -22.5278 1.6
      vertex -40.0393 -21.6945 1.6
      vertex -41.1258 -22.7446 1.6
    endloop
  endfacet
  facet normal 0 0 -1
    outer loop
      vertex -37.9607 -20.3055 1.6
      vertex -36.7135 -19.4722 1.6
      vertex -37.8976 -20.4108 1.6
    endloop
  endfacet
  facet normal -0 0 -1
    outer loop
      vertex -36.7135 -19.4722 1.6
      vertex -37.9607 -20.3055 1.6
      vertex -36.8742 -19.2554 1.6
    endloop
  endfacet
  facet normal 0 0 -1
    outer loop
      vertex -38.0337 -20.207 1.6
      vertex -36.8742 -19.2554 1.6
      vertex -37.9607 -20.3055 1.6
    endloop
  endfacet
  facet normal -0 0 -1
    outer loop
      vertex -36.8742 -19.2554 1.6
      vertex -38.0337 -20.207 1.6
      vertex -37.0555 -19.0555 1.6
    endloop
  endfacet
  facet normal 0 0 -1
    outer loop
      vertex -38.1161 -20.1161 1.6
      vertex -37.0555 -19.0555 1.6
      vertex -38.0337 -20.207 1.6
    endloop
  endfacet
  facet normal -0 0 -1
    outer loop
      vertex -37.0555 -19.0555 1.6
      vertex -38.1161 -20.1161 1.6
      vertex -37.2554 -18.8742 1.6
    endloop
  endfacet
  facet normal 0 0 -1
    outer loop
      vertex -38.207 -20.0337 1.6
      vertex -37.2554 -18.8742 1.6
      vertex -38.1161 -20.1161 1.6
    endloop
  endfacet
  facet normal -0 0 -1
    outer loop
      vertex -37.2554 -18.8742 1.6
      vertex -38.207 -20.0337 1.6
      vertex -37.4722 -18.7135 1.6
    endloop
  endfacet
  facet normal 0 0 -1
    outer loop
      vertex -38.3055 -19.9607 1.6
      vertex -37.4722 -18.7135 1.6
      vertex -38.207 -20.0337 1.6
    endloop
  endfacet
  facet normal -0 0 -1
    outer loop
      vertex -37.4722 -18.7135 1.6
      vertex -38.3055 -19.9607 1.6
      vertex -37.7037 -18.5747 1.6
    endloop
  endfacet
  facet normal 0 0 -1
    outer loop
      vertex -38.4108 -19.8976 1.6
      vertex -37.7037 -18.5747 1.6
      vertex -38.3055 -19.9607 1.6
    endloop
  endfacet
  facet normal -0 0 -1
    outer loop
      vertex -37.7037 -18.5747 1.6
      vertex -38.4108 -19.8976 1.6
      vertex -37.9476 -18.4593 1.6
    endloop
  endfacet
  facet normal 0 0 -1
    outer loop
      vertex -38.5216 -19.8451 1.6
      vertex -37.9476 -18.4593 1.6
      vertex -38.4108 -19.8976 1.6
    endloop
  endfacet
  facet normal -0 0 -1
    outer loop
      vertex -37.9476 -18.4593 1.6
      vertex -38.5216 -19.8451 1.6
      vertex -38.2017 -18.3684 1.6
    endloop
  endfacet
  facet normal 0 0 -1
    outer loop
      vertex -38.6371 -19.8038 1.6
      vertex -38.2017 -18.3684 1.6
      vertex -38.5216 -19.8451 1.6
    endloop
  endfacet
  facet normal -0 0 -1
    outer loop
      vertex -38.2017 -18.3684 1.6
      vertex -38.6371 -19.8038 1.6
      vertex -38.4635 -18.3028 1.6
    endloop
  endfacet
  facet normal 0 0 -1
    outer loop
      vertex -38.7561 -19.774 1.6
      vertex -38.4635 -18.3028 1.6
      vertex -38.6371 -19.8038 1.6
    endloop
  endfacet
  facet normal -0 0 -1
    outer loop
      vertex -38.4635 -18.3028 1.6
      vertex -38.7561 -19.774 1.6
      vertex -38.7305 -18.2632 1.6
    endloop
  endfacet
  facet normal 0 0 -1
    outer loop
      vertex -38.8775 -19.756 1.6
      vertex -38.7305 -18.2632 1.6
      vertex -38.7561 -19.774 1.6
    endloop
  endfacet
  facet normal 0 0 -1
    outer loop
      vertex -39 -19.75 1.6
      vertex -38.7305 -18.2632 1.6
      vertex -38.8775 -19.756 1.6
    endloop
  endfacet
  facet normal 0 0 -1
    outer loop
      vertex -39 -19.75 1.6
      vertex -39 -18.25 1.6
      vertex -38.7305 -18.2632 1.6
    endloop
  endfacet
  facet normal 0 0 -1
    outer loop
      vertex -39.1225 -19.756 1.6
      vertex -39 -18.25 1.6
      vertex -39 -19.75 1.6
    endloop
  endfacet
  facet normal 0 0 -1
    outer loop
      vertex -39.2695 -18.2632 1.6
      vertex -39.1225 -19.756 1.6
      vertex -39.2439 -19.774 1.6
    endloop
  endfacet
  facet normal 0 0 -1
    outer loop
      vertex -39.1225 -19.756 1.6
      vertex -39.2695 -18.2632 1.6
      vertex -39 -18.25 1.6
    endloop
  endfacet
  facet normal 0 0 -1
    outer loop
      vertex -39.5365 -18.3028 1.6
      vertex -39.2439 -19.774 1.6
      vertex -39.3629 -19.8038 1.6
    endloop
  endfacet
  facet normal 0 0 -1
    outer loop
      vertex -39.7983 -18.3684 1.6
      vertex -39.3629 -19.8038 1.6
      vertex -39.4784 -19.8451 1.6
    endloop
  endfacet
  facet normal 0 0 -1
    outer loop
      vertex -39.2439 -19.774 1.6
      vertex -39.5365 -18.3028 1.6
      vertex -39.2695 -18.2632 1.6
    endloop
  endfacet
  facet normal 0 0 -1
    outer loop
      vertex -40.0524 -18.4593 1.6
      vertex -39.4784 -19.8451 1.6
      vertex -39.5892 -19.8976 1.6
    endloop
  endfacet
  facet normal 0 0 -1
    outer loop
      vertex -40.2963 -18.5747 1.6
      vertex -39.5892 -19.8976 1.6
      vertex -39.6945 -19.9607 1.6
    endloop
  endfacet
  facet normal 0 0 -1
    outer loop
      vertex -40.5278 -18.7135 1.6
      vertex -39.6945 -19.9607 1.6
      vertex -39.793 -20.0337 1.6
    endloop
  endfacet
  facet normal 0 0 -1
    outer loop
      vertex -39.3629 -19.8038 1.6
      vertex -39.7983 -18.3684 1.6
      vertex -39.5365 -18.3028 1.6
    endloop
  endfacet
  facet normal 0 0 -1
    outer loop
      vertex -40.7446 -18.8742 1.6
      vertex -39.793 -20.0337 1.6
      vertex -39.8839 -20.1161 1.6
    endloop
  endfacet
  facet normal 0 0 -1
    outer loop
      vertex -40.9445 -19.0555 1.6
      vertex -39.8839 -20.1161 1.6
      vertex -39.9663 -20.207 1.6
    endloop
  endfacet
  facet normal 0 0 -1
    outer loop
      vertex -41.1258 -19.2554 1.6
      vertex -39.9663 -20.207 1.6
      vertex -40.0393 -20.3055 1.6
    endloop
  endfacet
  facet normal 0 0 -1
    outer loop
      vertex -39.4784 -19.8451 1.6
      vertex -40.0524 -18.4593 1.6
      vertex -39.7983 -18.3684 1.6
    endloop
  endfacet
  facet normal 0 0 -1
    outer loop
      vertex -41.2865 -19.4722 1.6
      vertex -40.0393 -20.3055 1.6
      vertex -40.1024 -20.4108 1.6
    endloop
  endfacet
  facet normal 0 0 -1
    outer loop
      vertex -41.4253 -19.7037 1.6
      vertex -40.1024 -20.4108 1.6
      vertex -40.1549 -20.5216 1.6
    endloop
  endfacet
  facet normal 0 0 -1
    outer loop
      vertex -41.5407 -19.9476 1.6
      vertex -40.1549 -20.5216 1.6
      vertex -40.1962 -20.6371 1.6
    endloop
  endfacet
  facet normal 0 0 -1
    outer loop
      vertex -41.6316 -20.2017 1.6
      vertex -40.1962 -20.6371 1.6
      vertex -40.226 -20.7561 1.6
    endloop
  endfacet
  facet normal 0 0 -1
    outer loop
      vertex -41.6972 -20.4635 1.6
      vertex -40.226 -20.7561 1.6
      vertex -40.244 -20.8775 1.6
    endloop
  endfacet
  facet normal 0 0 -1
    outer loop
      vertex -39.5892 -19.8976 1.6
      vertex -40.2963 -18.5747 1.6
      vertex -40.0524 -18.4593 1.6
    endloop
  endfacet
  facet normal 0 0 -1
    outer loop
      vertex -41.7368 -20.7305 1.6
      vertex -40.244 -20.8775 1.6
      vertex -40.25 -21 1.6
    endloop
  endfacet
  facet normal 0 0 -1
    outer loop
      vertex -41.4253 -22.2963 1.6
      vertex -40.1024 -21.5892 1.6
      vertex -41.2865 -22.5278 1.6
    endloop
  endfacet
  facet normal -0 0 -1
    outer loop
      vertex -40.1024 -21.5892 1.6
      vertex -41.4253 -22.2963 1.6
      vertex -40.1549 -21.4784 1.6
    endloop
  endfacet
  facet normal 0 0 -1
    outer loop
      vertex -39.6945 -19.9607 1.6
      vertex -40.5278 -18.7135 1.6
      vertex -40.2963 -18.5747 1.6
    endloop
  endfacet
  facet normal 0 0 -1
    outer loop
      vertex -41.5407 -22.0524 1.6
      vertex -40.1549 -21.4784 1.6
      vertex -41.4253 -22.2963 1.6
    endloop
  endfacet
  facet normal 0 0 -1
    outer loop
      vertex -39.793 -20.0337 1.6
      vertex -40.7446 -18.8742 1.6
      vertex -40.5278 -18.7135 1.6
    endloop
  endfacet
  facet normal -0 0 -1
    outer loop
      vertex -40.1549 -21.4784 1.6
      vertex -41.5407 -22.0524 1.6
      vertex -40.1962 -21.3629 1.6
    endloop
  endfacet
  facet normal 0 0 -1
    outer loop
      vertex -39.8839 -20.1161 1.6
      vertex -40.9445 -19.0555 1.6
      vertex -40.7446 -18.8742 1.6
    endloop
  endfacet
  facet normal 0 0 -1
    outer loop
      vertex -41.6316 -21.7983 1.6
      vertex -40.1962 -21.3629 1.6
      vertex -41.5407 -22.0524 1.6
    endloop
  endfacet
  facet normal 0 0 -1
    outer loop
      vertex -39.9663 -20.207 1.6
      vertex -41.1258 -19.2554 1.6
      vertex -40.9445 -19.0555 1.6
    endloop
  endfacet
  facet normal -0 0 -1
    outer loop
      vertex -40.1962 -21.3629 1.6
      vertex -41.6316 -21.7983 1.6
      vertex -40.226 -21.2439 1.6
    endloop
  endfacet
  facet normal 0 0 -1
    outer loop
      vertex -40.0393 -20.3055 1.6
      vertex -41.2865 -19.4722 1.6
      vertex -41.1258 -19.2554 1.6
    endloop
  endfacet
  facet normal 0 0 -1
    outer loop
      vertex -41.6972 -21.5365 1.6
      vertex -40.226 -21.2439 1.6
      vertex -41.6316 -21.7983 1.6
    endloop
  endfacet
  facet normal 0 0 -1
    outer loop
      vertex -40.1024 -20.4108 1.6
      vertex -41.4253 -19.7037 1.6
      vertex -41.2865 -19.4722 1.6
    endloop
  endfacet
  facet normal -0 0 -1
    outer loop
      vertex -40.226 -21.2439 1.6
      vertex -41.6972 -21.5365 1.6
      vertex -40.244 -21.1225 1.6
    endloop
  endfacet
  facet normal 0 0 -1
    outer loop
      vertex -40.1549 -20.5216 1.6
      vertex -41.5407 -19.9476 1.6
      vertex -41.4253 -19.7037 1.6
    endloop
  endfacet
  facet normal 0 0 -1
    outer loop
      vertex -41.7368 -21.2695 1.6
      vertex -40.244 -21.1225 1.6
      vertex -41.6972 -21.5365 1.6
    endloop
  endfacet
  facet normal 0 0 -1
    outer loop
      vertex -40.1962 -20.6371 1.6
      vertex -41.6316 -20.2017 1.6
      vertex -41.5407 -19.9476 1.6
    endloop
  endfacet
  facet normal -0 0 -1
    outer loop
      vertex -40.244 -21.1225 1.6
      vertex -41.7368 -21.2695 1.6
      vertex -40.25 -21 1.6
    endloop
  endfacet
  facet normal 0 0 -1
    outer loop
      vertex -40.226 -20.7561 1.6
      vertex -41.6972 -20.4635 1.6
      vertex -41.6316 -20.2017 1.6
    endloop
  endfacet
  facet normal 0 0 -1
    outer loop
      vertex -41.75 -21 1.6
      vertex -40.25 -21 1.6
      vertex -41.7368 -21.2695 1.6
    endloop
  endfacet
  facet normal 0 0 -1
    outer loop
      vertex -40.244 -20.8775 1.6
      vertex -41.7368 -20.7305 1.6
      vertex -41.6972 -20.4635 1.6
    endloop
  endfacet
  facet normal 0 0 -1
    outer loop
      vertex -40.25 -21 1.6
      vertex -41.75 -21 1.6
      vertex -41.7368 -20.7305 1.6
    endloop
  endfacet
  facet normal -0.740728 -0.671805 0
    outer loop
      vertex -40.9445 -22.9445 1.6
      vertex -41.1258 -22.7446 4.9
      vertex -41.1258 -22.7446 1.6
    endloop
  endfacet
  facet normal -0.740728 -0.671805 0
    outer loop
      vertex -41.1258 -22.7446 4.9
      vertex -40.9445 -22.9445 1.6
      vertex -40.9445 -22.9445 4.9
    endloop
  endfacet
  facet normal 0.970012 0.243059 0
    outer loop
      vertex -36.3028 -20.4635 4.9
      vertex -36.3684 -20.2017 1.6
      vertex -36.3684 -20.2017 4.9
    endloop
  endfacet
  facet normal 0.970012 0.243059 0
    outer loop
      vertex -36.3684 -20.2017 1.6
      vertex -36.3028 -20.4635 4.9
      vertex -36.3028 -20.4635 1.6
    endloop
  endfacet
  facet normal 0.941566 0.336829 0
    outer loop
      vertex -36.3684 -20.2017 4.9
      vertex -36.4593 -19.9476 1.6
      vertex -36.4593 -19.9476 4.9
    endloop
  endfacet
  facet normal 0.941566 0.336829 0
    outer loop
      vertex -36.4593 -19.9476 1.6
      vertex -36.3684 -20.2017 4.9
      vertex -36.3684 -20.2017 1.6
    endloop
  endfacet
  facet normal 0.740728 0.671805 0
    outer loop
      vertex -36.8742 -19.2554 4.9
      vertex -37.0555 -19.0555 1.6
      vertex -37.0555 -19.0555 4.9
    endloop
  endfacet
  facet normal 0.740728 0.671805 0
    outer loop
      vertex -37.0555 -19.0555 1.6
      vertex -36.8742 -19.2554 4.9
      vertex -36.8742 -19.2554 1.6
    endloop
  endfacet
  facet normal 0.803367 0.595485 0
    outer loop
      vertex -36.7135 -19.4722 4.9
      vertex -36.8742 -19.2554 1.6
      vertex -36.8742 -19.2554 4.9
    endloop
  endfacet
  facet normal 0.803367 0.595485 0
    outer loop
      vertex -36.8742 -19.2554 1.6
      vertex -36.7135 -19.4722 4.9
      vertex -36.7135 -19.4722 1.6
    endloop
  endfacet
  facet normal 0.671805 0.740728 -0
    outer loop
      vertex -37.0555 -19.0555 1.6
      vertex -37.2554 -18.8742 4.9
      vertex -37.0555 -19.0555 4.9
    endloop
  endfacet
  facet normal 0.671805 0.740728 0
    outer loop
      vertex -37.2554 -18.8742 4.9
      vertex -37.0555 -19.0555 1.6
      vertex -37.2554 -18.8742 1.6
    endloop
  endfacet
  facet normal 0.514223 0.857656 -0
    outer loop
      vertex -37.4722 -18.7135 1.6
      vertex -37.7037 -18.5747 4.9
      vertex -37.4722 -18.7135 4.9
    endloop
  endfacet
  facet normal 0.514223 0.857656 0
    outer loop
      vertex -37.7037 -18.5747 4.9
      vertex -37.4722 -18.7135 1.6
      vertex -37.7037 -18.5747 1.6
    endloop
  endfacet
  facet normal 0.0489209 0.998803 -0
    outer loop
      vertex -38.7305 -18.2632 1.6
      vertex -39 -18.25 4.9
      vertex -38.7305 -18.2632 4.9
    endloop
  endfacet
  facet normal 0.0489209 0.998803 0
    outer loop
      vertex -39 -18.25 4.9
      vertex -38.7305 -18.2632 1.6
      vertex -39 -18.25 1.6
    endloop
  endfacet
  facet normal 0.336829 0.941566 -0
    outer loop
      vertex -37.9476 -18.4593 1.6
      vertex -38.2017 -18.3684 4.9
      vertex -37.9476 -18.4593 4.9
    endloop
  endfacet
  facet normal 0.336829 0.941566 0
    outer loop
      vertex -38.2017 -18.3684 4.9
      vertex -37.9476 -18.4593 1.6
      vertex -38.2017 -18.3684 1.6
    endloop
  endfacet
  facet normal 0.243059 0.970012 -0
    outer loop
      vertex -38.2017 -18.3684 1.6
      vertex -38.4635 -18.3028 4.9
      vertex -38.2017 -18.3684 4.9
    endloop
  endfacet
  facet normal 0.243059 0.970012 0
    outer loop
      vertex -38.4635 -18.3028 4.9
      vertex -38.2017 -18.3684 1.6
      vertex -38.4635 -18.3028 1.6
    endloop
  endfacet
  facet normal -0.998803 0.0489209 0
    outer loop
      vertex -41.75 -21 1.6
      vertex -41.7368 -20.7305 4.9
      vertex -41.7368 -20.7305 1.6
    endloop
  endfacet
  facet normal -0.998803 0.0489209 0
    outer loop
      vertex -41.7368 -20.7305 4.9
      vertex -41.75 -21 1.6
      vertex -41.75 -21 4.9
    endloop
  endfacet
  facet normal -0.941566 0.336829 0
    outer loop
      vertex -41.6316 -20.2017 1.6
      vertex -41.5407 -19.9476 4.9
      vertex -41.5407 -19.9476 1.6
    endloop
  endfacet
  facet normal -0.941566 0.336829 0
    outer loop
      vertex -41.5407 -19.9476 4.9
      vertex -41.6316 -20.2017 1.6
      vertex -41.6316 -20.2017 4.9
    endloop
  endfacet
  facet normal -0.970012 0.243059 0
    outer loop
      vertex -41.6972 -20.4635 1.6
      vertex -41.6316 -20.2017 4.9
      vertex -41.6316 -20.2017 1.6
    endloop
  endfacet
  facet normal -0.970012 0.243059 0
    outer loop
      vertex -41.6316 -20.2017 4.9
      vertex -41.6972 -20.4635 1.6
      vertex -41.6972 -20.4635 4.9
    endloop
  endfacet
  facet normal -0.857656 0.514223 0
    outer loop
      vertex -41.4253 -19.7037 1.6
      vertex -41.2865 -19.4722 4.9
      vertex -41.2865 -19.4722 1.6
    endloop
  endfacet
  facet normal -0.857656 0.514223 0
    outer loop
      vertex -41.2865 -19.4722 4.9
      vertex -41.4253 -19.7037 1.6
      vertex -41.4253 -19.7037 4.9
    endloop
  endfacet
  facet normal -0.803367 0.595485 0
    outer loop
      vertex -41.2865 -19.4722 1.6
      vertex -41.1258 -19.2554 4.9
      vertex -41.1258 -19.2554 1.6
    endloop
  endfacet
  facet normal -0.803367 0.595485 0
    outer loop
      vertex -41.1258 -19.2554 4.9
      vertex -41.2865 -19.4722 1.6
      vertex -41.2865 -19.4722 4.9
    endloop
  endfacet
  facet normal -0.243059 0.970012 0
    outer loop
      vertex -39.5365 -18.3028 1.6
      vertex -39.7983 -18.3684 4.9
      vertex -39.5365 -18.3028 4.9
    endloop
  endfacet
  facet normal -0.243059 0.970012 0
    outer loop
      vertex -39.7983 -18.3684 4.9
      vertex -39.5365 -18.3028 1.6
      vertex -39.7983 -18.3684 1.6
    endloop
  endfacet
  facet normal -0.0489209 0.998803 0
    outer loop
      vertex -39 -18.25 1.6
      vertex -39.2695 -18.2632 4.9
      vertex -39 -18.25 4.9
    endloop
  endfacet
  facet normal -0.0489209 0.998803 0
    outer loop
      vertex -39.2695 -18.2632 4.9
      vertex -39 -18.25 1.6
      vertex -39.2695 -18.2632 1.6
    endloop
  endfacet
  facet normal -0.514223 0.857656 0
    outer loop
      vertex -40.2963 -18.5747 1.6
      vertex -40.5278 -18.7135 4.9
      vertex -40.2963 -18.5747 4.9
    endloop
  endfacet
  facet normal -0.514223 0.857656 0
    outer loop
      vertex -40.5278 -18.7135 4.9
      vertex -40.2963 -18.5747 1.6
      vertex -40.5278 -18.7135 1.6
    endloop
  endfacet
  facet normal -0.595485 0.803367 0
    outer loop
      vertex -40.5278 -18.7135 1.6
      vertex -40.7446 -18.8742 4.9
      vertex -40.5278 -18.7135 4.9
    endloop
  endfacet
  facet normal -0.595485 0.803367 0
    outer loop
      vertex -40.7446 -18.8742 4.9
      vertex -40.5278 -18.7135 1.6
      vertex -40.7446 -18.8742 1.6
    endloop
  endfacet
  facet normal -0.427688 0.903926 0
    outer loop
      vertex -40.0524 -18.4593 1.6
      vertex -40.2963 -18.5747 4.9
      vertex -40.0524 -18.4593 4.9
    endloop
  endfacet
  facet normal -0.427688 0.903926 0
    outer loop
      vertex -40.2963 -18.5747 4.9
      vertex -40.0524 -18.4593 1.6
      vertex -40.2963 -18.5747 1.6
    endloop
  endfacet
  facet normal -0.671805 0.740728 0
    outer loop
      vertex -40.7446 -18.8742 1.6
      vertex -40.9445 -19.0555 4.9
      vertex -40.7446 -18.8742 4.9
    endloop
  endfacet
  facet normal -0.671805 0.740728 0
    outer loop
      vertex -40.9445 -19.0555 4.9
      vertex -40.7446 -18.8742 1.6
      vertex -40.9445 -19.0555 1.6
    endloop
  endfacet
  facet normal 0.998803 0.0489209 0
    outer loop
      vertex -36.25 -21 4.9
      vertex -36.2632 -20.7305 1.6
      vertex -36.2632 -20.7305 4.9
    endloop
  endfacet
  facet normal 0.998803 0.0489209 0
    outer loop
      vertex -36.2632 -20.7305 1.6
      vertex -36.25 -21 4.9
      vertex -36.25 -21 1.6
    endloop
  endfacet
  facet normal 0.0489209 -0.998803 0
    outer loop
      vertex -39 -23.75 1.6
      vertex -38.7305 -23.7368 4.9
      vertex -39 -23.75 4.9
    endloop
  endfacet
  facet normal 0.0489209 -0.998803 0
    outer loop
      vertex -38.7305 -23.7368 4.9
      vertex -39 -23.75 1.6
      vertex -38.7305 -23.7368 1.6
    endloop
  endfacet
  facet normal 0.903926 -0.427688 0
    outer loop
      vertex -36.5747 -22.2963 4.9
      vertex -36.4593 -22.0524 1.6
      vertex -36.4593 -22.0524 4.9
    endloop
  endfacet
  facet normal 0.903926 -0.427688 0
    outer loop
      vertex -36.4593 -22.0524 1.6
      vertex -36.5747 -22.2963 4.9
      vertex -36.5747 -22.2963 1.6
    endloop
  endfacet
  facet normal 0.14671 -0.98918 0
    outer loop
      vertex -38.7305 -23.7368 1.6
      vertex -38.4635 -23.6972 4.9
      vertex -38.7305 -23.7368 4.9
    endloop
  endfacet
  facet normal 0.14671 -0.98918 0
    outer loop
      vertex -38.4635 -23.6972 4.9
      vertex -38.7305 -23.7368 1.6
      vertex -38.4635 -23.6972 1.6
    endloop
  endfacet
  facet normal 0.740728 -0.671805 0
    outer loop
      vertex -37.0555 -22.9445 4.9
      vertex -36.8742 -22.7446 1.6
      vertex -36.8742 -22.7446 4.9
    endloop
  endfacet
  facet normal 0.740728 -0.671805 0
    outer loop
      vertex -36.8742 -22.7446 1.6
      vertex -37.0555 -22.9445 4.9
      vertex -37.0555 -22.9445 1.6
    endloop
  endfacet
  facet normal 0.671805 -0.740728 0
    outer loop
      vertex -37.2554 -23.1258 1.6
      vertex -37.0555 -22.9445 4.9
      vertex -37.2554 -23.1258 4.9
    endloop
  endfacet
  facet normal 0.671805 -0.740728 0
    outer loop
      vertex -37.0555 -22.9445 4.9
      vertex -37.2554 -23.1258 1.6
      vertex -37.0555 -22.9445 1.6
    endloop
  endfacet
  facet normal 0.514223 -0.857656 0
    outer loop
      vertex -37.7037 -23.4253 1.6
      vertex -37.4722 -23.2865 4.9
      vertex -37.7037 -23.4253 4.9
    endloop
  endfacet
  facet normal 0.514223 -0.857656 0
    outer loop
      vertex -37.4722 -23.2865 4.9
      vertex -37.7037 -23.4253 1.6
      vertex -37.4722 -23.2865 1.6
    endloop
  endfacet
  facet normal -0.0489209 -0.998803 0
    outer loop
      vertex -39.2695 -23.7368 1.6
      vertex -39 -23.75 4.9
      vertex -39.2695 -23.7368 4.9
    endloop
  endfacet
  facet normal -0.0489209 -0.998803 -0
    outer loop
      vertex -39 -23.75 4.9
      vertex -39.2695 -23.7368 1.6
      vertex -39 -23.75 1.6
    endloop
  endfacet
  facet normal -0.336829 -0.941566 0
    outer loop
      vertex -40.0524 -23.5407 1.6
      vertex -39.7983 -23.6316 4.9
      vertex -40.0524 -23.5407 4.9
    endloop
  endfacet
  facet normal -0.336829 -0.941566 -0
    outer loop
      vertex -39.7983 -23.6316 4.9
      vertex -40.0524 -23.5407 1.6
      vertex -39.7983 -23.6316 1.6
    endloop
  endfacet
  facet normal -0.514223 -0.857656 0
    outer loop
      vertex -40.5278 -23.2865 1.6
      vertex -40.2963 -23.4253 4.9
      vertex -40.5278 -23.2865 4.9
    endloop
  endfacet
  facet normal -0.514223 -0.857656 -0
    outer loop
      vertex -40.2963 -23.4253 4.9
      vertex -40.5278 -23.2865 1.6
      vertex -40.2963 -23.4253 1.6
    endloop
  endfacet
  facet normal -0.970012 -0.243059 0
    outer loop
      vertex -41.6316 -21.7983 1.6
      vertex -41.6972 -21.5365 4.9
      vertex -41.6972 -21.5365 1.6
    endloop
  endfacet
  facet normal -0.970012 -0.243059 0
    outer loop
      vertex -41.6972 -21.5365 4.9
      vertex -41.6316 -21.7983 1.6
      vertex -41.6316 -21.7983 4.9
    endloop
  endfacet
  facet normal -0.998803 -0.0489209 0
    outer loop
      vertex -41.7368 -21.2695 1.6
      vertex -41.75 -21 4.9
      vertex -41.75 -21 1.6
    endloop
  endfacet
  facet normal -0.998803 -0.0489209 0
    outer loop
      vertex -41.75 -21 4.9
      vertex -41.7368 -21.2695 1.6
      vertex -41.7368 -21.2695 4.9
    endloop
  endfacet
  facet normal -0.803367 -0.595485 0
    outer loop
      vertex -41.1258 -22.7446 1.6
      vertex -41.2865 -22.5278 4.9
      vertex -41.2865 -22.5278 1.6
    endloop
  endfacet
  facet normal -0.803367 -0.595485 0
    outer loop
      vertex -41.2865 -22.5278 4.9
      vertex -41.1258 -22.7446 1.6
      vertex -41.1258 -22.7446 4.9
    endloop
  endfacet
  facet normal -0.857656 -0.514223 0
    outer loop
      vertex -41.2865 -22.5278 1.6
      vertex -41.4253 -22.2963 4.9
      vertex -41.4253 -22.2963 1.6
    endloop
  endfacet
  facet normal -0.857656 -0.514223 0
    outer loop
      vertex -41.4253 -22.2963 4.9
      vertex -41.2865 -22.5278 1.6
      vertex -41.2865 -22.5278 4.9
    endloop
  endfacet
  facet normal -0.903926 -0.427688 0
    outer loop
      vertex -41.4253 -22.2963 1.6
      vertex -41.5407 -22.0524 4.9
      vertex -41.5407 -22.0524 1.6
    endloop
  endfacet
  facet normal -0.903926 -0.427688 0
    outer loop
      vertex -41.5407 -22.0524 4.9
      vertex -41.4253 -22.2963 1.6
      vertex -41.4253 -22.2963 4.9
    endloop
  endfacet
  facet normal 0.98918 0.14671 0
    outer loop
      vertex -36.2632 -20.7305 4.9
      vertex -36.3028 -20.4635 1.6
      vertex -36.3028 -20.4635 4.9
    endloop
  endfacet
  facet normal 0.98918 0.14671 0
    outer loop
      vertex -36.3028 -20.4635 1.6
      vertex -36.2632 -20.7305 4.9
      vertex -36.2632 -20.7305 1.6
    endloop
  endfacet
  facet normal 0.14671 0.98918 -0
    outer loop
      vertex -38.4635 -18.3028 1.6
      vertex -38.7305 -18.2632 4.9
      vertex -38.4635 -18.3028 4.9
    endloop
  endfacet
  facet normal 0.14671 0.98918 0
    outer loop
      vertex -38.7305 -18.2632 4.9
      vertex -38.4635 -18.3028 1.6
      vertex -38.7305 -18.2632 1.6
    endloop
  endfacet
  facet normal 0 0 1
    outer loop
      vertex -37.75 -21 4.9
      vertex -36.25 -21 4.9
      vertex -36.2632 -20.7305 4.9
    endloop
  endfacet
  facet normal 0 0 1
    outer loop
      vertex -37.756 -20.8775 4.9
      vertex -36.2632 -20.7305 4.9
      vertex -36.3028 -20.4635 4.9
    endloop
  endfacet
  facet normal 0 0 1
    outer loop
      vertex -36.25 -21 4.9
      vertex -37.75 -21 4.9
      vertex -36.2632 -21.2695 4.9
    endloop
  endfacet
  facet normal 0 0 1
    outer loop
      vertex -37.774 -20.7561 4.9
      vertex -36.3028 -20.4635 4.9
      vertex -36.3684 -20.2017 4.9
    endloop
  endfacet
  facet normal -0 0 1
    outer loop
      vertex -37.756 -21.1225 4.9
      vertex -36.2632 -21.2695 4.9
      vertex -37.75 -21 4.9
    endloop
  endfacet
  facet normal 0 0 1
    outer loop
      vertex -37.8038 -20.6371 4.9
      vertex -36.3684 -20.2017 4.9
      vertex -36.4593 -19.9476 4.9
    endloop
  endfacet
  facet normal 0 0 1
    outer loop
      vertex -36.2632 -21.2695 4.9
      vertex -37.756 -21.1225 4.9
      vertex -36.3028 -21.5365 4.9
    endloop
  endfacet
  facet normal 0 0 1
    outer loop
      vertex -37.8451 -20.5216 4.9
      vertex -36.4593 -19.9476 4.9
      vertex -36.5747 -19.7037 4.9
    endloop
  endfacet
  facet normal -0 0 1
    outer loop
      vertex -37.774 -21.2439 4.9
      vertex -36.3028 -21.5365 4.9
      vertex -37.756 -21.1225 4.9
    endloop
  endfacet
  facet normal 0 0 1
    outer loop
      vertex -37.8976 -20.4108 4.9
      vertex -36.5747 -19.7037 4.9
      vertex -36.7135 -19.4722 4.9
    endloop
  endfacet
  facet normal 0 0 1
    outer loop
      vertex -36.3028 -21.5365 4.9
      vertex -37.774 -21.2439 4.9
      vertex -36.3684 -21.7983 4.9
    endloop
  endfacet
  facet normal 0 0 1
    outer loop
      vertex -37.9607 -20.3055 4.9
      vertex -36.7135 -19.4722 4.9
      vertex -36.8742 -19.2554 4.9
    endloop
  endfacet
  facet normal -0 0 1
    outer loop
      vertex -37.8038 -21.3629 4.9
      vertex -36.3684 -21.7983 4.9
      vertex -37.774 -21.2439 4.9
    endloop
  endfacet
  facet normal 0 0 1
    outer loop
      vertex -38.0337 -20.207 4.9
      vertex -36.8742 -19.2554 4.9
      vertex -37.0555 -19.0555 4.9
    endloop
  endfacet
  facet normal 0 0 1
    outer loop
      vertex -36.3684 -21.7983 4.9
      vertex -37.8038 -21.3629 4.9
      vertex -36.4593 -22.0524 4.9
    endloop
  endfacet
  facet normal 0 0 1
    outer loop
      vertex -38.1161 -20.1161 4.9
      vertex -37.0555 -19.0555 4.9
      vertex -37.2554 -18.8742 4.9
    endloop
  endfacet
  facet normal -0 0 1
    outer loop
      vertex -37.8451 -21.4784 4.9
      vertex -36.4593 -22.0524 4.9
      vertex -37.8038 -21.3629 4.9
    endloop
  endfacet
  facet normal 0 0 1
    outer loop
      vertex -38.207 -20.0337 4.9
      vertex -37.2554 -18.8742 4.9
      vertex -37.4722 -18.7135 4.9
    endloop
  endfacet
  facet normal 0 0 1
    outer loop
      vertex -36.4593 -22.0524 4.9
      vertex -37.8451 -21.4784 4.9
      vertex -36.5747 -22.2963 4.9
    endloop
  endfacet
  facet normal 0 0 1
    outer loop
      vertex -38.3055 -19.9607 4.9
      vertex -37.4722 -18.7135 4.9
      vertex -37.7037 -18.5747 4.9
    endloop
  endfacet
  facet normal -0 0 1
    outer loop
      vertex -37.8976 -21.5892 4.9
      vertex -36.5747 -22.2963 4.9
      vertex -37.8451 -21.4784 4.9
    endloop
  endfacet
  facet normal 0 0 1
    outer loop
      vertex -36.5747 -22.2963 4.9
      vertex -37.8976 -21.5892 4.9
      vertex -36.7135 -22.5278 4.9
    endloop
  endfacet
  facet normal 0 0 1
    outer loop
      vertex -36.2632 -20.7305 4.9
      vertex -37.756 -20.8775 4.9
      vertex -37.75 -21 4.9
    endloop
  endfacet
  facet normal 0 0 1
    outer loop
      vertex -36.3028 -20.4635 4.9
      vertex -37.774 -20.7561 4.9
      vertex -37.756 -20.8775 4.9
    endloop
  endfacet
  facet normal 0 0 1
    outer loop
      vertex -36.3684 -20.2017 4.9
      vertex -37.8038 -20.6371 4.9
      vertex -37.774 -20.7561 4.9
    endloop
  endfacet
  facet normal 0 0 1
    outer loop
      vertex -36.4593 -19.9476 4.9
      vertex -37.8451 -20.5216 4.9
      vertex -37.8038 -20.6371 4.9
    endloop
  endfacet
  facet normal 0 0 1
    outer loop
      vertex -36.5747 -19.7037 4.9
      vertex -37.8976 -20.4108 4.9
      vertex -37.8451 -20.5216 4.9
    endloop
  endfacet
  facet normal 0 0 1
    outer loop
      vertex -38.4108 -19.8976 4.9
      vertex -37.7037 -18.5747 4.9
      vertex -37.9476 -18.4593 4.9
    endloop
  endfacet
  facet normal 0 0 1
    outer loop
      vertex -36.7135 -19.4722 4.9
      vertex -37.9607 -20.3055 4.9
      vertex -37.8976 -20.4108 4.9
    endloop
  endfacet
  facet normal 0 0 1
    outer loop
      vertex -36.8742 -19.2554 4.9
      vertex -38.0337 -20.207 4.9
      vertex -37.9607 -20.3055 4.9
    endloop
  endfacet
  facet normal 0 0 1
    outer loop
      vertex -37.0555 -19.0555 4.9
      vertex -38.1161 -20.1161 4.9
      vertex -38.0337 -20.207 4.9
    endloop
  endfacet
  facet normal 0 0 1
    outer loop
      vertex -38.5216 -19.8451 4.9
      vertex -37.9476 -18.4593 4.9
      vertex -38.2017 -18.3684 4.9
    endloop
  endfacet
  facet normal 0 0 1
    outer loop
      vertex -37.2554 -18.8742 4.9
      vertex -38.207 -20.0337 4.9
      vertex -38.1161 -20.1161 4.9
    endloop
  endfacet
  facet normal 0 0 1
    outer loop
      vertex -37.4722 -18.7135 4.9
      vertex -38.3055 -19.9607 4.9
      vertex -38.207 -20.0337 4.9
    endloop
  endfacet
  facet normal 0 0 1
    outer loop
      vertex -37.7037 -18.5747 4.9
      vertex -38.4108 -19.8976 4.9
      vertex -38.3055 -19.9607 4.9
    endloop
  endfacet
  facet normal 0 0 1
    outer loop
      vertex -38.6371 -19.8038 4.9
      vertex -38.2017 -18.3684 4.9
      vertex -38.4635 -18.3028 4.9
    endloop
  endfacet
  facet normal 0 0 1
    outer loop
      vertex -37.9476 -18.4593 4.9
      vertex -38.5216 -19.8451 4.9
      vertex -38.4108 -19.8976 4.9
    endloop
  endfacet
  facet normal 0 0 1
    outer loop
      vertex -38.2017 -18.3684 4.9
      vertex -38.6371 -19.8038 4.9
      vertex -38.5216 -19.8451 4.9
    endloop
  endfacet
  facet normal 0 0 1
    outer loop
      vertex -38.7561 -19.774 4.9
      vertex -38.4635 -18.3028 4.9
      vertex -38.7305 -18.2632 4.9
    endloop
  endfacet
  facet normal 0 0 1
    outer loop
      vertex -38.4635 -18.3028 4.9
      vertex -38.7561 -19.774 4.9
      vertex -38.6371 -19.8038 4.9
    endloop
  endfacet
  facet normal 0 0 1
    outer loop
      vertex -38.7305 -18.2632 4.9
      vertex -38.8775 -19.756 4.9
      vertex -38.7561 -19.774 4.9
    endloop
  endfacet
  facet normal 0 0 1
    outer loop
      vertex -39 -18.25 4.9
      vertex -38.8775 -19.756 4.9
      vertex -38.7305 -18.2632 4.9
    endloop
  endfacet
  facet normal 0 0 1
    outer loop
      vertex -39 -18.25 4.9
      vertex -39 -19.75 4.9
      vertex -38.8775 -19.756 4.9
    endloop
  endfacet
  facet normal 0 0 1
    outer loop
      vertex -39 -18.25 4.9
      vertex -39.1225 -19.756 4.9
      vertex -39 -19.75 4.9
    endloop
  endfacet
  facet normal -0 0 1
    outer loop
      vertex -39.2695 -18.2632 4.9
      vertex -39.1225 -19.756 4.9
      vertex -39 -18.25 4.9
    endloop
  endfacet
  facet normal 0 0 1
    outer loop
      vertex -39.1225 -19.756 4.9
      vertex -39.2695 -18.2632 4.9
      vertex -39.2439 -19.774 4.9
    endloop
  endfacet
  facet normal -0 0 1
    outer loop
      vertex -39.5365 -18.3028 4.9
      vertex -39.2439 -19.774 4.9
      vertex -39.2695 -18.2632 4.9
    endloop
  endfacet
  facet normal 0 0 1
    outer loop
      vertex -39.2439 -19.774 4.9
      vertex -39.5365 -18.3028 4.9
      vertex -39.3629 -19.8038 4.9
    endloop
  endfacet
  facet normal -0 0 1
    outer loop
      vertex -39.7983 -18.3684 4.9
      vertex -39.3629 -19.8038 4.9
      vertex -39.5365 -18.3028 4.9
    endloop
  endfacet
  facet normal 0 0 1
    outer loop
      vertex -39.3629 -19.8038 4.9
      vertex -39.7983 -18.3684 4.9
      vertex -39.4784 -19.8451 4.9
    endloop
  endfacet
  facet normal -0 0 1
    outer loop
      vertex -40.0524 -18.4593 4.9
      vertex -39.4784 -19.8451 4.9
      vertex -39.7983 -18.3684 4.9
    endloop
  endfacet
  facet normal 0 0 1
    outer loop
      vertex -39.4784 -19.8451 4.9
      vertex -40.0524 -18.4593 4.9
      vertex -39.5892 -19.8976 4.9
    endloop
  endfacet
  facet normal -0 0 1
    outer loop
      vertex -40.2963 -18.5747 4.9
      vertex -39.5892 -19.8976 4.9
      vertex -40.0524 -18.4593 4.9
    endloop
  endfacet
  facet normal 0 0 1
    outer loop
      vertex -39.5892 -19.8976 4.9
      vertex -40.2963 -18.5747 4.9
      vertex -39.6945 -19.9607 4.9
    endloop
  endfacet
  facet normal -0 0 1
    outer loop
      vertex -40.5278 -18.7135 4.9
      vertex -39.6945 -19.9607 4.9
      vertex -40.2963 -18.5747 4.9
    endloop
  endfacet
  facet normal 0 0 1
    outer loop
      vertex -39.6945 -19.9607 4.9
      vertex -40.5278 -18.7135 4.9
      vertex -39.793 -20.0337 4.9
    endloop
  endfacet
  facet normal -0 0 1
    outer loop
      vertex -40.7446 -18.8742 4.9
      vertex -39.793 -20.0337 4.9
      vertex -40.5278 -18.7135 4.9
    endloop
  endfacet
  facet normal 0 0 1
    outer loop
      vertex -39.793 -20.0337 4.9
      vertex -40.7446 -18.8742 4.9
      vertex -39.8839 -20.1161 4.9
    endloop
  endfacet
  facet normal -0 0 1
    outer loop
      vertex -40.9445 -19.0555 4.9
      vertex -39.8839 -20.1161 4.9
      vertex -40.7446 -18.8742 4.9
    endloop
  endfacet
  facet normal 0 0 1
    outer loop
      vertex -39.8839 -20.1161 4.9
      vertex -40.9445 -19.0555 4.9
      vertex -39.9663 -20.207 4.9
    endloop
  endfacet
  facet normal -0 0 1
    outer loop
      vertex -41.1258 -19.2554 4.9
      vertex -39.9663 -20.207 4.9
      vertex -40.9445 -19.0555 4.9
    endloop
  endfacet
  facet normal 0 0 1
    outer loop
      vertex -39.9663 -20.207 4.9
      vertex -41.1258 -19.2554 4.9
      vertex -40.0393 -20.3055 4.9
    endloop
  endfacet
  facet normal 0 0 1
    outer loop
      vertex -40.0393 -20.3055 4.9
      vertex -41.2865 -19.4722 4.9
      vertex -40.1024 -20.4108 4.9
    endloop
  endfacet
  facet normal -0 0 1
    outer loop
      vertex -41.2865 -19.4722 4.9
      vertex -40.0393 -20.3055 4.9
      vertex -41.1258 -19.2554 4.9
    endloop
  endfacet
  facet normal -0 0 1
    outer loop
      vertex -37.9607 -21.6945 4.9
      vertex -36.7135 -22.5278 4.9
      vertex -37.8976 -21.5892 4.9
    endloop
  endfacet
  facet normal 0 0 1
    outer loop
      vertex -36.7135 -22.5278 4.9
      vertex -37.9607 -21.6945 4.9
      vertex -36.8742 -22.7446 4.9
    endloop
  endfacet
  facet normal -0 0 1
    outer loop
      vertex -38.0337 -21.793 4.9
      vertex -36.8742 -22.7446 4.9
      vertex -37.9607 -21.6945 4.9
    endloop
  endfacet
  facet normal 0 0 1
    outer loop
      vertex -36.8742 -22.7446 4.9
      vertex -38.0337 -21.793 4.9
      vertex -37.0555 -22.9445 4.9
    endloop
  endfacet
  facet normal -0 0 1
    outer loop
      vertex -38.1161 -21.8839 4.9
      vertex -37.0555 -22.9445 4.9
      vertex -38.0337 -21.793 4.9
    endloop
  endfacet
  facet normal 0 0 1
    outer loop
      vertex -37.0555 -22.9445 4.9
      vertex -38.1161 -21.8839 4.9
      vertex -37.2554 -23.1258 4.9
    endloop
  endfacet
  facet normal -0 0 1
    outer loop
      vertex -38.207 -21.9663 4.9
      vertex -37.2554 -23.1258 4.9
      vertex -38.1161 -21.8839 4.9
    endloop
  endfacet
  facet normal 0 0 1
    outer loop
      vertex -37.2554 -23.1258 4.9
      vertex -38.207 -21.9663 4.9
      vertex -37.4722 -23.2865 4.9
    endloop
  endfacet
  facet normal -0 0 1
    outer loop
      vertex -38.3055 -22.0393 4.9
      vertex -37.4722 -23.2865 4.9
      vertex -38.207 -21.9663 4.9
    endloop
  endfacet
  facet normal 0 0 1
    outer loop
      vertex -37.4722 -23.2865 4.9
      vertex -38.3055 -22.0393 4.9
      vertex -37.7037 -23.4253 4.9
    endloop
  endfacet
  facet normal -0 0 1
    outer loop
      vertex -38.4108 -22.1024 4.9
      vertex -37.7037 -23.4253 4.9
      vertex -38.3055 -22.0393 4.9
    endloop
  endfacet
  facet normal 0 0 1
    outer loop
      vertex -37.7037 -23.4253 4.9
      vertex -38.4108 -22.1024 4.9
      vertex -37.9476 -23.5407 4.9
    endloop
  endfacet
  facet normal -0 0 1
    outer loop
      vertex -38.5216 -22.1549 4.9
      vertex -37.9476 -23.5407 4.9
      vertex -38.4108 -22.1024 4.9
    endloop
  endfacet
  facet normal 0 0 1
    outer loop
      vertex -37.9476 -23.5407 4.9
      vertex -38.5216 -22.1549 4.9
      vertex -38.2017 -23.6316 4.9
    endloop
  endfacet
  facet normal -0 0 1
    outer loop
      vertex -38.6371 -22.1962 4.9
      vertex -38.2017 -23.6316 4.9
      vertex -38.5216 -22.1549 4.9
    endloop
  endfacet
  facet normal 0 0 1
    outer loop
      vertex -38.2017 -23.6316 4.9
      vertex -38.6371 -22.1962 4.9
      vertex -38.4635 -23.6972 4.9
    endloop
  endfacet
  facet normal -0 0 1
    outer loop
      vertex -38.7561 -22.226 4.9
      vertex -38.4635 -23.6972 4.9
      vertex -38.6371 -22.1962 4.9
    endloop
  endfacet
  facet normal 0 0 1
    outer loop
      vertex -38.4635 -23.6972 4.9
      vertex -38.7561 -22.226 4.9
      vertex -38.7305 -23.7368 4.9
    endloop
  endfacet
  facet normal -0 0 1
    outer loop
      vertex -38.8775 -22.244 4.9
      vertex -38.7305 -23.7368 4.9
      vertex -38.7561 -22.226 4.9
    endloop
  endfacet
  facet normal -0 0 1
    outer loop
      vertex -39 -22.25 4.9
      vertex -38.7305 -23.7368 4.9
      vertex -38.8775 -22.244 4.9
    endloop
  endfacet
  facet normal 0 0 1
    outer loop
      vertex -39 -22.25 4.9
      vertex -39 -23.75 4.9
      vertex -38.7305 -23.7368 4.9
    endloop
  endfacet
  facet normal 0 0 1
    outer loop
      vertex -39.1225 -22.244 4.9
      vertex -39 -23.75 4.9
      vertex -39 -22.25 4.9
    endloop
  endfacet
  facet normal 0 0 1
    outer loop
      vertex -39.2695 -23.7368 4.9
      vertex -39.1225 -22.244 4.9
      vertex -39.2439 -22.226 4.9
    endloop
  endfacet
  facet normal 0 0 1
    outer loop
      vertex -39.1225 -22.244 4.9
      vertex -39.2695 -23.7368 4.9
      vertex -39 -23.75 4.9
    endloop
  endfacet
  facet normal 0 0 1
    outer loop
      vertex -39.5365 -23.6972 4.9
      vertex -39.2439 -22.226 4.9
      vertex -39.3629 -22.1962 4.9
    endloop
  endfacet
  facet normal 0 0 1
    outer loop
      vertex -39.7983 -23.6316 4.9
      vertex -39.3629 -22.1962 4.9
      vertex -39.4784 -22.1549 4.9
    endloop
  endfacet
  facet normal 0 0 1
    outer loop
      vertex -39.2439 -22.226 4.9
      vertex -39.5365 -23.6972 4.9
      vertex -39.2695 -23.7368 4.9
    endloop
  endfacet
  facet normal 0 0 1
    outer loop
      vertex -40.0524 -23.5407 4.9
      vertex -39.4784 -22.1549 4.9
      vertex -39.5892 -22.1024 4.9
    endloop
  endfacet
  facet normal 0 0 1
    outer loop
      vertex -40.2963 -23.4253 4.9
      vertex -39.5892 -22.1024 4.9
      vertex -39.6945 -22.0393 4.9
    endloop
  endfacet
  facet normal 0 0 1
    outer loop
      vertex -40.5278 -23.2865 4.9
      vertex -39.6945 -22.0393 4.9
      vertex -39.793 -21.9663 4.9
    endloop
  endfacet
  facet normal 0 0 1
    outer loop
      vertex -39.3629 -22.1962 4.9
      vertex -39.7983 -23.6316 4.9
      vertex -39.5365 -23.6972 4.9
    endloop
  endfacet
  facet normal 0 0 1
    outer loop
      vertex -40.7446 -23.1258 4.9
      vertex -39.793 -21.9663 4.9
      vertex -39.8839 -21.8839 4.9
    endloop
  endfacet
  facet normal 0 0 1
    outer loop
      vertex -40.9445 -22.9445 4.9
      vertex -39.8839 -21.8839 4.9
      vertex -39.9663 -21.793 4.9
    endloop
  endfacet
  facet normal 0 0 1
    outer loop
      vertex -41.1258 -22.7446 4.9
      vertex -39.9663 -21.793 4.9
      vertex -40.0393 -21.6945 4.9
    endloop
  endfacet
  facet normal 0 0 1
    outer loop
      vertex -39.4784 -22.1549 4.9
      vertex -40.0524 -23.5407 4.9
      vertex -39.7983 -23.6316 4.9
    endloop
  endfacet
  facet normal 0 0 1
    outer loop
      vertex -41.2865 -22.5278 4.9
      vertex -40.0393 -21.6945 4.9
      vertex -40.1024 -21.5892 4.9
    endloop
  endfacet
  facet normal 0 0 1
    outer loop
      vertex -41.4253 -22.2963 4.9
      vertex -40.1024 -21.5892 4.9
      vertex -40.1549 -21.4784 4.9
    endloop
  endfacet
  facet normal 0 0 1
    outer loop
      vertex -41.5407 -22.0524 4.9
      vertex -40.1549 -21.4784 4.9
      vertex -40.1962 -21.3629 4.9
    endloop
  endfacet
  facet normal 0 0 1
    outer loop
      vertex -41.6316 -21.7983 4.9
      vertex -40.1962 -21.3629 4.9
      vertex -40.226 -21.2439 4.9
    endloop
  endfacet
  facet normal 0 0 1
    outer loop
      vertex -41.6972 -21.5365 4.9
      vertex -40.226 -21.2439 4.9
      vertex -40.244 -21.1225 4.9
    endloop
  endfacet
  facet normal 0 0 1
    outer loop
      vertex -39.5892 -22.1024 4.9
      vertex -40.2963 -23.4253 4.9
      vertex -40.0524 -23.5407 4.9
    endloop
  endfacet
  facet normal 0 0 1
    outer loop
      vertex -41.7368 -21.2695 4.9
      vertex -40.244 -21.1225 4.9
      vertex -40.25 -21 4.9
    endloop
  endfacet
  facet normal -0 0 1
    outer loop
      vertex -41.4253 -19.7037 4.9
      vertex -40.1024 -20.4108 4.9
      vertex -41.2865 -19.4722 4.9
    endloop
  endfacet
  facet normal 0 0 1
    outer loop
      vertex -40.1024 -20.4108 4.9
      vertex -41.4253 -19.7037 4.9
      vertex -40.1549 -20.5216 4.9
    endloop
  endfacet
  facet normal 0 0 1
    outer loop
      vertex -39.6945 -22.0393 4.9
      vertex -40.5278 -23.2865 4.9
      vertex -40.2963 -23.4253 4.9
    endloop
  endfacet
  facet normal -0 0 1
    outer loop
      vertex -41.5407 -19.9476 4.9
      vertex -40.1549 -20.5216 4.9
      vertex -41.4253 -19.7037 4.9
    endloop
  endfacet
  facet normal 0 0 1
    outer loop
      vertex -39.793 -21.9663 4.9
      vertex -40.7446 -23.1258 4.9
      vertex -40.5278 -23.2865 4.9
    endloop
  endfacet
  facet normal 0 0 1
    outer loop
      vertex -40.1549 -20.5216 4.9
      vertex -41.5407 -19.9476 4.9
      vertex -40.1962 -20.6371 4.9
    endloop
  endfacet
  facet normal 0 0 1
    outer loop
      vertex -39.8839 -21.8839 4.9
      vertex -40.9445 -22.9445 4.9
      vertex -40.7446 -23.1258 4.9
    endloop
  endfacet
  facet normal -0 0 1
    outer loop
      vertex -41.6316 -20.2017 4.9
      vertex -40.1962 -20.6371 4.9
      vertex -41.5407 -19.9476 4.9
    endloop
  endfacet
  facet normal 0 0 1
    outer loop
      vertex -39.9663 -21.793 4.9
      vertex -41.1258 -22.7446 4.9
      vertex -40.9445 -22.9445 4.9
    endloop
  endfacet
  facet normal 0 0 1
    outer loop
      vertex -40.1962 -20.6371 4.9
      vertex -41.6316 -20.2017 4.9
      vertex -40.226 -20.7561 4.9
    endloop
  endfacet
  facet normal 0 0 1
    outer loop
      vertex -40.0393 -21.6945 4.9
      vertex -41.2865 -22.5278 4.9
      vertex -41.1258 -22.7446 4.9
    endloop
  endfacet
  facet normal -0 0 1
    outer loop
      vertex -41.6972 -20.4635 4.9
      vertex -40.226 -20.7561 4.9
      vertex -41.6316 -20.2017 4.9
    endloop
  endfacet
  facet normal 0 0 1
    outer loop
      vertex -40.1024 -21.5892 4.9
      vertex -41.4253 -22.2963 4.9
      vertex -41.2865 -22.5278 4.9
    endloop
  endfacet
  facet normal 0 0 1
    outer loop
      vertex -40.226 -20.7561 4.9
      vertex -41.6972 -20.4635 4.9
      vertex -40.244 -20.8775 4.9
    endloop
  endfacet
  facet normal 0 0 1
    outer loop
      vertex -40.1549 -21.4784 4.9
      vertex -41.5407 -22.0524 4.9
      vertex -41.4253 -22.2963 4.9
    endloop
  endfacet
  facet normal -0 0 1
    outer loop
      vertex -41.7368 -20.7305 4.9
      vertex -40.244 -20.8775 4.9
      vertex -41.6972 -20.4635 4.9
    endloop
  endfacet
  facet normal 0 0 1
    outer loop
      vertex -40.1962 -21.3629 4.9
      vertex -41.6316 -21.7983 4.9
      vertex -41.5407 -22.0524 4.9
    endloop
  endfacet
  facet normal 0 0 1
    outer loop
      vertex -40.244 -20.8775 4.9
      vertex -41.7368 -20.7305 4.9
      vertex -40.25 -21 4.9
    endloop
  endfacet
  facet normal 0 0 1
    outer loop
      vertex -40.226 -21.2439 4.9
      vertex -41.6972 -21.5365 4.9
      vertex -41.6316 -21.7983 4.9
    endloop
  endfacet
  facet normal 0 0 1
    outer loop
      vertex -41.75 -21 4.9
      vertex -40.25 -21 4.9
      vertex -41.7368 -20.7305 4.9
    endloop
  endfacet
  facet normal 0 0 1
    outer loop
      vertex -40.244 -21.1225 4.9
      vertex -41.7368 -21.2695 4.9
      vertex -41.6972 -21.5365 4.9
    endloop
  endfacet
  facet normal 0 0 1
    outer loop
      vertex -40.25 -21 4.9
      vertex -41.75 -21 4.9
      vertex -41.7368 -21.2695 4.9
    endloop
  endfacet
  facet normal -0.98918 0.14671 0
    outer loop
      vertex -41.7368 -20.7305 1.6
      vertex -41.6972 -20.4635 4.9
      vertex -41.6972 -20.4635 1.6
    endloop
  endfacet
  facet normal -0.98918 0.14671 0
    outer loop
      vertex -41.6972 -20.4635 4.9
      vertex -41.7368 -20.7305 1.6
      vertex -41.7368 -20.7305 4.9
    endloop
  endfacet
  facet normal 0.98918 -0.14671 0
    outer loop
      vertex -36.3028 -21.5365 4.9
      vertex -36.2632 -21.2695 1.6
      vertex -36.2632 -21.2695 4.9
    endloop
  endfacet
  facet normal 0.98918 -0.14671 0
    outer loop
      vertex -36.2632 -21.2695 1.6
      vertex -36.3028 -21.5365 4.9
      vertex -36.3028 -21.5365 1.6
    endloop
  endfacet
  facet normal 0.803367 -0.595485 0
    outer loop
      vertex -36.8742 -22.7446 4.9
      vertex -36.7135 -22.5278 1.6
      vertex -36.7135 -22.5278 4.9
    endloop
  endfacet
  facet normal 0.803367 -0.595485 0
    outer loop
      vertex -36.7135 -22.5278 1.6
      vertex -36.8742 -22.7446 4.9
      vertex -36.8742 -22.7446 1.6
    endloop
  endfacet
  facet normal 0.857656 -0.514223 0
    outer loop
      vertex -36.7135 -22.5278 4.9
      vertex -36.5747 -22.2963 1.6
      vertex -36.5747 -22.2963 4.9
    endloop
  endfacet
  facet normal 0.857656 -0.514223 0
    outer loop
      vertex -36.5747 -22.2963 1.6
      vertex -36.7135 -22.5278 4.9
      vertex -36.7135 -22.5278 1.6
    endloop
  endfacet
  facet normal 0.243059 -0.970012 0
    outer loop
      vertex -38.4635 -23.6972 1.6
      vertex -38.2017 -23.6316 4.9
      vertex -38.4635 -23.6972 4.9
    endloop
  endfacet
  facet normal 0.243059 -0.970012 0
    outer loop
      vertex -38.2017 -23.6316 4.9
      vertex -38.4635 -23.6972 1.6
      vertex -38.2017 -23.6316 1.6
    endloop
  endfacet
  facet normal 0.427688 -0.903926 0
    outer loop
      vertex -37.9476 -23.5407 1.6
      vertex -37.7037 -23.4253 4.9
      vertex -37.9476 -23.5407 4.9
    endloop
  endfacet
  facet normal 0.427688 -0.903926 0
    outer loop
      vertex -37.7037 -23.4253 4.9
      vertex -37.9476 -23.5407 1.6
      vertex -37.7037 -23.4253 1.6
    endloop
  endfacet
  facet normal 0.336829 -0.941566 0
    outer loop
      vertex -38.2017 -23.6316 1.6
      vertex -37.9476 -23.5407 4.9
      vertex -38.2017 -23.6316 4.9
    endloop
  endfacet
  facet normal 0.336829 -0.941566 0
    outer loop
      vertex -37.9476 -23.5407 4.9
      vertex -38.2017 -23.6316 1.6
      vertex -37.9476 -23.5407 1.6
    endloop
  endfacet
  facet normal 0.595485 -0.803367 0
    outer loop
      vertex -37.4722 -23.2865 1.6
      vertex -37.2554 -23.1258 4.9
      vertex -37.4722 -23.2865 4.9
    endloop
  endfacet
  facet normal 0.595485 -0.803367 0
    outer loop
      vertex -37.2554 -23.1258 4.9
      vertex -37.4722 -23.2865 1.6
      vertex -37.2554 -23.1258 1.6
    endloop
  endfacet
  facet normal -0.243059 -0.970012 0
    outer loop
      vertex -39.7983 -23.6316 1.6
      vertex -39.5365 -23.6972 4.9
      vertex -39.7983 -23.6316 4.9
    endloop
  endfacet
  facet normal -0.243059 -0.970012 -0
    outer loop
      vertex -39.5365 -23.6972 4.9
      vertex -39.7983 -23.6316 1.6
      vertex -39.5365 -23.6972 1.6
    endloop
  endfacet
  facet normal -0.595485 -0.803367 0
    outer loop
      vertex -40.7446 -23.1258 1.6
      vertex -40.5278 -23.2865 4.9
      vertex -40.7446 -23.1258 4.9
    endloop
  endfacet
  facet normal -0.595485 -0.803367 -0
    outer loop
      vertex -40.5278 -23.2865 4.9
      vertex -40.7446 -23.1258 1.6
      vertex -40.5278 -23.2865 1.6
    endloop
  endfacet
  facet normal -0.941566 -0.336829 0
    outer loop
      vertex -41.5407 -22.0524 1.6
      vertex -41.6316 -21.7983 4.9
      vertex -41.6316 -21.7983 1.6
    endloop
  endfacet
  facet normal -0.941566 -0.336829 0
    outer loop
      vertex -41.6316 -21.7983 4.9
      vertex -41.5407 -22.0524 1.6
      vertex -41.5407 -22.0524 4.9
    endloop
  endfacet
  facet normal 0.970012 -0.243059 0
    outer loop
      vertex -36.3684 -21.7983 4.9
      vertex -36.3028 -21.5365 1.6
      vertex -36.3028 -21.5365 4.9
    endloop
  endfacet
  facet normal 0.970012 -0.243059 0
    outer loop
      vertex -36.3028 -21.5365 1.6
      vertex -36.3684 -21.7983 4.9
      vertex -36.3684 -21.7983 1.6
    endloop
  endfacet
  facet normal 0.941566 -0.336829 0
    outer loop
      vertex -36.4593 -22.0524 4.9
      vertex -36.3684 -21.7983 1.6
      vertex -36.3684 -21.7983 4.9
    endloop
  endfacet
  facet normal 0.941566 -0.336829 0
    outer loop
      vertex -36.3684 -21.7983 1.6
      vertex -36.4593 -22.0524 4.9
      vertex -36.4593 -22.0524 1.6
    endloop
  endfacet
  facet normal -0.998803 -0.0489209 0
    outer loop
      vertex -37.75 -21 1.6
      vertex -37.756 -20.8775 4.9
      vertex -37.756 -20.8775 1.6
    endloop
  endfacet
  facet normal -0.998803 -0.0489209 0
    outer loop
      vertex -37.756 -20.8775 4.9
      vertex -37.75 -21 1.6
      vertex -37.75 -21 4.9
    endloop
  endfacet
  facet normal 0.998803 -0.0489209 0
    outer loop
      vertex -40.25 -21 4.9
      vertex -40.244 -20.8775 1.6
      vertex -40.244 -20.8775 4.9
    endloop
  endfacet
  facet normal 0.998803 -0.0489209 0
    outer loop
      vertex -40.244 -20.8775 1.6
      vertex -40.25 -21 4.9
      vertex -40.25 -21 1.6
    endloop
  endfacet
  facet normal -0.0489209 -0.998803 0
    outer loop
      vertex -39 -19.75 1.6
      vertex -38.8775 -19.756 4.9
      vertex -39 -19.75 4.9
    endloop
  endfacet
  facet normal -0.0489209 -0.998803 -0
    outer loop
      vertex -38.8775 -19.756 4.9
      vertex -39 -19.75 1.6
      vertex -38.8775 -19.756 1.6
    endloop
  endfacet
  facet normal -0.740898 -0.671617 0
    outer loop
      vertex -38.0337 -20.207 1.6
      vertex -38.1161 -20.1161 4.9
      vertex -38.1161 -20.1161 1.6
    endloop
  endfacet
  facet normal -0.740898 -0.671617 0
    outer loop
      vertex -38.1161 -20.1161 4.9
      vertex -38.0337 -20.207 1.6
      vertex -38.0337 -20.207 4.9
    endloop
  endfacet
  facet normal 0.671617 -0.740898 0
    outer loop
      vertex -39.8839 -20.1161 1.6
      vertex -39.793 -20.0337 4.9
      vertex -39.8839 -20.1161 4.9
    endloop
  endfacet
  facet normal 0.671617 -0.740898 0
    outer loop
      vertex -39.793 -20.0337 4.9
      vertex -39.8839 -20.1161 1.6
      vertex -39.793 -20.0337 1.6
    endloop
  endfacet
  facet normal 0.336698 -0.941613 0
    outer loop
      vertex -39.4784 -19.8451 1.6
      vertex -39.3629 -19.8038 4.9
      vertex -39.4784 -19.8451 4.9
    endloop
  endfacet
  facet normal 0.336698 -0.941613 0
    outer loop
      vertex -39.3629 -19.8038 4.9
      vertex -39.4784 -19.8451 1.6
      vertex -39.3629 -19.8038 1.6
    endloop
  endfacet
  facet normal 0.941613 0.336698 0
    outer loop
      vertex -40.1549 -21.4784 4.9
      vertex -40.1962 -21.3629 1.6
      vertex -40.1962 -21.3629 4.9
    endloop
  endfacet
  facet normal 0.941613 0.336698 0
    outer loop
      vertex -40.1962 -21.3629 1.6
      vertex -40.1549 -21.4784 4.9
      vertex -40.1549 -21.4784 1.6
    endloop
  endfacet
  facet normal -0.941613 -0.336698 0
    outer loop
      vertex -37.8038 -20.6371 1.6
      vertex -37.8451 -20.5216 4.9
      vertex -37.8451 -20.5216 1.6
    endloop
  endfacet
  facet normal -0.941613 -0.336698 0
    outer loop
      vertex -37.8451 -20.5216 4.9
      vertex -37.8038 -20.6371 1.6
      vertex -37.8038 -20.6371 4.9
    endloop
  endfacet
  facet normal -0.428192 -0.903688 0
    outer loop
      vertex -38.5216 -19.8451 1.6
      vertex -38.4108 -19.8976 4.9
      vertex -38.5216 -19.8451 4.9
    endloop
  endfacet
  facet normal -0.428192 -0.903688 -0
    outer loop
      vertex -38.4108 -19.8976 4.9
      vertex -38.5216 -19.8451 1.6
      vertex -38.4108 -19.8976 1.6
    endloop
  endfacet
  facet normal -0.595423 -0.803413 0
    outer loop
      vertex -38.3055 -19.9607 1.6
      vertex -38.207 -20.0337 4.9
      vertex -38.3055 -19.9607 4.9
    endloop
  endfacet
  facet normal -0.595423 -0.803413 -0
    outer loop
      vertex -38.207 -20.0337 4.9
      vertex -38.3055 -19.9607 1.6
      vertex -38.207 -20.0337 1.6
    endloop
  endfacet
  facet normal 0.903688 -0.428192 0
    outer loop
      vertex -40.1549 -20.5216 4.9
      vertex -40.1024 -20.4108 1.6
      vertex -40.1024 -20.4108 4.9
    endloop
  endfacet
  facet normal 0.903688 -0.428192 0
    outer loop
      vertex -40.1024 -20.4108 1.6
      vertex -40.1549 -20.5216 4.9
      vertex -40.1549 -20.5216 1.6
    endloop
  endfacet
  facet normal 0.146667 -0.989186 0
    outer loop
      vertex -39.2439 -19.774 1.6
      vertex -39.1225 -19.756 4.9
      vertex -39.2439 -19.774 4.9
    endloop
  endfacet
  facet normal 0.146667 -0.989186 0
    outer loop
      vertex -39.1225 -19.756 4.9
      vertex -39.2439 -19.774 1.6
      vertex -39.1225 -19.756 1.6
    endloop
  endfacet
  facet normal -0.941613 0.336698 0
    outer loop
      vertex -37.8451 -21.4784 1.6
      vertex -37.8038 -21.3629 4.9
      vertex -37.8038 -21.3629 1.6
    endloop
  endfacet
  facet normal -0.941613 0.336698 0
    outer loop
      vertex -37.8038 -21.3629 4.9
      vertex -37.8451 -21.4784 1.6
      vertex -37.8451 -21.4784 4.9
    endloop
  endfacet
  facet normal -0.970047 -0.242919 0
    outer loop
      vertex -37.774 -20.7561 1.6
      vertex -37.8038 -20.6371 4.9
      vertex -37.8038 -20.6371 1.6
    endloop
  endfacet
  facet normal -0.970047 -0.242919 0
    outer loop
      vertex -37.8038 -20.6371 4.9
      vertex -37.774 -20.7561 1.6
      vertex -37.774 -20.7561 4.9
    endloop
  endfacet
  facet normal -0.989186 -0.146667 0
    outer loop
      vertex -37.756 -20.8775 1.6
      vertex -37.774 -20.7561 4.9
      vertex -37.774 -20.7561 1.6
    endloop
  endfacet
  facet normal -0.989186 -0.146667 0
    outer loop
      vertex -37.774 -20.7561 4.9
      vertex -37.756 -20.8775 1.6
      vertex -37.756 -20.8775 4.9
    endloop
  endfacet
  facet normal -0.85778 -0.514016 0
    outer loop
      vertex -37.8976 -20.4108 1.6
      vertex -37.9607 -20.3055 4.9
      vertex -37.9607 -20.3055 1.6
    endloop
  endfacet
  facet normal -0.85778 -0.514016 0
    outer loop
      vertex -37.9607 -20.3055 4.9
      vertex -37.8976 -20.4108 1.6
      vertex -37.8976 -20.4108 4.9
    endloop
  endfacet
  facet normal -0.803413 -0.595423 0
    outer loop
      vertex -37.9607 -20.3055 1.6
      vertex -38.0337 -20.207 4.9
      vertex -38.0337 -20.207 1.6
    endloop
  endfacet
  facet normal -0.803413 -0.595423 0
    outer loop
      vertex -38.0337 -20.207 4.9
      vertex -37.9607 -20.3055 1.6
      vertex -37.9607 -20.3055 4.9
    endloop
  endfacet
  facet normal -0.903688 -0.428192 0
    outer loop
      vertex -37.8451 -20.5216 1.6
      vertex -37.8976 -20.4108 4.9
      vertex -37.8976 -20.4108 1.6
    endloop
  endfacet
  facet normal -0.903688 -0.428192 0
    outer loop
      vertex -37.8976 -20.4108 4.9
      vertex -37.8451 -20.5216 1.6
      vertex -37.8451 -20.5216 4.9
    endloop
  endfacet
  facet normal -0.242919 -0.970047 0
    outer loop
      vertex -38.7561 -19.774 1.6
      vertex -38.6371 -19.8038 4.9
      vertex -38.7561 -19.774 4.9
    endloop
  endfacet
  facet normal -0.242919 -0.970047 -0
    outer loop
      vertex -38.6371 -19.8038 4.9
      vertex -38.7561 -19.774 1.6
      vertex -38.6371 -19.8038 1.6
    endloop
  endfacet
  facet normal -0.336698 -0.941613 0
    outer loop
      vertex -38.6371 -19.8038 1.6
      vertex -38.5216 -19.8451 4.9
      vertex -38.6371 -19.8038 4.9
    endloop
  endfacet
  facet normal -0.336698 -0.941613 -0
    outer loop
      vertex -38.5216 -19.8451 4.9
      vertex -38.6371 -19.8038 1.6
      vertex -38.5216 -19.8451 1.6
    endloop
  endfacet
  facet normal -0.146667 -0.989186 0
    outer loop
      vertex -38.8775 -19.756 1.6
      vertex -38.7561 -19.774 4.9
      vertex -38.8775 -19.756 4.9
    endloop
  endfacet
  facet normal -0.146667 -0.989186 -0
    outer loop
      vertex -38.7561 -19.774 4.9
      vertex -38.8775 -19.756 1.6
      vertex -38.7561 -19.774 1.6
    endloop
  endfacet
  facet normal -0.514016 -0.85778 0
    outer loop
      vertex -38.4108 -19.8976 1.6
      vertex -38.3055 -19.9607 4.9
      vertex -38.4108 -19.8976 4.9
    endloop
  endfacet
  facet normal -0.514016 -0.85778 -0
    outer loop
      vertex -38.3055 -19.9607 4.9
      vertex -38.4108 -19.8976 1.6
      vertex -38.3055 -19.9607 1.6
    endloop
  endfacet
  facet normal -0.671617 -0.740898 0
    outer loop
      vertex -38.207 -20.0337 1.6
      vertex -38.1161 -20.1161 4.9
      vertex -38.207 -20.0337 4.9
    endloop
  endfacet
  facet normal -0.671617 -0.740898 -0
    outer loop
      vertex -38.1161 -20.1161 4.9
      vertex -38.207 -20.0337 1.6
      vertex -38.1161 -20.1161 1.6
    endloop
  endfacet
  facet normal 0.970047 -0.242919 0
    outer loop
      vertex -40.226 -20.7561 4.9
      vertex -40.1962 -20.6371 1.6
      vertex -40.1962 -20.6371 4.9
    endloop
  endfacet
  facet normal 0.970047 -0.242919 0
    outer loop
      vertex -40.1962 -20.6371 1.6
      vertex -40.226 -20.7561 4.9
      vertex -40.226 -20.7561 1.6
    endloop
  endfacet
  facet normal 0.803413 -0.595423 0
    outer loop
      vertex -40.0393 -20.3055 4.9
      vertex -39.9663 -20.207 1.6
      vertex -39.9663 -20.207 4.9
    endloop
  endfacet
  facet normal 0.803413 -0.595423 0
    outer loop
      vertex -39.9663 -20.207 1.6
      vertex -40.0393 -20.3055 4.9
      vertex -40.0393 -20.3055 1.6
    endloop
  endfacet
  facet normal 0.740898 -0.671617 0
    outer loop
      vertex -39.9663 -20.207 4.9
      vertex -39.8839 -20.1161 1.6
      vertex -39.8839 -20.1161 4.9
    endloop
  endfacet
  facet normal 0.740898 -0.671617 0
    outer loop
      vertex -39.8839 -20.1161 1.6
      vertex -39.9663 -20.207 4.9
      vertex -39.9663 -20.207 1.6
    endloop
  endfacet
  facet normal 0.85778 -0.514016 0
    outer loop
      vertex -40.1024 -20.4108 4.9
      vertex -40.0393 -20.3055 1.6
      vertex -40.0393 -20.3055 4.9
    endloop
  endfacet
  facet normal 0.85778 -0.514016 0
    outer loop
      vertex -40.0393 -20.3055 1.6
      vertex -40.1024 -20.4108 4.9
      vertex -40.1024 -20.4108 1.6
    endloop
  endfacet
  facet normal 0.941613 -0.336698 0
    outer loop
      vertex -40.1962 -20.6371 4.9
      vertex -40.1549 -20.5216 1.6
      vertex -40.1549 -20.5216 4.9
    endloop
  endfacet
  facet normal 0.941613 -0.336698 0
    outer loop
      vertex -40.1549 -20.5216 1.6
      vertex -40.1962 -20.6371 4.9
      vertex -40.1962 -20.6371 1.6
    endloop
  endfacet
  facet normal 0.989186 -0.146667 0
    outer loop
      vertex -40.244 -20.8775 4.9
      vertex -40.226 -20.7561 1.6
      vertex -40.226 -20.7561 4.9
    endloop
  endfacet
  facet normal 0.989186 -0.146667 0
    outer loop
      vertex -40.226 -20.7561 1.6
      vertex -40.244 -20.8775 4.9
      vertex -40.244 -20.8775 1.6
    endloop
  endfacet
  facet normal 0.514016 -0.85778 0
    outer loop
      vertex -39.6945 -19.9607 1.6
      vertex -39.5892 -19.8976 4.9
      vertex -39.6945 -19.9607 4.9
    endloop
  endfacet
  facet normal 0.514016 -0.85778 0
    outer loop
      vertex -39.5892 -19.8976 4.9
      vertex -39.6945 -19.9607 1.6
      vertex -39.5892 -19.8976 1.6
    endloop
  endfacet
  facet normal 0.428192 -0.903688 0
    outer loop
      vertex -39.5892 -19.8976 1.6
      vertex -39.4784 -19.8451 4.9
      vertex -39.5892 -19.8976 4.9
    endloop
  endfacet
  facet normal 0.428192 -0.903688 0
    outer loop
      vertex -39.4784 -19.8451 4.9
      vertex -39.5892 -19.8976 1.6
      vertex -39.4784 -19.8451 1.6
    endloop
  endfacet
  facet normal 0.595423 -0.803413 0
    outer loop
      vertex -39.793 -20.0337 1.6
      vertex -39.6945 -19.9607 4.9
      vertex -39.793 -20.0337 4.9
    endloop
  endfacet
  facet normal 0.595423 -0.803413 0
    outer loop
      vertex -39.6945 -19.9607 4.9
      vertex -39.793 -20.0337 1.6
      vertex -39.6945 -19.9607 1.6
    endloop
  endfacet
  facet normal 0.242919 -0.970047 0
    outer loop
      vertex -39.3629 -19.8038 1.6
      vertex -39.2439 -19.774 4.9
      vertex -39.3629 -19.8038 4.9
    endloop
  endfacet
  facet normal 0.242919 -0.970047 0
    outer loop
      vertex -39.2439 -19.774 4.9
      vertex -39.3629 -19.8038 1.6
      vertex -39.2439 -19.774 1.6
    endloop
  endfacet
  facet normal 0.0489209 -0.998803 0
    outer loop
      vertex -39.1225 -19.756 1.6
      vertex -39 -19.75 4.9
      vertex -39.1225 -19.756 4.9
    endloop
  endfacet
  facet normal 0.0489209 -0.998803 0
    outer loop
      vertex -39 -19.75 4.9
      vertex -39.1225 -19.756 1.6
      vertex -39 -19.75 1.6
    endloop
  endfacet
  facet normal -0.0489209 0.998803 0
    outer loop
      vertex -38.8775 -22.244 1.6
      vertex -39 -22.25 4.9
      vertex -38.8775 -22.244 4.9
    endloop
  endfacet
  facet normal -0.0489209 0.998803 0
    outer loop
      vertex -39 -22.25 4.9
      vertex -38.8775 -22.244 1.6
      vertex -39 -22.25 1.6
    endloop
  endfacet
  facet normal -0.242919 0.970047 0
    outer loop
      vertex -38.6371 -22.1962 1.6
      vertex -38.7561 -22.226 4.9
      vertex -38.6371 -22.1962 4.9
    endloop
  endfacet
  facet normal -0.242919 0.970047 0
    outer loop
      vertex -38.7561 -22.226 4.9
      vertex -38.6371 -22.1962 1.6
      vertex -38.7561 -22.226 1.6
    endloop
  endfacet
  facet normal -0.595423 0.803413 0
    outer loop
      vertex -38.207 -21.9663 1.6
      vertex -38.3055 -22.0393 4.9
      vertex -38.207 -21.9663 4.9
    endloop
  endfacet
  facet normal -0.595423 0.803413 0
    outer loop
      vertex -38.3055 -22.0393 4.9
      vertex -38.207 -21.9663 1.6
      vertex -38.3055 -22.0393 1.6
    endloop
  endfacet
  facet normal -0.428192 0.903688 0
    outer loop
      vertex -38.4108 -22.1024 1.6
      vertex -38.5216 -22.1549 4.9
      vertex -38.4108 -22.1024 4.9
    endloop
  endfacet
  facet normal -0.428192 0.903688 0
    outer loop
      vertex -38.5216 -22.1549 4.9
      vertex -38.4108 -22.1024 1.6
      vertex -38.5216 -22.1549 1.6
    endloop
  endfacet
  facet normal -0.740898 0.671617 0
    outer loop
      vertex -38.1161 -21.8839 1.6
      vertex -38.0337 -21.793 4.9
      vertex -38.0337 -21.793 1.6
    endloop
  endfacet
  facet normal -0.740898 0.671617 0
    outer loop
      vertex -38.0337 -21.793 4.9
      vertex -38.1161 -21.8839 1.6
      vertex -38.1161 -21.8839 4.9
    endloop
  endfacet
  facet normal -0.85778 0.514016 0
    outer loop
      vertex -37.9607 -21.6945 1.6
      vertex -37.8976 -21.5892 4.9
      vertex -37.8976 -21.5892 1.6
    endloop
  endfacet
  facet normal -0.85778 0.514016 0
    outer loop
      vertex -37.8976 -21.5892 4.9
      vertex -37.9607 -21.6945 1.6
      vertex -37.9607 -21.6945 4.9
    endloop
  endfacet
  facet normal 0.671617 0.740898 -0
    outer loop
      vertex -39.793 -21.9663 1.6
      vertex -39.8839 -21.8839 4.9
      vertex -39.793 -21.9663 4.9
    endloop
  endfacet
  facet normal 0.671617 0.740898 0
    outer loop
      vertex -39.8839 -21.8839 4.9
      vertex -39.793 -21.9663 1.6
      vertex -39.8839 -21.8839 1.6
    endloop
  endfacet
  facet normal 0.514016 0.85778 -0
    outer loop
      vertex -39.5892 -22.1024 1.6
      vertex -39.6945 -22.0393 4.9
      vertex -39.5892 -22.1024 4.9
    endloop
  endfacet
  facet normal 0.514016 0.85778 0
    outer loop
      vertex -39.6945 -22.0393 4.9
      vertex -39.5892 -22.1024 1.6
      vertex -39.6945 -22.0393 1.6
    endloop
  endfacet
  facet normal 0.336698 0.941613 -0
    outer loop
      vertex -39.3629 -22.1962 1.6
      vertex -39.4784 -22.1549 4.9
      vertex -39.3629 -22.1962 4.9
    endloop
  endfacet
  facet normal 0.336698 0.941613 0
    outer loop
      vertex -39.4784 -22.1549 4.9
      vertex -39.3629 -22.1962 1.6
      vertex -39.4784 -22.1549 1.6
    endloop
  endfacet
  facet normal 0.146667 0.989186 -0
    outer loop
      vertex -39.1225 -22.244 1.6
      vertex -39.2439 -22.226 4.9
      vertex -39.1225 -22.244 4.9
    endloop
  endfacet
  facet normal 0.146667 0.989186 0
    outer loop
      vertex -39.2439 -22.226 4.9
      vertex -39.1225 -22.244 1.6
      vertex -39.2439 -22.226 1.6
    endloop
  endfacet
  facet normal 0.903688 0.428192 0
    outer loop
      vertex -40.1024 -21.5892 4.9
      vertex -40.1549 -21.4784 1.6
      vertex -40.1549 -21.4784 4.9
    endloop
  endfacet
  facet normal 0.903688 0.428192 0
    outer loop
      vertex -40.1549 -21.4784 1.6
      vertex -40.1024 -21.5892 4.9
      vertex -40.1024 -21.5892 1.6
    endloop
  endfacet
  facet normal 0.803413 0.595423 0
    outer loop
      vertex -39.9663 -21.793 4.9
      vertex -40.0393 -21.6945 1.6
      vertex -40.0393 -21.6945 4.9
    endloop
  endfacet
  facet normal 0.803413 0.595423 0
    outer loop
      vertex -40.0393 -21.6945 1.6
      vertex -39.9663 -21.793 4.9
      vertex -39.9663 -21.793 1.6
    endloop
  endfacet
  facet normal 0.970047 0.242919 0
    outer loop
      vertex -40.1962 -21.3629 4.9
      vertex -40.226 -21.2439 1.6
      vertex -40.226 -21.2439 4.9
    endloop
  endfacet
  facet normal 0.970047 0.242919 0
    outer loop
      vertex -40.226 -21.2439 1.6
      vertex -40.1962 -21.3629 4.9
      vertex -40.1962 -21.3629 1.6
    endloop
  endfacet
  facet normal 0.998803 0.0489209 0
    outer loop
      vertex -40.244 -21.1225 4.9
      vertex -40.25 -21 1.6
      vertex -40.25 -21 4.9
    endloop
  endfacet
  facet normal 0.998803 0.0489209 0
    outer loop
      vertex -40.25 -21 1.6
      vertex -40.244 -21.1225 4.9
      vertex -40.244 -21.1225 1.6
    endloop
  endfacet
  facet normal -0.146667 0.989186 0
    outer loop
      vertex -38.7561 -22.226 1.6
      vertex -38.8775 -22.244 4.9
      vertex -38.7561 -22.226 4.9
    endloop
  endfacet
  facet normal -0.146667 0.989186 0
    outer loop
      vertex -38.8775 -22.244 4.9
      vertex -38.7561 -22.226 1.6
      vertex -38.8775 -22.244 1.6
    endloop
  endfacet
  facet normal -0.336698 0.941613 0
    outer loop
      vertex -38.5216 -22.1549 1.6
      vertex -38.6371 -22.1962 4.9
      vertex -38.5216 -22.1549 4.9
    endloop
  endfacet
  facet normal -0.336698 0.941613 0
    outer loop
      vertex -38.6371 -22.1962 4.9
      vertex -38.5216 -22.1549 1.6
      vertex -38.6371 -22.1962 1.6
    endloop
  endfacet
  facet normal -0.671617 0.740898 0
    outer loop
      vertex -38.1161 -21.8839 1.6
      vertex -38.207 -21.9663 4.9
      vertex -38.1161 -21.8839 4.9
    endloop
  endfacet
  facet normal -0.671617 0.740898 0
    outer loop
      vertex -38.207 -21.9663 4.9
      vertex -38.1161 -21.8839 1.6
      vertex -38.207 -21.9663 1.6
    endloop
  endfacet
  facet normal -0.514016 0.85778 0
    outer loop
      vertex -38.3055 -22.0393 1.6
      vertex -38.4108 -22.1024 4.9
      vertex -38.3055 -22.0393 4.9
    endloop
  endfacet
  facet normal -0.514016 0.85778 0
    outer loop
      vertex -38.4108 -22.1024 4.9
      vertex -38.3055 -22.0393 1.6
      vertex -38.4108 -22.1024 1.6
    endloop
  endfacet
  facet normal -0.803413 0.595423 0
    outer loop
      vertex -38.0337 -21.793 1.6
      vertex -37.9607 -21.6945 4.9
      vertex -37.9607 -21.6945 1.6
    endloop
  endfacet
  facet normal -0.803413 0.595423 0
    outer loop
      vertex -37.9607 -21.6945 4.9
      vertex -38.0337 -21.793 1.6
      vertex -38.0337 -21.793 4.9
    endloop
  endfacet
  facet normal -0.903688 0.428192 0
    outer loop
      vertex -37.8976 -21.5892 1.6
      vertex -37.8451 -21.4784 4.9
      vertex -37.8451 -21.4784 1.6
    endloop
  endfacet
  facet normal -0.903688 0.428192 0
    outer loop
      vertex -37.8451 -21.4784 4.9
      vertex -37.8976 -21.5892 1.6
      vertex -37.8976 -21.5892 4.9
    endloop
  endfacet
  facet normal -0.998803 0.0489209 0
    outer loop
      vertex -37.756 -21.1225 1.6
      vertex -37.75 -21 4.9
      vertex -37.75 -21 1.6
    endloop
  endfacet
  facet normal -0.998803 0.0489209 0
    outer loop
      vertex -37.75 -21 4.9
      vertex -37.756 -21.1225 1.6
      vertex -37.756 -21.1225 4.9
    endloop
  endfacet
  facet normal 0.595423 0.803413 -0
    outer loop
      vertex -39.6945 -22.0393 1.6
      vertex -39.793 -21.9663 4.9
      vertex -39.6945 -22.0393 4.9
    endloop
  endfacet
  facet normal 0.595423 0.803413 0
    outer loop
      vertex -39.793 -21.9663 4.9
      vertex -39.6945 -22.0393 1.6
      vertex -39.793 -21.9663 1.6
    endloop
  endfacet
  facet normal 0.428192 0.903688 -0
    outer loop
      vertex -39.4784 -22.1549 1.6
      vertex -39.5892 -22.1024 4.9
      vertex -39.4784 -22.1549 4.9
    endloop
  endfacet
  facet normal 0.428192 0.903688 0
    outer loop
      vertex -39.5892 -22.1024 4.9
      vertex -39.4784 -22.1549 1.6
      vertex -39.5892 -22.1024 1.6
    endloop
  endfacet
  facet normal 0.242919 0.970047 -0
    outer loop
      vertex -39.2439 -22.226 1.6
      vertex -39.3629 -22.1962 4.9
      vertex -39.2439 -22.226 4.9
    endloop
  endfacet
  facet normal 0.242919 0.970047 0
    outer loop
      vertex -39.3629 -22.1962 4.9
      vertex -39.2439 -22.226 1.6
      vertex -39.3629 -22.1962 1.6
    endloop
  endfacet
  facet normal 0.0489209 0.998803 -0
    outer loop
      vertex -39 -22.25 1.6
      vertex -39.1225 -22.244 4.9
      vertex -39 -22.25 4.9
    endloop
  endfacet
  facet normal 0.0489209 0.998803 0
    outer loop
      vertex -39.1225 -22.244 4.9
      vertex -39 -22.25 1.6
      vertex -39.1225 -22.244 1.6
    endloop
  endfacet
  facet normal 0.85778 0.514016 0
    outer loop
      vertex -40.0393 -21.6945 4.9
      vertex -40.1024 -21.5892 1.6
      vertex -40.1024 -21.5892 4.9
    endloop
  endfacet
  facet normal 0.85778 0.514016 0
    outer loop
      vertex -40.1024 -21.5892 1.6
      vertex -40.0393 -21.6945 4.9
      vertex -40.0393 -21.6945 1.6
    endloop
  endfacet
  facet normal 0.740898 0.671617 0
    outer loop
      vertex -39.8839 -21.8839 4.9
      vertex -39.9663 -21.793 1.6
      vertex -39.9663 -21.793 4.9
    endloop
  endfacet
  facet normal 0.740898 0.671617 0
    outer loop
      vertex -39.9663 -21.793 1.6
      vertex -39.8839 -21.8839 4.9
      vertex -39.8839 -21.8839 1.6
    endloop
  endfacet
  facet normal 0.989186 0.146667 0
    outer loop
      vertex -40.226 -21.2439 4.9
      vertex -40.244 -21.1225 1.6
      vertex -40.244 -21.1225 4.9
    endloop
  endfacet
  facet normal 0.989186 0.146667 0
    outer loop
      vertex -40.244 -21.1225 1.6
      vertex -40.226 -21.2439 4.9
      vertex -40.226 -21.2439 1.6
    endloop
  endfacet
  facet normal -0.970047 0.242919 0
    outer loop
      vertex -37.8038 -21.3629 1.6
      vertex -37.774 -21.2439 4.9
      vertex -37.774 -21.2439 1.6
    endloop
  endfacet
  facet normal -0.970047 0.242919 0
    outer loop
      vertex -37.774 -21.2439 4.9
      vertex -37.8038 -21.3629 1.6
      vertex -37.8038 -21.3629 4.9
    endloop
  endfacet
  facet normal -0.989186 0.146667 0
    outer loop
      vertex -37.774 -21.2439 1.6
      vertex -37.756 -21.1225 4.9
      vertex -37.756 -21.1225 1.6
    endloop
  endfacet
  facet normal -0.989186 0.146667 0
    outer loop
      vertex -37.756 -21.1225 4.9
      vertex -37.774 -21.2439 1.6
      vertex -37.774 -21.2439 4.9
    endloop
  endfacet
  facet normal 0.595485 0.803367 -0
    outer loop
      vertex -37.2554 23.1258 1.6
      vertex -37.4722 23.2865 4.9
      vertex -37.2554 23.1258 4.9
    endloop
  endfacet
  facet normal 0.595485 0.803367 0
    outer loop
      vertex -37.4722 23.2865 4.9
      vertex -37.2554 23.1258 1.6
      vertex -37.4722 23.2865 1.6
    endloop
  endfacet
  facet normal 0.998803 -0.0489209 0
    outer loop
      vertex -36.2632 20.7305 4.9
      vertex -36.25 21 1.6
      vertex -36.25 21 4.9
    endloop
  endfacet
  facet normal 0.998803 -0.0489209 0
    outer loop
      vertex -36.25 21 1.6
      vertex -36.2632 20.7305 4.9
      vertex -36.2632 20.7305 1.6
    endloop
  endfacet
  facet normal -0.336829 0.941566 0
    outer loop
      vertex -39.7983 23.6316 1.6
      vertex -40.0524 23.5407 4.9
      vertex -39.7983 23.6316 4.9
    endloop
  endfacet
  facet normal -0.336829 0.941566 0
    outer loop
      vertex -40.0524 23.5407 4.9
      vertex -39.7983 23.6316 1.6
      vertex -40.0524 23.5407 1.6
    endloop
  endfacet
  facet normal -0.903926 0.427688 0
    outer loop
      vertex -41.5407 22.0524 1.6
      vertex -41.4253 22.2963 4.9
      vertex -41.4253 22.2963 1.6
    endloop
  endfacet
  facet normal -0.903926 0.427688 0
    outer loop
      vertex -41.4253 22.2963 4.9
      vertex -41.5407 22.0524 1.6
      vertex -41.5407 22.0524 4.9
    endloop
  endfacet
  facet normal -0.427688 -0.903926 0
    outer loop
      vertex -40.2963 18.5747 1.6
      vertex -40.0524 18.4593 4.9
      vertex -40.2963 18.5747 4.9
    endloop
  endfacet
  facet normal -0.427688 -0.903926 -0
    outer loop
      vertex -40.0524 18.4593 4.9
      vertex -40.2963 18.5747 1.6
      vertex -40.0524 18.4593 1.6
    endloop
  endfacet
  facet normal 0.903926 0.427688 0
    outer loop
      vertex -36.4593 22.0524 4.9
      vertex -36.5747 22.2963 1.6
      vertex -36.5747 22.2963 4.9
    endloop
  endfacet
  facet normal 0.903926 0.427688 0
    outer loop
      vertex -36.5747 22.2963 1.6
      vertex -36.4593 22.0524 4.9
      vertex -36.4593 22.0524 1.6
    endloop
  endfacet
  facet normal 0.857656 0.514223 0
    outer loop
      vertex -36.5747 22.2963 4.9
      vertex -36.7135 22.5278 1.6
      vertex -36.7135 22.5278 4.9
    endloop
  endfacet
  facet normal 0.857656 0.514223 0
    outer loop
      vertex -36.7135 22.5278 1.6
      vertex -36.5747 22.2963 4.9
      vertex -36.5747 22.2963 1.6
    endloop
  endfacet
  facet normal 0.427688 0.903926 -0
    outer loop
      vertex -37.7037 23.4253 1.6
      vertex -37.9476 23.5407 4.9
      vertex -37.7037 23.4253 4.9
    endloop
  endfacet
  facet normal 0.427688 0.903926 0
    outer loop
      vertex -37.9476 23.5407 4.9
      vertex -37.7037 23.4253 1.6
      vertex -37.9476 23.5407 1.6
    endloop
  endfacet
  facet normal -0.740728 0.671805 0
    outer loop
      vertex -41.1258 22.7446 1.6
      vertex -40.9445 22.9445 4.9
      vertex -40.9445 22.9445 1.6
    endloop
  endfacet
  facet normal -0.740728 0.671805 0
    outer loop
      vertex -40.9445 22.9445 4.9
      vertex -41.1258 22.7446 1.6
      vertex -41.1258 22.7446 4.9
    endloop
  endfacet
  facet normal -0.14671 0.98918 0
    outer loop
      vertex -39.2695 23.7368 1.6
      vertex -39.5365 23.6972 4.9
      vertex -39.2695 23.7368 4.9
    endloop
  endfacet
  facet normal -0.14671 0.98918 0
    outer loop
      vertex -39.5365 23.6972 4.9
      vertex -39.2695 23.7368 1.6
      vertex -39.5365 23.6972 1.6
    endloop
  endfacet
  facet normal -0.14671 -0.98918 0
    outer loop
      vertex -39.5365 18.3028 1.6
      vertex -39.2695 18.2632 4.9
      vertex -39.5365 18.3028 4.9
    endloop
  endfacet
  facet normal -0.14671 -0.98918 -0
    outer loop
      vertex -39.2695 18.2632 4.9
      vertex -39.5365 18.3028 1.6
      vertex -39.2695 18.2632 1.6
    endloop
  endfacet
  facet normal -0.671805 -0.740728 0
    outer loop
      vertex -40.9445 19.0555 1.6
      vertex -40.7446 18.8742 4.9
      vertex -40.9445 19.0555 4.9
    endloop
  endfacet
  facet normal -0.671805 -0.740728 -0
    outer loop
      vertex -40.7446 18.8742 4.9
      vertex -40.9445 19.0555 1.6
      vertex -40.7446 18.8742 1.6
    endloop
  endfacet
  facet normal -0.98918 -0.14671 0
    outer loop
      vertex -41.6972 20.4635 1.6
      vertex -41.7368 20.7305 4.9
      vertex -41.7368 20.7305 1.6
    endloop
  endfacet
  facet normal -0.98918 -0.14671 0
    outer loop
      vertex -41.7368 20.7305 4.9
      vertex -41.6972 20.4635 1.6
      vertex -41.6972 20.4635 4.9
    endloop
  endfacet
  facet normal 0 0 -1
    outer loop
      vertex -37.75 21 1.6
      vertex -36.25 21 1.6
      vertex -36.2632 20.7305 1.6
    endloop
  endfacet
  facet normal 0 0 -1
    outer loop
      vertex -37.756 20.8775 1.6
      vertex -36.2632 20.7305 1.6
      vertex -36.3028 20.4635 1.6
    endloop
  endfacet
  facet normal 0 0 -1
    outer loop
      vertex -36.25 21 1.6
      vertex -37.75 21 1.6
      vertex -36.2632 21.2695 1.6
    endloop
  endfacet
  facet normal 0 0 -1
    outer loop
      vertex -37.774 20.7561 1.6
      vertex -36.3028 20.4635 1.6
      vertex -36.3684 20.2017 1.6
    endloop
  endfacet
  facet normal 0 0 -1
    outer loop
      vertex -37.756 21.1225 1.6
      vertex -36.2632 21.2695 1.6
      vertex -37.75 21 1.6
    endloop
  endfacet
  facet normal 0 0 -1
    outer loop
      vertex -37.8038 20.6371 1.6
      vertex -36.3684 20.2017 1.6
      vertex -36.4593 19.9476 1.6
    endloop
  endfacet
  facet normal -0 0 -1
    outer loop
      vertex -36.2632 21.2695 1.6
      vertex -37.756 21.1225 1.6
      vertex -36.3028 21.5365 1.6
    endloop
  endfacet
  facet normal 0 0 -1
    outer loop
      vertex -37.8451 20.5216 1.6
      vertex -36.4593 19.9476 1.6
      vertex -36.5747 19.7037 1.6
    endloop
  endfacet
  facet normal 0 0 -1
    outer loop
      vertex -37.774 21.2439 1.6
      vertex -36.3028 21.5365 1.6
      vertex -37.756 21.1225 1.6
    endloop
  endfacet
  facet normal 0 0 -1
    outer loop
      vertex -37.8976 20.4108 1.6
      vertex -36.5747 19.7037 1.6
      vertex -36.7135 19.4722 1.6
    endloop
  endfacet
  facet normal -0 0 -1
    outer loop
      vertex -36.3028 21.5365 1.6
      vertex -37.774 21.2439 1.6
      vertex -36.3684 21.7983 1.6
    endloop
  endfacet
  facet normal 0 0 -1
    outer loop
      vertex -37.9607 20.3055 1.6
      vertex -36.7135 19.4722 1.6
      vertex -36.8742 19.2554 1.6
    endloop
  endfacet
  facet normal 0 0 -1
    outer loop
      vertex -37.8038 21.3629 1.6
      vertex -36.3684 21.7983 1.6
      vertex -37.774 21.2439 1.6
    endloop
  endfacet
  facet normal 0 0 -1
    outer loop
      vertex -38.0337 20.207 1.6
      vertex -36.8742 19.2554 1.6
      vertex -37.0555 19.0555 1.6
    endloop
  endfacet
  facet normal -0 0 -1
    outer loop
      vertex -36.3684 21.7983 1.6
      vertex -37.8038 21.3629 1.6
      vertex -36.4593 22.0524 1.6
    endloop
  endfacet
  facet normal 0 0 -1
    outer loop
      vertex -38.1161 20.1161 1.6
      vertex -37.0555 19.0555 1.6
      vertex -37.2554 18.8742 1.6
    endloop
  endfacet
  facet normal 0 0 -1
    outer loop
      vertex -37.8451 21.4784 1.6
      vertex -36.4593 22.0524 1.6
      vertex -37.8038 21.3629 1.6
    endloop
  endfacet
  facet normal 0 0 -1
    outer loop
      vertex -38.207 20.0337 1.6
      vertex -37.2554 18.8742 1.6
      vertex -37.4722 18.7135 1.6
    endloop
  endfacet
  facet normal -0 0 -1
    outer loop
      vertex -36.4593 22.0524 1.6
      vertex -37.8451 21.4784 1.6
      vertex -36.5747 22.2963 1.6
    endloop
  endfacet
  facet normal 0 0 -1
    outer loop
      vertex -38.3055 19.9607 1.6
      vertex -37.4722 18.7135 1.6
      vertex -37.7037 18.5747 1.6
    endloop
  endfacet
  facet normal 0 0 -1
    outer loop
      vertex -37.8976 21.5892 1.6
      vertex -36.5747 22.2963 1.6
      vertex -37.8451 21.4784 1.6
    endloop
  endfacet
  facet normal -0 0 -1
    outer loop
      vertex -36.5747 22.2963 1.6
      vertex -37.8976 21.5892 1.6
      vertex -36.7135 22.5278 1.6
    endloop
  endfacet
  facet normal 0 0 -1
    outer loop
      vertex -36.2632 20.7305 1.6
      vertex -37.756 20.8775 1.6
      vertex -37.75 21 1.6
    endloop
  endfacet
  facet normal 0 0 -1
    outer loop
      vertex -36.3028 20.4635 1.6
      vertex -37.774 20.7561 1.6
      vertex -37.756 20.8775 1.6
    endloop
  endfacet
  facet normal 0 0 -1
    outer loop
      vertex -36.3684 20.2017 1.6
      vertex -37.8038 20.6371 1.6
      vertex -37.774 20.7561 1.6
    endloop
  endfacet
  facet normal 0 0 -1
    outer loop
      vertex -36.4593 19.9476 1.6
      vertex -37.8451 20.5216 1.6
      vertex -37.8038 20.6371 1.6
    endloop
  endfacet
  facet normal 0 0 -1
    outer loop
      vertex -36.5747 19.7037 1.6
      vertex -37.8976 20.4108 1.6
      vertex -37.8451 20.5216 1.6
    endloop
  endfacet
  facet normal 0 0 -1
    outer loop
      vertex -38.4108 19.8976 1.6
      vertex -37.7037 18.5747 1.6
      vertex -37.9476 18.4593 1.6
    endloop
  endfacet
  facet normal 0 0 -1
    outer loop
      vertex -36.7135 19.4722 1.6
      vertex -37.9607 20.3055 1.6
      vertex -37.8976 20.4108 1.6
    endloop
  endfacet
  facet normal 0 0 -1
    outer loop
      vertex -36.8742 19.2554 1.6
      vertex -38.0337 20.207 1.6
      vertex -37.9607 20.3055 1.6
    endloop
  endfacet
  facet normal 0 0 -1
    outer loop
      vertex -37.0555 19.0555 1.6
      vertex -38.1161 20.1161 1.6
      vertex -38.0337 20.207 1.6
    endloop
  endfacet
  facet normal 0 0 -1
    outer loop
      vertex -38.5216 19.8451 1.6
      vertex -37.9476 18.4593 1.6
      vertex -38.2017 18.3684 1.6
    endloop
  endfacet
  facet normal 0 0 -1
    outer loop
      vertex -37.2554 18.8742 1.6
      vertex -38.207 20.0337 1.6
      vertex -38.1161 20.1161 1.6
    endloop
  endfacet
  facet normal 0 0 -1
    outer loop
      vertex -37.4722 18.7135 1.6
      vertex -38.3055 19.9607 1.6
      vertex -38.207 20.0337 1.6
    endloop
  endfacet
  facet normal 0 0 -1
    outer loop
      vertex -37.7037 18.5747 1.6
      vertex -38.4108 19.8976 1.6
      vertex -38.3055 19.9607 1.6
    endloop
  endfacet
  facet normal 0 0 -1
    outer loop
      vertex -38.6371 19.8038 1.6
      vertex -38.2017 18.3684 1.6
      vertex -38.4635 18.3028 1.6
    endloop
  endfacet
  facet normal 0 0 -1
    outer loop
      vertex -37.9476 18.4593 1.6
      vertex -38.5216 19.8451 1.6
      vertex -38.4108 19.8976 1.6
    endloop
  endfacet
  facet normal 0 0 -1
    outer loop
      vertex -38.2017 18.3684 1.6
      vertex -38.6371 19.8038 1.6
      vertex -38.5216 19.8451 1.6
    endloop
  endfacet
  facet normal 0 0 -1
    outer loop
      vertex -38.7561 19.774 1.6
      vertex -38.4635 18.3028 1.6
      vertex -38.7305 18.2632 1.6
    endloop
  endfacet
  facet normal 0 0 -1
    outer loop
      vertex -38.4635 18.3028 1.6
      vertex -38.7561 19.774 1.6
      vertex -38.6371 19.8038 1.6
    endloop
  endfacet
  facet normal 0 0 -1
    outer loop
      vertex -38.7305 18.2632 1.6
      vertex -38.8775 19.756 1.6
      vertex -38.7561 19.774 1.6
    endloop
  endfacet
  facet normal 0 0 -1
    outer loop
      vertex -39 18.25 1.6
      vertex -38.8775 19.756 1.6
      vertex -38.7305 18.2632 1.6
    endloop
  endfacet
  facet normal 0 0 -1
    outer loop
      vertex -39 18.25 1.6
      vertex -39 19.75 1.6
      vertex -38.8775 19.756 1.6
    endloop
  endfacet
  facet normal 0 0 -1
    outer loop
      vertex -39 18.25 1.6
      vertex -39.1225 19.756 1.6
      vertex -39 19.75 1.6
    endloop
  endfacet
  facet normal 0 0 -1
    outer loop
      vertex -39.2695 18.2632 1.6
      vertex -39.1225 19.756 1.6
      vertex -39 18.25 1.6
    endloop
  endfacet
  facet normal -0 0 -1
    outer loop
      vertex -39.1225 19.756 1.6
      vertex -39.2695 18.2632 1.6
      vertex -39.2439 19.774 1.6
    endloop
  endfacet
  facet normal 0 0 -1
    outer loop
      vertex -39.5365 18.3028 1.6
      vertex -39.2439 19.774 1.6
      vertex -39.2695 18.2632 1.6
    endloop
  endfacet
  facet normal -0 0 -1
    outer loop
      vertex -39.2439 19.774 1.6
      vertex -39.5365 18.3028 1.6
      vertex -39.3629 19.8038 1.6
    endloop
  endfacet
  facet normal 0 0 -1
    outer loop
      vertex -39.7983 18.3684 1.6
      vertex -39.3629 19.8038 1.6
      vertex -39.5365 18.3028 1.6
    endloop
  endfacet
  facet normal -0 0 -1
    outer loop
      vertex -39.3629 19.8038 1.6
      vertex -39.7983 18.3684 1.6
      vertex -39.4784 19.8451 1.6
    endloop
  endfacet
  facet normal 0 0 -1
    outer loop
      vertex -40.0524 18.4593 1.6
      vertex -39.4784 19.8451 1.6
      vertex -39.7983 18.3684 1.6
    endloop
  endfacet
  facet normal -0 0 -1
    outer loop
      vertex -39.4784 19.8451 1.6
      vertex -40.0524 18.4593 1.6
      vertex -39.5892 19.8976 1.6
    endloop
  endfacet
  facet normal 0 0 -1
    outer loop
      vertex -40.2963 18.5747 1.6
      vertex -39.5892 19.8976 1.6
      vertex -40.0524 18.4593 1.6
    endloop
  endfacet
  facet normal -0 0 -1
    outer loop
      vertex -39.5892 19.8976 1.6
      vertex -40.2963 18.5747 1.6
      vertex -39.6945 19.9607 1.6
    endloop
  endfacet
  facet normal 0 0 -1
    outer loop
      vertex -40.5278 18.7135 1.6
      vertex -39.6945 19.9607 1.6
      vertex -40.2963 18.5747 1.6
    endloop
  endfacet
  facet normal -0 0 -1
    outer loop
      vertex -39.6945 19.9607 1.6
      vertex -40.5278 18.7135 1.6
      vertex -39.793 20.0337 1.6
    endloop
  endfacet
  facet normal 0 0 -1
    outer loop
      vertex -40.7446 18.8742 1.6
      vertex -39.793 20.0337 1.6
      vertex -40.5278 18.7135 1.6
    endloop
  endfacet
  facet normal -0 0 -1
    outer loop
      vertex -39.793 20.0337 1.6
      vertex -40.7446 18.8742 1.6
      vertex -39.8839 20.1161 1.6
    endloop
  endfacet
  facet normal 0 0 -1
    outer loop
      vertex -40.9445 19.0555 1.6
      vertex -39.8839 20.1161 1.6
      vertex -40.7446 18.8742 1.6
    endloop
  endfacet
  facet normal -0 0 -1
    outer loop
      vertex -39.8839 20.1161 1.6
      vertex -40.9445 19.0555 1.6
      vertex -39.9663 20.207 1.6
    endloop
  endfacet
  facet normal 0 0 -1
    outer loop
      vertex -41.1258 19.2554 1.6
      vertex -39.9663 20.207 1.6
      vertex -40.9445 19.0555 1.6
    endloop
  endfacet
  facet normal -0 0 -1
    outer loop
      vertex -39.9663 20.207 1.6
      vertex -41.1258 19.2554 1.6
      vertex -40.0393 20.3055 1.6
    endloop
  endfacet
  facet normal -0 0 -1
    outer loop
      vertex -40.0393 20.3055 1.6
      vertex -41.2865 19.4722 1.6
      vertex -40.1024 20.4108 1.6
    endloop
  endfacet
  facet normal 0 0 -1
    outer loop
      vertex -41.2865 19.4722 1.6
      vertex -40.0393 20.3055 1.6
      vertex -41.1258 19.2554 1.6
    endloop
  endfacet
  facet normal 0 0 -1
    outer loop
      vertex -37.9607 21.6945 1.6
      vertex -36.7135 22.5278 1.6
      vertex -37.8976 21.5892 1.6
    endloop
  endfacet
  facet normal -0 0 -1
    outer loop
      vertex -36.7135 22.5278 1.6
      vertex -37.9607 21.6945 1.6
      vertex -36.8742 22.7446 1.6
    endloop
  endfacet
  facet normal 0 0 -1
    outer loop
      vertex -38.0337 21.793 1.6
      vertex -36.8742 22.7446 1.6
      vertex -37.9607 21.6945 1.6
    endloop
  endfacet
  facet normal -0 0 -1
    outer loop
      vertex -36.8742 22.7446 1.6
      vertex -38.0337 21.793 1.6
      vertex -37.0555 22.9445 1.6
    endloop
  endfacet
  facet normal 0 0 -1
    outer loop
      vertex -38.1161 21.8839 1.6
      vertex -37.0555 22.9445 1.6
      vertex -38.0337 21.793 1.6
    endloop
  endfacet
  facet normal -0 0 -1
    outer loop
      vertex -37.0555 22.9445 1.6
      vertex -38.1161 21.8839 1.6
      vertex -37.2554 23.1258 1.6
    endloop
  endfacet
  facet normal 0 0 -1
    outer loop
      vertex -38.207 21.9663 1.6
      vertex -37.2554 23.1258 1.6
      vertex -38.1161 21.8839 1.6
    endloop
  endfacet
  facet normal -0 0 -1
    outer loop
      vertex -37.2554 23.1258 1.6
      vertex -38.207 21.9663 1.6
      vertex -37.4722 23.2865 1.6
    endloop
  endfacet
  facet normal 0 0 -1
    outer loop
      vertex -38.3055 22.0393 1.6
      vertex -37.4722 23.2865 1.6
      vertex -38.207 21.9663 1.6
    endloop
  endfacet
  facet normal -0 0 -1
    outer loop
      vertex -37.4722 23.2865 1.6
      vertex -38.3055 22.0393 1.6
      vertex -37.7037 23.4253 1.6
    endloop
  endfacet
  facet normal 0 0 -1
    outer loop
      vertex -38.4108 22.1024 1.6
      vertex -37.7037 23.4253 1.6
      vertex -38.3055 22.0393 1.6
    endloop
  endfacet
  facet normal -0 0 -1
    outer loop
      vertex -37.7037 23.4253 1.6
      vertex -38.4108 22.1024 1.6
      vertex -37.9476 23.5407 1.6
    endloop
  endfacet
  facet normal 0 0 -1
    outer loop
      vertex -38.5216 22.1549 1.6
      vertex -37.9476 23.5407 1.6
      vertex -38.4108 22.1024 1.6
    endloop
  endfacet
  facet normal -0 0 -1
    outer loop
      vertex -37.9476 23.5407 1.6
      vertex -38.5216 22.1549 1.6
      vertex -38.2017 23.6316 1.6
    endloop
  endfacet
  facet normal 0 0 -1
    outer loop
      vertex -38.6371 22.1962 1.6
      vertex -38.2017 23.6316 1.6
      vertex -38.5216 22.1549 1.6
    endloop
  endfacet
  facet normal -0 0 -1
    outer loop
      vertex -38.2017 23.6316 1.6
      vertex -38.6371 22.1962 1.6
      vertex -38.4635 23.6972 1.6
    endloop
  endfacet
  facet normal 0 0 -1
    outer loop
      vertex -38.7561 22.226 1.6
      vertex -38.4635 23.6972 1.6
      vertex -38.6371 22.1962 1.6
    endloop
  endfacet
  facet normal -0 0 -1
    outer loop
      vertex -38.4635 23.6972 1.6
      vertex -38.7561 22.226 1.6
      vertex -38.7305 23.7368 1.6
    endloop
  endfacet
  facet normal 0 0 -1
    outer loop
      vertex -38.8775 22.244 1.6
      vertex -38.7305 23.7368 1.6
      vertex -38.7561 22.226 1.6
    endloop
  endfacet
  facet normal 0 0 -1
    outer loop
      vertex -39 22.25 1.6
      vertex -38.7305 23.7368 1.6
      vertex -38.8775 22.244 1.6
    endloop
  endfacet
  facet normal 0 0 -1
    outer loop
      vertex -39 22.25 1.6
      vertex -39 23.75 1.6
      vertex -38.7305 23.7368 1.6
    endloop
  endfacet
  facet normal 0 0 -1
    outer loop
      vertex -39.1225 22.244 1.6
      vertex -39 23.75 1.6
      vertex -39 22.25 1.6
    endloop
  endfacet
  facet normal 0 0 -1
    outer loop
      vertex -39.2695 23.7368 1.6
      vertex -39.1225 22.244 1.6
      vertex -39.2439 22.226 1.6
    endloop
  endfacet
  facet normal 0 0 -1
    outer loop
      vertex -39.1225 22.244 1.6
      vertex -39.2695 23.7368 1.6
      vertex -39 23.75 1.6
    endloop
  endfacet
  facet normal 0 0 -1
    outer loop
      vertex -39.5365 23.6972 1.6
      vertex -39.2439 22.226 1.6
      vertex -39.3629 22.1962 1.6
    endloop
  endfacet
  facet normal 0 0 -1
    outer loop
      vertex -39.7983 23.6316 1.6
      vertex -39.3629 22.1962 1.6
      vertex -39.4784 22.1549 1.6
    endloop
  endfacet
  facet normal 0 0 -1
    outer loop
      vertex -39.2439 22.226 1.6
      vertex -39.5365 23.6972 1.6
      vertex -39.2695 23.7368 1.6
    endloop
  endfacet
  facet normal 0 0 -1
    outer loop
      vertex -40.0524 23.5407 1.6
      vertex -39.4784 22.1549 1.6
      vertex -39.5892 22.1024 1.6
    endloop
  endfacet
  facet normal 0 0 -1
    outer loop
      vertex -40.2963 23.4253 1.6
      vertex -39.5892 22.1024 1.6
      vertex -39.6945 22.0393 1.6
    endloop
  endfacet
  facet normal 0 0 -1
    outer loop
      vertex -40.5278 23.2865 1.6
      vertex -39.6945 22.0393 1.6
      vertex -39.793 21.9663 1.6
    endloop
  endfacet
  facet normal 0 0 -1
    outer loop
      vertex -39.3629 22.1962 1.6
      vertex -39.7983 23.6316 1.6
      vertex -39.5365 23.6972 1.6
    endloop
  endfacet
  facet normal 0 0 -1
    outer loop
      vertex -40.7446 23.1258 1.6
      vertex -39.793 21.9663 1.6
      vertex -39.8839 21.8839 1.6
    endloop
  endfacet
  facet normal 0 0 -1
    outer loop
      vertex -40.9445 22.9445 1.6
      vertex -39.8839 21.8839 1.6
      vertex -39.9663 21.793 1.6
    endloop
  endfacet
  facet normal 0 0 -1
    outer loop
      vertex -41.1258 22.7446 1.6
      vertex -39.9663 21.793 1.6
      vertex -40.0393 21.6945 1.6
    endloop
  endfacet
  facet normal 0 0 -1
    outer loop
      vertex -39.4784 22.1549 1.6
      vertex -40.0524 23.5407 1.6
      vertex -39.7983 23.6316 1.6
    endloop
  endfacet
  facet normal 0 0 -1
    outer loop
      vertex -41.2865 22.5278 1.6
      vertex -40.0393 21.6945 1.6
      vertex -40.1024 21.5892 1.6
    endloop
  endfacet
  facet normal 0 0 -1
    outer loop
      vertex -41.4253 22.2963 1.6
      vertex -40.1024 21.5892 1.6
      vertex -40.1549 21.4784 1.6
    endloop
  endfacet
  facet normal 0 0 -1
    outer loop
      vertex -41.5407 22.0524 1.6
      vertex -40.1549 21.4784 1.6
      vertex -40.1962 21.3629 1.6
    endloop
  endfacet
  facet normal 0 0 -1
    outer loop
      vertex -41.6316 21.7983 1.6
      vertex -40.1962 21.3629 1.6
      vertex -40.226 21.2439 1.6
    endloop
  endfacet
  facet normal 0 0 -1
    outer loop
      vertex -41.6972 21.5365 1.6
      vertex -40.226 21.2439 1.6
      vertex -40.244 21.1225 1.6
    endloop
  endfacet
  facet normal 0 0 -1
    outer loop
      vertex -39.5892 22.1024 1.6
      vertex -40.2963 23.4253 1.6
      vertex -40.0524 23.5407 1.6
    endloop
  endfacet
  facet normal 0 0 -1
    outer loop
      vertex -41.7368 21.2695 1.6
      vertex -40.244 21.1225 1.6
      vertex -40.25 21 1.6
    endloop
  endfacet
  facet normal 0 0 -1
    outer loop
      vertex -41.4253 19.7037 1.6
      vertex -40.1024 20.4108 1.6
      vertex -41.2865 19.4722 1.6
    endloop
  endfacet
  facet normal -0 0 -1
    outer loop
      vertex -40.1024 20.4108 1.6
      vertex -41.4253 19.7037 1.6
      vertex -40.1549 20.5216 1.6
    endloop
  endfacet
  facet normal 0 0 -1
    outer loop
      vertex -39.6945 22.0393 1.6
      vertex -40.5278 23.2865 1.6
      vertex -40.2963 23.4253 1.6
    endloop
  endfacet
  facet normal 0 0 -1
    outer loop
      vertex -41.5407 19.9476 1.6
      vertex -40.1549 20.5216 1.6
      vertex -41.4253 19.7037 1.6
    endloop
  endfacet
  facet normal 0 0 -1
    outer loop
      vertex -39.793 21.9663 1.6
      vertex -40.7446 23.1258 1.6
      vertex -40.5278 23.2865 1.6
    endloop
  endfacet
  facet normal -0 0 -1
    outer loop
      vertex -40.1549 20.5216 1.6
      vertex -41.5407 19.9476 1.6
      vertex -40.1962 20.6371 1.6
    endloop
  endfacet
  facet normal 0 0 -1
    outer loop
      vertex -39.8839 21.8839 1.6
      vertex -40.9445 22.9445 1.6
      vertex -40.7446 23.1258 1.6
    endloop
  endfacet
  facet normal 0 0 -1
    outer loop
      vertex -41.6316 20.2017 1.6
      vertex -40.1962 20.6371 1.6
      vertex -41.5407 19.9476 1.6
    endloop
  endfacet
  facet normal 0 0 -1
    outer loop
      vertex -39.9663 21.793 1.6
      vertex -41.1258 22.7446 1.6
      vertex -40.9445 22.9445 1.6
    endloop
  endfacet
  facet normal -0 0 -1
    outer loop
      vertex -40.1962 20.6371 1.6
      vertex -41.6316 20.2017 1.6
      vertex -40.226 20.7561 1.6
    endloop
  endfacet
  facet normal 0 0 -1
    outer loop
      vertex -40.0393 21.6945 1.6
      vertex -41.2865 22.5278 1.6
      vertex -41.1258 22.7446 1.6
    endloop
  endfacet
  facet normal 0 0 -1
    outer loop
      vertex -41.6972 20.4635 1.6
      vertex -40.226 20.7561 1.6
      vertex -41.6316 20.2017 1.6
    endloop
  endfacet
  facet normal 0 0 -1
    outer loop
      vertex -40.1024 21.5892 1.6
      vertex -41.4253 22.2963 1.6
      vertex -41.2865 22.5278 1.6
    endloop
  endfacet
  facet normal -0 0 -1
    outer loop
      vertex -40.226 20.7561 1.6
      vertex -41.6972 20.4635 1.6
      vertex -40.244 20.8775 1.6
    endloop
  endfacet
  facet normal 0 0 -1
    outer loop
      vertex -40.1549 21.4784 1.6
      vertex -41.5407 22.0524 1.6
      vertex -41.4253 22.2963 1.6
    endloop
  endfacet
  facet normal 0 0 -1
    outer loop
      vertex -41.7368 20.7305 1.6
      vertex -40.244 20.8775 1.6
      vertex -41.6972 20.4635 1.6
    endloop
  endfacet
  facet normal 0 0 -1
    outer loop
      vertex -40.1962 21.3629 1.6
      vertex -41.6316 21.7983 1.6
      vertex -41.5407 22.0524 1.6
    endloop
  endfacet
  facet normal -0 0 -1
    outer loop
      vertex -40.244 20.8775 1.6
      vertex -41.7368 20.7305 1.6
      vertex -40.25 21 1.6
    endloop
  endfacet
  facet normal 0 0 -1
    outer loop
      vertex -40.226 21.2439 1.6
      vertex -41.6972 21.5365 1.6
      vertex -41.6316 21.7983 1.6
    endloop
  endfacet
  facet normal 0 0 -1
    outer loop
      vertex -41.75 21 1.6
      vertex -40.25 21 1.6
      vertex -41.7368 20.7305 1.6
    endloop
  endfacet
  facet normal 0 0 -1
    outer loop
      vertex -40.244 21.1225 1.6
      vertex -41.7368 21.2695 1.6
      vertex -41.6972 21.5365 1.6
    endloop
  endfacet
  facet normal 0 0 -1
    outer loop
      vertex -40.25 21 1.6
      vertex -41.75 21 1.6
      vertex -41.7368 21.2695 1.6
    endloop
  endfacet
  facet normal -0.740728 -0.671805 0
    outer loop
      vertex -40.9445 19.0555 1.6
      vertex -41.1258 19.2554 4.9
      vertex -41.1258 19.2554 1.6
    endloop
  endfacet
  facet normal -0.740728 -0.671805 0
    outer loop
      vertex -41.1258 19.2554 4.9
      vertex -40.9445 19.0555 1.6
      vertex -40.9445 19.0555 4.9
    endloop
  endfacet
  facet normal 0.970012 0.243059 0
    outer loop
      vertex -36.3028 21.5365 4.9
      vertex -36.3684 21.7983 1.6
      vertex -36.3684 21.7983 4.9
    endloop
  endfacet
  facet normal 0.970012 0.243059 0
    outer loop
      vertex -36.3684 21.7983 1.6
      vertex -36.3028 21.5365 4.9
      vertex -36.3028 21.5365 1.6
    endloop
  endfacet
  facet normal 0.941566 0.336829 0
    outer loop
      vertex -36.3684 21.7983 4.9
      vertex -36.4593 22.0524 1.6
      vertex -36.4593 22.0524 4.9
    endloop
  endfacet
  facet normal 0.941566 0.336829 0
    outer loop
      vertex -36.4593 22.0524 1.6
      vertex -36.3684 21.7983 4.9
      vertex -36.3684 21.7983 1.6
    endloop
  endfacet
  facet normal 0.740728 0.671805 0
    outer loop
      vertex -36.8742 22.7446 4.9
      vertex -37.0555 22.9445 1.6
      vertex -37.0555 22.9445 4.9
    endloop
  endfacet
  facet normal 0.740728 0.671805 0
    outer loop
      vertex -37.0555 22.9445 1.6
      vertex -36.8742 22.7446 4.9
      vertex -36.8742 22.7446 1.6
    endloop
  endfacet
  facet normal 0.803367 0.595485 0
    outer loop
      vertex -36.7135 22.5278 4.9
      vertex -36.8742 22.7446 1.6
      vertex -36.8742 22.7446 4.9
    endloop
  endfacet
  facet normal 0.803367 0.595485 0
    outer loop
      vertex -36.8742 22.7446 1.6
      vertex -36.7135 22.5278 4.9
      vertex -36.7135 22.5278 1.6
    endloop
  endfacet
  facet normal 0.671805 0.740728 -0
    outer loop
      vertex -37.0555 22.9445 1.6
      vertex -37.2554 23.1258 4.9
      vertex -37.0555 22.9445 4.9
    endloop
  endfacet
  facet normal 0.671805 0.740728 0
    outer loop
      vertex -37.2554 23.1258 4.9
      vertex -37.0555 22.9445 1.6
      vertex -37.2554 23.1258 1.6
    endloop
  endfacet
  facet normal 0.514223 0.857656 -0
    outer loop
      vertex -37.4722 23.2865 1.6
      vertex -37.7037 23.4253 4.9
      vertex -37.4722 23.2865 4.9
    endloop
  endfacet
  facet normal 0.514223 0.857656 0
    outer loop
      vertex -37.7037 23.4253 4.9
      vertex -37.4722 23.2865 1.6
      vertex -37.7037 23.4253 1.6
    endloop
  endfacet
  facet normal 0.0489209 0.998803 -0
    outer loop
      vertex -38.7305 23.7368 1.6
      vertex -39 23.75 4.9
      vertex -38.7305 23.7368 4.9
    endloop
  endfacet
  facet normal 0.0489209 0.998803 0
    outer loop
      vertex -39 23.75 4.9
      vertex -38.7305 23.7368 1.6
      vertex -39 23.75 1.6
    endloop
  endfacet
  facet normal 0.336829 0.941566 -0
    outer loop
      vertex -37.9476 23.5407 1.6
      vertex -38.2017 23.6316 4.9
      vertex -37.9476 23.5407 4.9
    endloop
  endfacet
  facet normal 0.336829 0.941566 0
    outer loop
      vertex -38.2017 23.6316 4.9
      vertex -37.9476 23.5407 1.6
      vertex -38.2017 23.6316 1.6
    endloop
  endfacet
  facet normal 0.243059 0.970012 -0
    outer loop
      vertex -38.2017 23.6316 1.6
      vertex -38.4635 23.6972 4.9
      vertex -38.2017 23.6316 4.9
    endloop
  endfacet
  facet normal 0.243059 0.970012 0
    outer loop
      vertex -38.4635 23.6972 4.9
      vertex -38.2017 23.6316 1.6
      vertex -38.4635 23.6972 1.6
    endloop
  endfacet
  facet normal -0.998803 0.0489209 0
    outer loop
      vertex -41.75 21 1.6
      vertex -41.7368 21.2695 4.9
      vertex -41.7368 21.2695 1.6
    endloop
  endfacet
  facet normal -0.998803 0.0489209 0
    outer loop
      vertex -41.7368 21.2695 4.9
      vertex -41.75 21 1.6
      vertex -41.75 21 4.9
    endloop
  endfacet
  facet normal -0.941566 0.336829 0
    outer loop
      vertex -41.6316 21.7983 1.6
      vertex -41.5407 22.0524 4.9
      vertex -41.5407 22.0524 1.6
    endloop
  endfacet
  facet normal -0.941566 0.336829 0
    outer loop
      vertex -41.5407 22.0524 4.9
      vertex -41.6316 21.7983 1.6
      vertex -41.6316 21.7983 4.9
    endloop
  endfacet
  facet normal -0.970012 0.243059 0
    outer loop
      vertex -41.6972 21.5365 1.6
      vertex -41.6316 21.7983 4.9
      vertex -41.6316 21.7983 1.6
    endloop
  endfacet
  facet normal -0.970012 0.243059 0
    outer loop
      vertex -41.6316 21.7983 4.9
      vertex -41.6972 21.5365 1.6
      vertex -41.6972 21.5365 4.9
    endloop
  endfacet
  facet normal -0.857656 0.514223 0
    outer loop
      vertex -41.4253 22.2963 1.6
      vertex -41.2865 22.5278 4.9
      vertex -41.2865 22.5278 1.6
    endloop
  endfacet
  facet normal -0.857656 0.514223 0
    outer loop
      vertex -41.2865 22.5278 4.9
      vertex -41.4253 22.2963 1.6
      vertex -41.4253 22.2963 4.9
    endloop
  endfacet
  facet normal -0.803367 0.595485 0
    outer loop
      vertex -41.2865 22.5278 1.6
      vertex -41.1258 22.7446 4.9
      vertex -41.1258 22.7446 1.6
    endloop
  endfacet
  facet normal -0.803367 0.595485 0
    outer loop
      vertex -41.1258 22.7446 4.9
      vertex -41.2865 22.5278 1.6
      vertex -41.2865 22.5278 4.9
    endloop
  endfacet
  facet normal -0.243059 0.970012 0
    outer loop
      vertex -39.5365 23.6972 1.6
      vertex -39.7983 23.6316 4.9
      vertex -39.5365 23.6972 4.9
    endloop
  endfacet
  facet normal -0.243059 0.970012 0
    outer loop
      vertex -39.7983 23.6316 4.9
      vertex -39.5365 23.6972 1.6
      vertex -39.7983 23.6316 1.6
    endloop
  endfacet
  facet normal -0.0489209 0.998803 0
    outer loop
      vertex -39 23.75 1.6
      vertex -39.2695 23.7368 4.9
      vertex -39 23.75 4.9
    endloop
  endfacet
  facet normal -0.0489209 0.998803 0
    outer loop
      vertex -39.2695 23.7368 4.9
      vertex -39 23.75 1.6
      vertex -39.2695 23.7368 1.6
    endloop
  endfacet
  facet normal -0.514223 0.857656 0
    outer loop
      vertex -40.2963 23.4253 1.6
      vertex -40.5278 23.2865 4.9
      vertex -40.2963 23.4253 4.9
    endloop
  endfacet
  facet normal -0.514223 0.857656 0
    outer loop
      vertex -40.5278 23.2865 4.9
      vertex -40.2963 23.4253 1.6
      vertex -40.5278 23.2865 1.6
    endloop
  endfacet
  facet normal -0.595485 0.803367 0
    outer loop
      vertex -40.5278 23.2865 1.6
      vertex -40.7446 23.1258 4.9
      vertex -40.5278 23.2865 4.9
    endloop
  endfacet
  facet normal -0.595485 0.803367 0
    outer loop
      vertex -40.7446 23.1258 4.9
      vertex -40.5278 23.2865 1.6
      vertex -40.7446 23.1258 1.6
    endloop
  endfacet
  facet normal -0.427688 0.903926 0
    outer loop
      vertex -40.0524 23.5407 1.6
      vertex -40.2963 23.4253 4.9
      vertex -40.0524 23.5407 4.9
    endloop
  endfacet
  facet normal -0.427688 0.903926 0
    outer loop
      vertex -40.2963 23.4253 4.9
      vertex -40.0524 23.5407 1.6
      vertex -40.2963 23.4253 1.6
    endloop
  endfacet
  facet normal -0.671805 0.740728 0
    outer loop
      vertex -40.7446 23.1258 1.6
      vertex -40.9445 22.9445 4.9
      vertex -40.7446 23.1258 4.9
    endloop
  endfacet
  facet normal -0.671805 0.740728 0
    outer loop
      vertex -40.9445 22.9445 4.9
      vertex -40.7446 23.1258 1.6
      vertex -40.9445 22.9445 1.6
    endloop
  endfacet
  facet normal 0.998803 0.0489209 0
    outer loop
      vertex -36.25 21 4.9
      vertex -36.2632 21.2695 1.6
      vertex -36.2632 21.2695 4.9
    endloop
  endfacet
  facet normal 0.998803 0.0489209 0
    outer loop
      vertex -36.2632 21.2695 1.6
      vertex -36.25 21 4.9
      vertex -36.25 21 1.6
    endloop
  endfacet
  facet normal 0.0489209 -0.998803 0
    outer loop
      vertex -39 18.25 1.6
      vertex -38.7305 18.2632 4.9
      vertex -39 18.25 4.9
    endloop
  endfacet
  facet normal 0.0489209 -0.998803 0
    outer loop
      vertex -38.7305 18.2632 4.9
      vertex -39 18.25 1.6
      vertex -38.7305 18.2632 1.6
    endloop
  endfacet
  facet normal 0.903926 -0.427688 0
    outer loop
      vertex -36.5747 19.7037 4.9
      vertex -36.4593 19.9476 1.6
      vertex -36.4593 19.9476 4.9
    endloop
  endfacet
  facet normal 0.903926 -0.427688 0
    outer loop
      vertex -36.4593 19.9476 1.6
      vertex -36.5747 19.7037 4.9
      vertex -36.5747 19.7037 1.6
    endloop
  endfacet
  facet normal 0.14671 -0.98918 0
    outer loop
      vertex -38.7305 18.2632 1.6
      vertex -38.4635 18.3028 4.9
      vertex -38.7305 18.2632 4.9
    endloop
  endfacet
  facet normal 0.14671 -0.98918 0
    outer loop
      vertex -38.4635 18.3028 4.9
      vertex -38.7305 18.2632 1.6
      vertex -38.4635 18.3028 1.6
    endloop
  endfacet
  facet normal 0.740728 -0.671805 0
    outer loop
      vertex -37.0555 19.0555 4.9
      vertex -36.8742 19.2554 1.6
      vertex -36.8742 19.2554 4.9
    endloop
  endfacet
  facet normal 0.740728 -0.671805 0
    outer loop
      vertex -36.8742 19.2554 1.6
      vertex -37.0555 19.0555 4.9
      vertex -37.0555 19.0555 1.6
    endloop
  endfacet
  facet normal 0.671805 -0.740728 0
    outer loop
      vertex -37.2554 18.8742 1.6
      vertex -37.0555 19.0555 4.9
      vertex -37.2554 18.8742 4.9
    endloop
  endfacet
  facet normal 0.671805 -0.740728 0
    outer loop
      vertex -37.0555 19.0555 4.9
      vertex -37.2554 18.8742 1.6
      vertex -37.0555 19.0555 1.6
    endloop
  endfacet
  facet normal 0.514223 -0.857656 0
    outer loop
      vertex -37.7037 18.5747 1.6
      vertex -37.4722 18.7135 4.9
      vertex -37.7037 18.5747 4.9
    endloop
  endfacet
  facet normal 0.514223 -0.857656 0
    outer loop
      vertex -37.4722 18.7135 4.9
      vertex -37.7037 18.5747 1.6
      vertex -37.4722 18.7135 1.6
    endloop
  endfacet
  facet normal -0.0489209 -0.998803 0
    outer loop
      vertex -39.2695 18.2632 1.6
      vertex -39 18.25 4.9
      vertex -39.2695 18.2632 4.9
    endloop
  endfacet
  facet normal -0.0489209 -0.998803 -0
    outer loop
      vertex -39 18.25 4.9
      vertex -39.2695 18.2632 1.6
      vertex -39 18.25 1.6
    endloop
  endfacet
  facet normal -0.336829 -0.941566 0
    outer loop
      vertex -40.0524 18.4593 1.6
      vertex -39.7983 18.3684 4.9
      vertex -40.0524 18.4593 4.9
    endloop
  endfacet
  facet normal -0.336829 -0.941566 -0
    outer loop
      vertex -39.7983 18.3684 4.9
      vertex -40.0524 18.4593 1.6
      vertex -39.7983 18.3684 1.6
    endloop
  endfacet
  facet normal -0.514223 -0.857656 0
    outer loop
      vertex -40.5278 18.7135 1.6
      vertex -40.2963 18.5747 4.9
      vertex -40.5278 18.7135 4.9
    endloop
  endfacet
  facet normal -0.514223 -0.857656 -0
    outer loop
      vertex -40.2963 18.5747 4.9
      vertex -40.5278 18.7135 1.6
      vertex -40.2963 18.5747 1.6
    endloop
  endfacet
  facet normal -0.970012 -0.243059 0
    outer loop
      vertex -41.6316 20.2017 1.6
      vertex -41.6972 20.4635 4.9
      vertex -41.6972 20.4635 1.6
    endloop
  endfacet
  facet normal -0.970012 -0.243059 0
    outer loop
      vertex -41.6972 20.4635 4.9
      vertex -41.6316 20.2017 1.6
      vertex -41.6316 20.2017 4.9
    endloop
  endfacet
  facet normal -0.998803 -0.0489209 0
    outer loop
      vertex -41.7368 20.7305 1.6
      vertex -41.75 21 4.9
      vertex -41.75 21 1.6
    endloop
  endfacet
  facet normal -0.998803 -0.0489209 0
    outer loop
      vertex -41.75 21 4.9
      vertex -41.7368 20.7305 1.6
      vertex -41.7368 20.7305 4.9
    endloop
  endfacet
  facet normal -0.803367 -0.595485 0
    outer loop
      vertex -41.1258 19.2554 1.6
      vertex -41.2865 19.4722 4.9
      vertex -41.2865 19.4722 1.6
    endloop
  endfacet
  facet normal -0.803367 -0.595485 0
    outer loop
      vertex -41.2865 19.4722 4.9
      vertex -41.1258 19.2554 1.6
      vertex -41.1258 19.2554 4.9
    endloop
  endfacet
  facet normal -0.857656 -0.514223 0
    outer loop
      vertex -41.2865 19.4722 1.6
      vertex -41.4253 19.7037 4.9
      vertex -41.4253 19.7037 1.6
    endloop
  endfacet
  facet normal -0.857656 -0.514223 0
    outer loop
      vertex -41.4253 19.7037 4.9
      vertex -41.2865 19.4722 1.6
      vertex -41.2865 19.4722 4.9
    endloop
  endfacet
  facet normal -0.903926 -0.427688 0
    outer loop
      vertex -41.4253 19.7037 1.6
      vertex -41.5407 19.9476 4.9
      vertex -41.5407 19.9476 1.6
    endloop
  endfacet
  facet normal -0.903926 -0.427688 0
    outer loop
      vertex -41.5407 19.9476 4.9
      vertex -41.4253 19.7037 1.6
      vertex -41.4253 19.7037 4.9
    endloop
  endfacet
  facet normal 0.98918 0.14671 0
    outer loop
      vertex -36.2632 21.2695 4.9
      vertex -36.3028 21.5365 1.6
      vertex -36.3028 21.5365 4.9
    endloop
  endfacet
  facet normal 0.98918 0.14671 0
    outer loop
      vertex -36.3028 21.5365 1.6
      vertex -36.2632 21.2695 4.9
      vertex -36.2632 21.2695 1.6
    endloop
  endfacet
  facet normal 0.14671 0.98918 -0
    outer loop
      vertex -38.4635 23.6972 1.6
      vertex -38.7305 23.7368 4.9
      vertex -38.4635 23.6972 4.9
    endloop
  endfacet
  facet normal 0.14671 0.98918 0
    outer loop
      vertex -38.7305 23.7368 4.9
      vertex -38.4635 23.6972 1.6
      vertex -38.7305 23.7368 1.6
    endloop
  endfacet
  facet normal 0 0 1
    outer loop
      vertex -37.75 21 4.9
      vertex -36.25 21 4.9
      vertex -36.2632 21.2695 4.9
    endloop
  endfacet
  facet normal 0 0 1
    outer loop
      vertex -37.756 21.1225 4.9
      vertex -36.2632 21.2695 4.9
      vertex -36.3028 21.5365 4.9
    endloop
  endfacet
  facet normal 0 0 1
    outer loop
      vertex -36.25 21 4.9
      vertex -37.75 21 4.9
      vertex -36.2632 20.7305 4.9
    endloop
  endfacet
  facet normal 0 0 1
    outer loop
      vertex -37.774 21.2439 4.9
      vertex -36.3028 21.5365 4.9
      vertex -36.3684 21.7983 4.9
    endloop
  endfacet
  facet normal -0 0 1
    outer loop
      vertex -37.756 20.8775 4.9
      vertex -36.2632 20.7305 4.9
      vertex -37.75 21 4.9
    endloop
  endfacet
  facet normal 0 0 1
    outer loop
      vertex -37.8038 21.3629 4.9
      vertex -36.3684 21.7983 4.9
      vertex -36.4593 22.0524 4.9
    endloop
  endfacet
  facet normal 0 0 1
    outer loop
      vertex -36.2632 20.7305 4.9
      vertex -37.756 20.8775 4.9
      vertex -36.3028 20.4635 4.9
    endloop
  endfacet
  facet normal 0 0 1
    outer loop
      vertex -37.8451 21.4784 4.9
      vertex -36.4593 22.0524 4.9
      vertex -36.5747 22.2963 4.9
    endloop
  endfacet
  facet normal -0 0 1
    outer loop
      vertex -37.774 20.7561 4.9
      vertex -36.3028 20.4635 4.9
      vertex -37.756 20.8775 4.9
    endloop
  endfacet
  facet normal 0 0 1
    outer loop
      vertex -37.8976 21.5892 4.9
      vertex -36.5747 22.2963 4.9
      vertex -36.7135 22.5278 4.9
    endloop
  endfacet
  facet normal 0 0 1
    outer loop
      vertex -36.3028 20.4635 4.9
      vertex -37.774 20.7561 4.9
      vertex -36.3684 20.2017 4.9
    endloop
  endfacet
  facet normal 0 0 1
    outer loop
      vertex -37.9607 21.6945 4.9
      vertex -36.7135 22.5278 4.9
      vertex -36.8742 22.7446 4.9
    endloop
  endfacet
  facet normal -0 0 1
    outer loop
      vertex -37.8038 20.6371 4.9
      vertex -36.3684 20.2017 4.9
      vertex -37.774 20.7561 4.9
    endloop
  endfacet
  facet normal 0 0 1
    outer loop
      vertex -38.0337 21.793 4.9
      vertex -36.8742 22.7446 4.9
      vertex -37.0555 22.9445 4.9
    endloop
  endfacet
  facet normal 0 0 1
    outer loop
      vertex -36.3684 20.2017 4.9
      vertex -37.8038 20.6371 4.9
      vertex -36.4593 19.9476 4.9
    endloop
  endfacet
  facet normal 0 0 1
    outer loop
      vertex -38.1161 21.8839 4.9
      vertex -37.0555 22.9445 4.9
      vertex -37.2554 23.1258 4.9
    endloop
  endfacet
  facet normal -0 0 1
    outer loop
      vertex -37.8451 20.5216 4.9
      vertex -36.4593 19.9476 4.9
      vertex -37.8038 20.6371 4.9
    endloop
  endfacet
  facet normal 0 0 1
    outer loop
      vertex -38.207 21.9663 4.9
      vertex -37.2554 23.1258 4.9
      vertex -37.4722 23.2865 4.9
    endloop
  endfacet
  facet normal 0 0 1
    outer loop
      vertex -36.4593 19.9476 4.9
      vertex -37.8451 20.5216 4.9
      vertex -36.5747 19.7037 4.9
    endloop
  endfacet
  facet normal 0 0 1
    outer loop
      vertex -38.3055 22.0393 4.9
      vertex -37.4722 23.2865 4.9
      vertex -37.7037 23.4253 4.9
    endloop
  endfacet
  facet normal -0 0 1
    outer loop
      vertex -37.8976 20.4108 4.9
      vertex -36.5747 19.7037 4.9
      vertex -37.8451 20.5216 4.9
    endloop
  endfacet
  facet normal 0 0 1
    outer loop
      vertex -36.5747 19.7037 4.9
      vertex -37.8976 20.4108 4.9
      vertex -36.7135 19.4722 4.9
    endloop
  endfacet
  facet normal 0 0 1
    outer loop
      vertex -36.2632 21.2695 4.9
      vertex -37.756 21.1225 4.9
      vertex -37.75 21 4.9
    endloop
  endfacet
  facet normal 0 0 1
    outer loop
      vertex -36.3028 21.5365 4.9
      vertex -37.774 21.2439 4.9
      vertex -37.756 21.1225 4.9
    endloop
  endfacet
  facet normal 0 0 1
    outer loop
      vertex -36.3684 21.7983 4.9
      vertex -37.8038 21.3629 4.9
      vertex -37.774 21.2439 4.9
    endloop
  endfacet
  facet normal 0 0 1
    outer loop
      vertex -36.4593 22.0524 4.9
      vertex -37.8451 21.4784 4.9
      vertex -37.8038 21.3629 4.9
    endloop
  endfacet
  facet normal 0 0 1
    outer loop
      vertex -36.5747 22.2963 4.9
      vertex -37.8976 21.5892 4.9
      vertex -37.8451 21.4784 4.9
    endloop
  endfacet
  facet normal 0 0 1
    outer loop
      vertex -38.4108 22.1024 4.9
      vertex -37.7037 23.4253 4.9
      vertex -37.9476 23.5407 4.9
    endloop
  endfacet
  facet normal 0 0 1
    outer loop
      vertex -36.7135 22.5278 4.9
      vertex -37.9607 21.6945 4.9
      vertex -37.8976 21.5892 4.9
    endloop
  endfacet
  facet normal 0 0 1
    outer loop
      vertex -36.8742 22.7446 4.9
      vertex -38.0337 21.793 4.9
      vertex -37.9607 21.6945 4.9
    endloop
  endfacet
  facet normal 0 0 1
    outer loop
      vertex -37.0555 22.9445 4.9
      vertex -38.1161 21.8839 4.9
      vertex -38.0337 21.793 4.9
    endloop
  endfacet
  facet normal 0 0 1
    outer loop
      vertex -38.5216 22.1549 4.9
      vertex -37.9476 23.5407 4.9
      vertex -38.2017 23.6316 4.9
    endloop
  endfacet
  facet normal 0 0 1
    outer loop
      vertex -37.2554 23.1258 4.9
      vertex -38.207 21.9663 4.9
      vertex -38.1161 21.8839 4.9
    endloop
  endfacet
  facet normal 0 0 1
    outer loop
      vertex -37.4722 23.2865 4.9
      vertex -38.3055 22.0393 4.9
      vertex -38.207 21.9663 4.9
    endloop
  endfacet
  facet normal 0 0 1
    outer loop
      vertex -37.7037 23.4253 4.9
      vertex -38.4108 22.1024 4.9
      vertex -38.3055 22.0393 4.9
    endloop
  endfacet
  facet normal 0 0 1
    outer loop
      vertex -38.6371 22.1962 4.9
      vertex -38.2017 23.6316 4.9
      vertex -38.4635 23.6972 4.9
    endloop
  endfacet
  facet normal 0 0 1
    outer loop
      vertex -37.9476 23.5407 4.9
      vertex -38.5216 22.1549 4.9
      vertex -38.4108 22.1024 4.9
    endloop
  endfacet
  facet normal 0 0 1
    outer loop
      vertex -38.2017 23.6316 4.9
      vertex -38.6371 22.1962 4.9
      vertex -38.5216 22.1549 4.9
    endloop
  endfacet
  facet normal 0 0 1
    outer loop
      vertex -38.7561 22.226 4.9
      vertex -38.4635 23.6972 4.9
      vertex -38.7305 23.7368 4.9
    endloop
  endfacet
  facet normal 0 0 1
    outer loop
      vertex -38.4635 23.6972 4.9
      vertex -38.7561 22.226 4.9
      vertex -38.6371 22.1962 4.9
    endloop
  endfacet
  facet normal 0 0 1
    outer loop
      vertex -38.7305 23.7368 4.9
      vertex -38.8775 22.244 4.9
      vertex -38.7561 22.226 4.9
    endloop
  endfacet
  facet normal 0 0 1
    outer loop
      vertex -39 23.75 4.9
      vertex -38.8775 22.244 4.9
      vertex -38.7305 23.7368 4.9
    endloop
  endfacet
  facet normal 0 0 1
    outer loop
      vertex -39 23.75 4.9
      vertex -39 22.25 4.9
      vertex -38.8775 22.244 4.9
    endloop
  endfacet
  facet normal 0 0 1
    outer loop
      vertex -39 23.75 4.9
      vertex -39.1225 22.244 4.9
      vertex -39 22.25 4.9
    endloop
  endfacet
  facet normal -0 0 1
    outer loop
      vertex -39.2695 23.7368 4.9
      vertex -39.1225 22.244 4.9
      vertex -39 23.75 4.9
    endloop
  endfacet
  facet normal 0 0 1
    outer loop
      vertex -39.1225 22.244 4.9
      vertex -39.2695 23.7368 4.9
      vertex -39.2439 22.226 4.9
    endloop
  endfacet
  facet normal -0 0 1
    outer loop
      vertex -39.5365 23.6972 4.9
      vertex -39.2439 22.226 4.9
      vertex -39.2695 23.7368 4.9
    endloop
  endfacet
  facet normal 0 0 1
    outer loop
      vertex -39.2439 22.226 4.9
      vertex -39.5365 23.6972 4.9
      vertex -39.3629 22.1962 4.9
    endloop
  endfacet
  facet normal -0 0 1
    outer loop
      vertex -39.7983 23.6316 4.9
      vertex -39.3629 22.1962 4.9
      vertex -39.5365 23.6972 4.9
    endloop
  endfacet
  facet normal 0 0 1
    outer loop
      vertex -39.3629 22.1962 4.9
      vertex -39.7983 23.6316 4.9
      vertex -39.4784 22.1549 4.9
    endloop
  endfacet
  facet normal -0 0 1
    outer loop
      vertex -40.0524 23.5407 4.9
      vertex -39.4784 22.1549 4.9
      vertex -39.7983 23.6316 4.9
    endloop
  endfacet
  facet normal 0 0 1
    outer loop
      vertex -39.4784 22.1549 4.9
      vertex -40.0524 23.5407 4.9
      vertex -39.5892 22.1024 4.9
    endloop
  endfacet
  facet normal -0 0 1
    outer loop
      vertex -40.2963 23.4253 4.9
      vertex -39.5892 22.1024 4.9
      vertex -40.0524 23.5407 4.9
    endloop
  endfacet
  facet normal 0 0 1
    outer loop
      vertex -39.5892 22.1024 4.9
      vertex -40.2963 23.4253 4.9
      vertex -39.6945 22.0393 4.9
    endloop
  endfacet
  facet normal -0 0 1
    outer loop
      vertex -40.5278 23.2865 4.9
      vertex -39.6945 22.0393 4.9
      vertex -40.2963 23.4253 4.9
    endloop
  endfacet
  facet normal 0 0 1
    outer loop
      vertex -39.6945 22.0393 4.9
      vertex -40.5278 23.2865 4.9
      vertex -39.793 21.9663 4.9
    endloop
  endfacet
  facet normal -0 0 1
    outer loop
      vertex -40.7446 23.1258 4.9
      vertex -39.793 21.9663 4.9
      vertex -40.5278 23.2865 4.9
    endloop
  endfacet
  facet normal 0 0 1
    outer loop
      vertex -39.793 21.9663 4.9
      vertex -40.7446 23.1258 4.9
      vertex -39.8839 21.8839 4.9
    endloop
  endfacet
  facet normal -0 0 1
    outer loop
      vertex -40.9445 22.9445 4.9
      vertex -39.8839 21.8839 4.9
      vertex -40.7446 23.1258 4.9
    endloop
  endfacet
  facet normal 0 0 1
    outer loop
      vertex -39.8839 21.8839 4.9
      vertex -40.9445 22.9445 4.9
      vertex -39.9663 21.793 4.9
    endloop
  endfacet
  facet normal -0 0 1
    outer loop
      vertex -41.1258 22.7446 4.9
      vertex -39.9663 21.793 4.9
      vertex -40.9445 22.9445 4.9
    endloop
  endfacet
  facet normal 0 0 1
    outer loop
      vertex -39.9663 21.793 4.9
      vertex -41.1258 22.7446 4.9
      vertex -40.0393 21.6945 4.9
    endloop
  endfacet
  facet normal 0 0 1
    outer loop
      vertex -40.0393 21.6945 4.9
      vertex -41.2865 22.5278 4.9
      vertex -40.1024 21.5892 4.9
    endloop
  endfacet
  facet normal -0 0 1
    outer loop
      vertex -41.2865 22.5278 4.9
      vertex -40.0393 21.6945 4.9
      vertex -41.1258 22.7446 4.9
    endloop
  endfacet
  facet normal -0 0 1
    outer loop
      vertex -37.9607 20.3055 4.9
      vertex -36.7135 19.4722 4.9
      vertex -37.8976 20.4108 4.9
    endloop
  endfacet
  facet normal 0 0 1
    outer loop
      vertex -36.7135 19.4722 4.9
      vertex -37.9607 20.3055 4.9
      vertex -36.8742 19.2554 4.9
    endloop
  endfacet
  facet normal -0 0 1
    outer loop
      vertex -38.0337 20.207 4.9
      vertex -36.8742 19.2554 4.9
      vertex -37.9607 20.3055 4.9
    endloop
  endfacet
  facet normal 0 0 1
    outer loop
      vertex -36.8742 19.2554 4.9
      vertex -38.0337 20.207 4.9
      vertex -37.0555 19.0555 4.9
    endloop
  endfacet
  facet normal -0 0 1
    outer loop
      vertex -38.1161 20.1161 4.9
      vertex -37.0555 19.0555 4.9
      vertex -38.0337 20.207 4.9
    endloop
  endfacet
  facet normal 0 0 1
    outer loop
      vertex -37.0555 19.0555 4.9
      vertex -38.1161 20.1161 4.9
      vertex -37.2554 18.8742 4.9
    endloop
  endfacet
  facet normal -0 0 1
    outer loop
      vertex -38.207 20.0337 4.9
      vertex -37.2554 18.8742 4.9
      vertex -38.1161 20.1161 4.9
    endloop
  endfacet
  facet normal 0 0 1
    outer loop
      vertex -37.2554 18.8742 4.9
      vertex -38.207 20.0337 4.9
      vertex -37.4722 18.7135 4.9
    endloop
  endfacet
  facet normal -0 0 1
    outer loop
      vertex -38.3055 19.9607 4.9
      vertex -37.4722 18.7135 4.9
      vertex -38.207 20.0337 4.9
    endloop
  endfacet
  facet normal 0 0 1
    outer loop
      vertex -37.4722 18.7135 4.9
      vertex -38.3055 19.9607 4.9
      vertex -37.7037 18.5747 4.9
    endloop
  endfacet
  facet normal -0 0 1
    outer loop
      vertex -38.4108 19.8976 4.9
      vertex -37.7037 18.5747 4.9
      vertex -38.3055 19.9607 4.9
    endloop
  endfacet
  facet normal 0 0 1
    outer loop
      vertex -37.7037 18.5747 4.9
      vertex -38.4108 19.8976 4.9
      vertex -37.9476 18.4593 4.9
    endloop
  endfacet
  facet normal -0 0 1
    outer loop
      vertex -38.5216 19.8451 4.9
      vertex -37.9476 18.4593 4.9
      vertex -38.4108 19.8976 4.9
    endloop
  endfacet
  facet normal 0 0 1
    outer loop
      vertex -37.9476 18.4593 4.9
      vertex -38.5216 19.8451 4.9
      vertex -38.2017 18.3684 4.9
    endloop
  endfacet
  facet normal -0 0 1
    outer loop
      vertex -38.6371 19.8038 4.9
      vertex -38.2017 18.3684 4.9
      vertex -38.5216 19.8451 4.9
    endloop
  endfacet
  facet normal 0 0 1
    outer loop
      vertex -38.2017 18.3684 4.9
      vertex -38.6371 19.8038 4.9
      vertex -38.4635 18.3028 4.9
    endloop
  endfacet
  facet normal -0 0 1
    outer loop
      vertex -38.7561 19.774 4.9
      vertex -38.4635 18.3028 4.9
      vertex -38.6371 19.8038 4.9
    endloop
  endfacet
  facet normal 0 0 1
    outer loop
      vertex -38.4635 18.3028 4.9
      vertex -38.7561 19.774 4.9
      vertex -38.7305 18.2632 4.9
    endloop
  endfacet
  facet normal -0 0 1
    outer loop
      vertex -38.8775 19.756 4.9
      vertex -38.7305 18.2632 4.9
      vertex -38.7561 19.774 4.9
    endloop
  endfacet
  facet normal -0 0 1
    outer loop
      vertex -39 19.75 4.9
      vertex -38.7305 18.2632 4.9
      vertex -38.8775 19.756 4.9
    endloop
  endfacet
  facet normal 0 0 1
    outer loop
      vertex -39 19.75 4.9
      vertex -39 18.25 4.9
      vertex -38.7305 18.2632 4.9
    endloop
  endfacet
  facet normal 0 0 1
    outer loop
      vertex -39.1225 19.756 4.9
      vertex -39 18.25 4.9
      vertex -39 19.75 4.9
    endloop
  endfacet
  facet normal 0 0 1
    outer loop
      vertex -39.2695 18.2632 4.9
      vertex -39.1225 19.756 4.9
      vertex -39.2439 19.774 4.9
    endloop
  endfacet
  facet normal 0 0 1
    outer loop
      vertex -39.1225 19.756 4.9
      vertex -39.2695 18.2632 4.9
      vertex -39 18.25 4.9
    endloop
  endfacet
  facet normal 0 0 1
    outer loop
      vertex -39.5365 18.3028 4.9
      vertex -39.2439 19.774 4.9
      vertex -39.3629 19.8038 4.9
    endloop
  endfacet
  facet normal 0 0 1
    outer loop
      vertex -39.7983 18.3684 4.9
      vertex -39.3629 19.8038 4.9
      vertex -39.4784 19.8451 4.9
    endloop
  endfacet
  facet normal 0 0 1
    outer loop
      vertex -39.2439 19.774 4.9
      vertex -39.5365 18.3028 4.9
      vertex -39.2695 18.2632 4.9
    endloop
  endfacet
  facet normal 0 0 1
    outer loop
      vertex -40.0524 18.4593 4.9
      vertex -39.4784 19.8451 4.9
      vertex -39.5892 19.8976 4.9
    endloop
  endfacet
  facet normal 0 0 1
    outer loop
      vertex -40.2963 18.5747 4.9
      vertex -39.5892 19.8976 4.9
      vertex -39.6945 19.9607 4.9
    endloop
  endfacet
  facet normal 0 0 1
    outer loop
      vertex -40.5278 18.7135 4.9
      vertex -39.6945 19.9607 4.9
      vertex -39.793 20.0337 4.9
    endloop
  endfacet
  facet normal 0 0 1
    outer loop
      vertex -39.3629 19.8038 4.9
      vertex -39.7983 18.3684 4.9
      vertex -39.5365 18.3028 4.9
    endloop
  endfacet
  facet normal 0 0 1
    outer loop
      vertex -40.7446 18.8742 4.9
      vertex -39.793 20.0337 4.9
      vertex -39.8839 20.1161 4.9
    endloop
  endfacet
  facet normal 0 0 1
    outer loop
      vertex -40.9445 19.0555 4.9
      vertex -39.8839 20.1161 4.9
      vertex -39.9663 20.207 4.9
    endloop
  endfacet
  facet normal 0 0 1
    outer loop
      vertex -41.1258 19.2554 4.9
      vertex -39.9663 20.207 4.9
      vertex -40.0393 20.3055 4.9
    endloop
  endfacet
  facet normal 0 0 1
    outer loop
      vertex -39.4784 19.8451 4.9
      vertex -40.0524 18.4593 4.9
      vertex -39.7983 18.3684 4.9
    endloop
  endfacet
  facet normal 0 0 1
    outer loop
      vertex -41.2865 19.4722 4.9
      vertex -40.0393 20.3055 4.9
      vertex -40.1024 20.4108 4.9
    endloop
  endfacet
  facet normal 0 0 1
    outer loop
      vertex -41.4253 19.7037 4.9
      vertex -40.1024 20.4108 4.9
      vertex -40.1549 20.5216 4.9
    endloop
  endfacet
  facet normal 0 0 1
    outer loop
      vertex -41.5407 19.9476 4.9
      vertex -40.1549 20.5216 4.9
      vertex -40.1962 20.6371 4.9
    endloop
  endfacet
  facet normal 0 0 1
    outer loop
      vertex -41.6316 20.2017 4.9
      vertex -40.1962 20.6371 4.9
      vertex -40.226 20.7561 4.9
    endloop
  endfacet
  facet normal 0 0 1
    outer loop
      vertex -41.6972 20.4635 4.9
      vertex -40.226 20.7561 4.9
      vertex -40.244 20.8775 4.9
    endloop
  endfacet
  facet normal 0 0 1
    outer loop
      vertex -39.5892 19.8976 4.9
      vertex -40.2963 18.5747 4.9
      vertex -40.0524 18.4593 4.9
    endloop
  endfacet
  facet normal 0 0 1
    outer loop
      vertex -41.7368 20.7305 4.9
      vertex -40.244 20.8775 4.9
      vertex -40.25 21 4.9
    endloop
  endfacet
  facet normal -0 0 1
    outer loop
      vertex -41.4253 22.2963 4.9
      vertex -40.1024 21.5892 4.9
      vertex -41.2865 22.5278 4.9
    endloop
  endfacet
  facet normal 0 0 1
    outer loop
      vertex -40.1024 21.5892 4.9
      vertex -41.4253 22.2963 4.9
      vertex -40.1549 21.4784 4.9
    endloop
  endfacet
  facet normal 0 0 1
    outer loop
      vertex -39.6945 19.9607 4.9
      vertex -40.5278 18.7135 4.9
      vertex -40.2963 18.5747 4.9
    endloop
  endfacet
  facet normal -0 0 1
    outer loop
      vertex -41.5407 22.0524 4.9
      vertex -40.1549 21.4784 4.9
      vertex -41.4253 22.2963 4.9
    endloop
  endfacet
  facet normal 0 0 1
    outer loop
      vertex -39.793 20.0337 4.9
      vertex -40.7446 18.8742 4.9
      vertex -40.5278 18.7135 4.9
    endloop
  endfacet
  facet normal 0 0 1
    outer loop
      vertex -40.1549 21.4784 4.9
      vertex -41.5407 22.0524 4.9
      vertex -40.1962 21.3629 4.9
    endloop
  endfacet
  facet normal 0 0 1
    outer loop
      vertex -39.8839 20.1161 4.9
      vertex -40.9445 19.0555 4.9
      vertex -40.7446 18.8742 4.9
    endloop
  endfacet
  facet normal -0 0 1
    outer loop
      vertex -41.6316 21.7983 4.9
      vertex -40.1962 21.3629 4.9
      vertex -41.5407 22.0524 4.9
    endloop
  endfacet
  facet normal 0 0 1
    outer loop
      vertex -39.9663 20.207 4.9
      vertex -41.1258 19.2554 4.9
      vertex -40.9445 19.0555 4.9
    endloop
  endfacet
  facet normal 0 0 1
    outer loop
      vertex -40.1962 21.3629 4.9
      vertex -41.6316 21.7983 4.9
      vertex -40.226 21.2439 4.9
    endloop
  endfacet
  facet normal 0 0 1
    outer loop
      vertex -40.0393 20.3055 4.9
      vertex -41.2865 19.4722 4.9
      vertex -41.1258 19.2554 4.9
    endloop
  endfacet
  facet normal -0 0 1
    outer loop
      vertex -41.6972 21.5365 4.9
      vertex -40.226 21.2439 4.9
      vertex -41.6316 21.7983 4.9
    endloop
  endfacet
  facet normal 0 0 1
    outer loop
      vertex -40.1024 20.4108 4.9
      vertex -41.4253 19.7037 4.9
      vertex -41.2865 19.4722 4.9
    endloop
  endfacet
  facet normal 0 0 1
    outer loop
      vertex -40.226 21.2439 4.9
      vertex -41.6972 21.5365 4.9
      vertex -40.244 21.1225 4.9
    endloop
  endfacet
  facet normal 0 0 1
    outer loop
      vertex -40.1549 20.5216 4.9
      vertex -41.5407 19.9476 4.9
      vertex -41.4253 19.7037 4.9
    endloop
  endfacet
  facet normal -0 0 1
    outer loop
      vertex -41.7368 21.2695 4.9
      vertex -40.244 21.1225 4.9
      vertex -41.6972 21.5365 4.9
    endloop
  endfacet
  facet normal 0 0 1
    outer loop
      vertex -40.1962 20.6371 4.9
      vertex -41.6316 20.2017 4.9
      vertex -41.5407 19.9476 4.9
    endloop
  endfacet
  facet normal 0 0 1
    outer loop
      vertex -40.244 21.1225 4.9
      vertex -41.7368 21.2695 4.9
      vertex -40.25 21 4.9
    endloop
  endfacet
  facet normal 0 0 1
    outer loop
      vertex -40.226 20.7561 4.9
      vertex -41.6972 20.4635 4.9
      vertex -41.6316 20.2017 4.9
    endloop
  endfacet
  facet normal 0 0 1
    outer loop
      vertex -41.75 21 4.9
      vertex -40.25 21 4.9
      vertex -41.7368 21.2695 4.9
    endloop
  endfacet
  facet normal 0 0 1
    outer loop
      vertex -40.244 20.8775 4.9
      vertex -41.7368 20.7305 4.9
      vertex -41.6972 20.4635 4.9
    endloop
  endfacet
  facet normal 0 0 1
    outer loop
      vertex -40.25 21 4.9
      vertex -41.75 21 4.9
      vertex -41.7368 20.7305 4.9
    endloop
  endfacet
  facet normal -0.98918 0.14671 0
    outer loop
      vertex -41.7368 21.2695 1.6
      vertex -41.6972 21.5365 4.9
      vertex -41.6972 21.5365 1.6
    endloop
  endfacet
  facet normal -0.98918 0.14671 0
    outer loop
      vertex -41.6972 21.5365 4.9
      vertex -41.7368 21.2695 1.6
      vertex -41.7368 21.2695 4.9
    endloop
  endfacet
  facet normal 0.98918 -0.14671 0
    outer loop
      vertex -36.3028 20.4635 4.9
      vertex -36.2632 20.7305 1.6
      vertex -36.2632 20.7305 4.9
    endloop
  endfacet
  facet normal 0.98918 -0.14671 0
    outer loop
      vertex -36.2632 20.7305 1.6
      vertex -36.3028 20.4635 4.9
      vertex -36.3028 20.4635 1.6
    endloop
  endfacet
  facet normal 0.803367 -0.595485 0
    outer loop
      vertex -36.8742 19.2554 4.9
      vertex -36.7135 19.4722 1.6
      vertex -36.7135 19.4722 4.9
    endloop
  endfacet
  facet normal 0.803367 -0.595485 0
    outer loop
      vertex -36.7135 19.4722 1.6
      vertex -36.8742 19.2554 4.9
      vertex -36.8742 19.2554 1.6
    endloop
  endfacet
  facet normal 0.857656 -0.514223 0
    outer loop
      vertex -36.7135 19.4722 4.9
      vertex -36.5747 19.7037 1.6
      vertex -36.5747 19.7037 4.9
    endloop
  endfacet
  facet normal 0.857656 -0.514223 0
    outer loop
      vertex -36.5747 19.7037 1.6
      vertex -36.7135 19.4722 4.9
      vertex -36.7135 19.4722 1.6
    endloop
  endfacet
  facet normal 0.243059 -0.970012 0
    outer loop
      vertex -38.4635 18.3028 1.6
      vertex -38.2017 18.3684 4.9
      vertex -38.4635 18.3028 4.9
    endloop
  endfacet
  facet normal 0.243059 -0.970012 0
    outer loop
      vertex -38.2017 18.3684 4.9
      vertex -38.4635 18.3028 1.6
      vertex -38.2017 18.3684 1.6
    endloop
  endfacet
  facet normal 0.427688 -0.903926 0
    outer loop
      vertex -37.9476 18.4593 1.6
      vertex -37.7037 18.5747 4.9
      vertex -37.9476 18.4593 4.9
    endloop
  endfacet
  facet normal 0.427688 -0.903926 0
    outer loop
      vertex -37.7037 18.5747 4.9
      vertex -37.9476 18.4593 1.6
      vertex -37.7037 18.5747 1.6
    endloop
  endfacet
  facet normal 0.336829 -0.941566 0
    outer loop
      vertex -38.2017 18.3684 1.6
      vertex -37.9476 18.4593 4.9
      vertex -38.2017 18.3684 4.9
    endloop
  endfacet
  facet normal 0.336829 -0.941566 0
    outer loop
      vertex -37.9476 18.4593 4.9
      vertex -38.2017 18.3684 1.6
      vertex -37.9476 18.4593 1.6
    endloop
  endfacet
  facet normal 0.595485 -0.803367 0
    outer loop
      vertex -37.4722 18.7135 1.6
      vertex -37.2554 18.8742 4.9
      vertex -37.4722 18.7135 4.9
    endloop
  endfacet
  facet normal 0.595485 -0.803367 0
    outer loop
      vertex -37.2554 18.8742 4.9
      vertex -37.4722 18.7135 1.6
      vertex -37.2554 18.8742 1.6
    endloop
  endfacet
  facet normal -0.243059 -0.970012 0
    outer loop
      vertex -39.7983 18.3684 1.6
      vertex -39.5365 18.3028 4.9
      vertex -39.7983 18.3684 4.9
    endloop
  endfacet
  facet normal -0.243059 -0.970012 -0
    outer loop
      vertex -39.5365 18.3028 4.9
      vertex -39.7983 18.3684 1.6
      vertex -39.5365 18.3028 1.6
    endloop
  endfacet
  facet normal -0.595485 -0.803367 0
    outer loop
      vertex -40.7446 18.8742 1.6
      vertex -40.5278 18.7135 4.9
      vertex -40.7446 18.8742 4.9
    endloop
  endfacet
  facet normal -0.595485 -0.803367 -0
    outer loop
      vertex -40.5278 18.7135 4.9
      vertex -40.7446 18.8742 1.6
      vertex -40.5278 18.7135 1.6
    endloop
  endfacet
  facet normal -0.941566 -0.336829 0
    outer loop
      vertex -41.5407 19.9476 1.6
      vertex -41.6316 20.2017 4.9
      vertex -41.6316 20.2017 1.6
    endloop
  endfacet
  facet normal -0.941566 -0.336829 0
    outer loop
      vertex -41.6316 20.2017 4.9
      vertex -41.5407 19.9476 1.6
      vertex -41.5407 19.9476 4.9
    endloop
  endfacet
  facet normal 0.970012 -0.243059 0
    outer loop
      vertex -36.3684 20.2017 4.9
      vertex -36.3028 20.4635 1.6
      vertex -36.3028 20.4635 4.9
    endloop
  endfacet
  facet normal 0.970012 -0.243059 0
    outer loop
      vertex -36.3028 20.4635 1.6
      vertex -36.3684 20.2017 4.9
      vertex -36.3684 20.2017 1.6
    endloop
  endfacet
  facet normal 0.941566 -0.336829 0
    outer loop
      vertex -36.4593 19.9476 4.9
      vertex -36.3684 20.2017 1.6
      vertex -36.3684 20.2017 4.9
    endloop
  endfacet
  facet normal 0.941566 -0.336829 0
    outer loop
      vertex -36.3684 20.2017 1.6
      vertex -36.4593 19.9476 4.9
      vertex -36.4593 19.9476 1.6
    endloop
  endfacet
  facet normal -0.998803 -0.0489209 0
    outer loop
      vertex -37.75 21 1.6
      vertex -37.756 21.1225 4.9
      vertex -37.756 21.1225 1.6
    endloop
  endfacet
  facet normal -0.998803 -0.0489209 0
    outer loop
      vertex -37.756 21.1225 4.9
      vertex -37.75 21 1.6
      vertex -37.75 21 4.9
    endloop
  endfacet
  facet normal 0.998803 -0.0489209 0
    outer loop
      vertex -40.25 21 4.9
      vertex -40.244 21.1225 1.6
      vertex -40.244 21.1225 4.9
    endloop
  endfacet
  facet normal 0.998803 -0.0489209 0
    outer loop
      vertex -40.244 21.1225 1.6
      vertex -40.25 21 4.9
      vertex -40.25 21 1.6
    endloop
  endfacet
  facet normal -0.0489209 -0.998803 0
    outer loop
      vertex -39 22.25 1.6
      vertex -38.8775 22.244 4.9
      vertex -39 22.25 4.9
    endloop
  endfacet
  facet normal -0.0489209 -0.998803 -0
    outer loop
      vertex -38.8775 22.244 4.9
      vertex -39 22.25 1.6
      vertex -38.8775 22.244 1.6
    endloop
  endfacet
  facet normal -0.740898 -0.671617 0
    outer loop
      vertex -38.0337 21.793 1.6
      vertex -38.1161 21.8839 4.9
      vertex -38.1161 21.8839 1.6
    endloop
  endfacet
  facet normal -0.740898 -0.671617 0
    outer loop
      vertex -38.1161 21.8839 4.9
      vertex -38.0337 21.793 1.6
      vertex -38.0337 21.793 4.9
    endloop
  endfacet
  facet normal 0.671617 -0.740898 0
    outer loop
      vertex -39.8839 21.8839 1.6
      vertex -39.793 21.9663 4.9
      vertex -39.8839 21.8839 4.9
    endloop
  endfacet
  facet normal 0.671617 -0.740898 0
    outer loop
      vertex -39.793 21.9663 4.9
      vertex -39.8839 21.8839 1.6
      vertex -39.793 21.9663 1.6
    endloop
  endfacet
  facet normal 0.336698 -0.941613 0
    outer loop
      vertex -39.4784 22.1549 1.6
      vertex -39.3629 22.1962 4.9
      vertex -39.4784 22.1549 4.9
    endloop
  endfacet
  facet normal 0.336698 -0.941613 0
    outer loop
      vertex -39.3629 22.1962 4.9
      vertex -39.4784 22.1549 1.6
      vertex -39.3629 22.1962 1.6
    endloop
  endfacet
  facet normal 0.941613 0.336698 0
    outer loop
      vertex -40.1549 20.5216 4.9
      vertex -40.1962 20.6371 1.6
      vertex -40.1962 20.6371 4.9
    endloop
  endfacet
  facet normal 0.941613 0.336698 0
    outer loop
      vertex -40.1962 20.6371 1.6
      vertex -40.1549 20.5216 4.9
      vertex -40.1549 20.5216 1.6
    endloop
  endfacet
  facet normal -0.941613 -0.336698 0
    outer loop
      vertex -37.8038 21.3629 1.6
      vertex -37.8451 21.4784 4.9
      vertex -37.8451 21.4784 1.6
    endloop
  endfacet
  facet normal -0.941613 -0.336698 0
    outer loop
      vertex -37.8451 21.4784 4.9
      vertex -37.8038 21.3629 1.6
      vertex -37.8038 21.3629 4.9
    endloop
  endfacet
  facet normal -0.428192 -0.903688 0
    outer loop
      vertex -38.5216 22.1549 1.6
      vertex -38.4108 22.1024 4.9
      vertex -38.5216 22.1549 4.9
    endloop
  endfacet
  facet normal -0.428192 -0.903688 -0
    outer loop
      vertex -38.4108 22.1024 4.9
      vertex -38.5216 22.1549 1.6
      vertex -38.4108 22.1024 1.6
    endloop
  endfacet
  facet normal -0.595423 -0.803413 0
    outer loop
      vertex -38.3055 22.0393 1.6
      vertex -38.207 21.9663 4.9
      vertex -38.3055 22.0393 4.9
    endloop
  endfacet
  facet normal -0.595423 -0.803413 -0
    outer loop
      vertex -38.207 21.9663 4.9
      vertex -38.3055 22.0393 1.6
      vertex -38.207 21.9663 1.6
    endloop
  endfacet
  facet normal 0.903688 -0.428192 0
    outer loop
      vertex -40.1549 21.4784 4.9
      vertex -40.1024 21.5892 1.6
      vertex -40.1024 21.5892 4.9
    endloop
  endfacet
  facet normal 0.903688 -0.428192 0
    outer loop
      vertex -40.1024 21.5892 1.6
      vertex -40.1549 21.4784 4.9
      vertex -40.1549 21.4784 1.6
    endloop
  endfacet
  facet normal 0.146667 -0.989186 0
    outer loop
      vertex -39.2439 22.226 1.6
      vertex -39.1225 22.244 4.9
      vertex -39.2439 22.226 4.9
    endloop
  endfacet
  facet normal 0.146667 -0.989186 0
    outer loop
      vertex -39.1225 22.244 4.9
      vertex -39.2439 22.226 1.6
      vertex -39.1225 22.244 1.6
    endloop
  endfacet
  facet normal -0.941613 0.336698 0
    outer loop
      vertex -37.8451 20.5216 1.6
      vertex -37.8038 20.6371 4.9
      vertex -37.8038 20.6371 1.6
    endloop
  endfacet
  facet normal -0.941613 0.336698 0
    outer loop
      vertex -37.8038 20.6371 4.9
      vertex -37.8451 20.5216 1.6
      vertex -37.8451 20.5216 4.9
    endloop
  endfacet
  facet normal -0.970047 -0.242919 0
    outer loop
      vertex -37.774 21.2439 1.6
      vertex -37.8038 21.3629 4.9
      vertex -37.8038 21.3629 1.6
    endloop
  endfacet
  facet normal -0.970047 -0.242919 0
    outer loop
      vertex -37.8038 21.3629 4.9
      vertex -37.774 21.2439 1.6
      vertex -37.774 21.2439 4.9
    endloop
  endfacet
  facet normal -0.989186 -0.146667 0
    outer loop
      vertex -37.756 21.1225 1.6
      vertex -37.774 21.2439 4.9
      vertex -37.774 21.2439 1.6
    endloop
  endfacet
  facet normal -0.989186 -0.146667 0
    outer loop
      vertex -37.774 21.2439 4.9
      vertex -37.756 21.1225 1.6
      vertex -37.756 21.1225 4.9
    endloop
  endfacet
  facet normal -0.85778 -0.514016 0
    outer loop
      vertex -37.8976 21.5892 1.6
      vertex -37.9607 21.6945 4.9
      vertex -37.9607 21.6945 1.6
    endloop
  endfacet
  facet normal -0.85778 -0.514016 0
    outer loop
      vertex -37.9607 21.6945 4.9
      vertex -37.8976 21.5892 1.6
      vertex -37.8976 21.5892 4.9
    endloop
  endfacet
  facet normal -0.803413 -0.595423 0
    outer loop
      vertex -37.9607 21.6945 1.6
      vertex -38.0337 21.793 4.9
      vertex -38.0337 21.793 1.6
    endloop
  endfacet
  facet normal -0.803413 -0.595423 0
    outer loop
      vertex -38.0337 21.793 4.9
      vertex -37.9607 21.6945 1.6
      vertex -37.9607 21.6945 4.9
    endloop
  endfacet
  facet normal -0.903688 -0.428192 0
    outer loop
      vertex -37.8451 21.4784 1.6
      vertex -37.8976 21.5892 4.9
      vertex -37.8976 21.5892 1.6
    endloop
  endfacet
  facet normal -0.903688 -0.428192 0
    outer loop
      vertex -37.8976 21.5892 4.9
      vertex -37.8451 21.4784 1.6
      vertex -37.8451 21.4784 4.9
    endloop
  endfacet
  facet normal -0.242919 -0.970047 0
    outer loop
      vertex -38.7561 22.226 1.6
      vertex -38.6371 22.1962 4.9
      vertex -38.7561 22.226 4.9
    endloop
  endfacet
  facet normal -0.242919 -0.970047 -0
    outer loop
      vertex -38.6371 22.1962 4.9
      vertex -38.7561 22.226 1.6
      vertex -38.6371 22.1962 1.6
    endloop
  endfacet
  facet normal -0.336698 -0.941613 0
    outer loop
      vertex -38.6371 22.1962 1.6
      vertex -38.5216 22.1549 4.9
      vertex -38.6371 22.1962 4.9
    endloop
  endfacet
  facet normal -0.336698 -0.941613 -0
    outer loop
      vertex -38.5216 22.1549 4.9
      vertex -38.6371 22.1962 1.6
      vertex -38.5216 22.1549 1.6
    endloop
  endfacet
  facet normal -0.146667 -0.989186 0
    outer loop
      vertex -38.8775 22.244 1.6
      vertex -38.7561 22.226 4.9
      vertex -38.8775 22.244 4.9
    endloop
  endfacet
  facet normal -0.146667 -0.989186 -0
    outer loop
      vertex -38.7561 22.226 4.9
      vertex -38.8775 22.244 1.6
      vertex -38.7561 22.226 1.6
    endloop
  endfacet
  facet normal -0.514016 -0.85778 0
    outer loop
      vertex -38.4108 22.1024 1.6
      vertex -38.3055 22.0393 4.9
      vertex -38.4108 22.1024 4.9
    endloop
  endfacet
  facet normal -0.514016 -0.85778 -0
    outer loop
      vertex -38.3055 22.0393 4.9
      vertex -38.4108 22.1024 1.6
      vertex -38.3055 22.0393 1.6
    endloop
  endfacet
  facet normal -0.671617 -0.740898 0
    outer loop
      vertex -38.207 21.9663 1.6
      vertex -38.1161 21.8839 4.9
      vertex -38.207 21.9663 4.9
    endloop
  endfacet
  facet normal -0.671617 -0.740898 -0
    outer loop
      vertex -38.1161 21.8839 4.9
      vertex -38.207 21.9663 1.6
      vertex -38.1161 21.8839 1.6
    endloop
  endfacet
  facet normal 0.970047 -0.242919 0
    outer loop
      vertex -40.226 21.2439 4.9
      vertex -40.1962 21.3629 1.6
      vertex -40.1962 21.3629 4.9
    endloop
  endfacet
  facet normal 0.970047 -0.242919 0
    outer loop
      vertex -40.1962 21.3629 1.6
      vertex -40.226 21.2439 4.9
      vertex -40.226 21.2439 1.6
    endloop
  endfacet
  facet normal 0.803413 -0.595423 0
    outer loop
      vertex -40.0393 21.6945 4.9
      vertex -39.9663 21.793 1.6
      vertex -39.9663 21.793 4.9
    endloop
  endfacet
  facet normal 0.803413 -0.595423 0
    outer loop
      vertex -39.9663 21.793 1.6
      vertex -40.0393 21.6945 4.9
      vertex -40.0393 21.6945 1.6
    endloop
  endfacet
  facet normal 0.740898 -0.671617 0
    outer loop
      vertex -39.9663 21.793 4.9
      vertex -39.8839 21.8839 1.6
      vertex -39.8839 21.8839 4.9
    endloop
  endfacet
  facet normal 0.740898 -0.671617 0
    outer loop
      vertex -39.8839 21.8839 1.6
      vertex -39.9663 21.793 4.9
      vertex -39.9663 21.793 1.6
    endloop
  endfacet
  facet normal 0.85778 -0.514016 0
    outer loop
      vertex -40.1024 21.5892 4.9
      vertex -40.0393 21.6945 1.6
      vertex -40.0393 21.6945 4.9
    endloop
  endfacet
  facet normal 0.85778 -0.514016 0
    outer loop
      vertex -40.0393 21.6945 1.6
      vertex -40.1024 21.5892 4.9
      vertex -40.1024 21.5892 1.6
    endloop
  endfacet
  facet normal 0.941613 -0.336698 0
    outer loop
      vertex -40.1962 21.3629 4.9
      vertex -40.1549 21.4784 1.6
      vertex -40.1549 21.4784 4.9
    endloop
  endfacet
  facet normal 0.941613 -0.336698 0
    outer loop
      vertex -40.1549 21.4784 1.6
      vertex -40.1962 21.3629 4.9
      vertex -40.1962 21.3629 1.6
    endloop
  endfacet
  facet normal 0.989186 -0.146667 0
    outer loop
      vertex -40.244 21.1225 4.9
      vertex -40.226 21.2439 1.6
      vertex -40.226 21.2439 4.9
    endloop
  endfacet
  facet normal 0.989186 -0.146667 0
    outer loop
      vertex -40.226 21.2439 1.6
      vertex -40.244 21.1225 4.9
      vertex -40.244 21.1225 1.6
    endloop
  endfacet
  facet normal 0.514016 -0.85778 0
    outer loop
      vertex -39.6945 22.0393 1.6
      vertex -39.5892 22.1024 4.9
      vertex -39.6945 22.0393 4.9
    endloop
  endfacet
  facet normal 0.514016 -0.85778 0
    outer loop
      vertex -39.5892 22.1024 4.9
      vertex -39.6945 22.0393 1.6
      vertex -39.5892 22.1024 1.6
    endloop
  endfacet
  facet normal 0.428192 -0.903688 0
    outer loop
      vertex -39.5892 22.1024 1.6
      vertex -39.4784 22.1549 4.9
      vertex -39.5892 22.1024 4.9
    endloop
  endfacet
  facet normal 0.428192 -0.903688 0
    outer loop
      vertex -39.4784 22.1549 4.9
      vertex -39.5892 22.1024 1.6
      vertex -39.4784 22.1549 1.6
    endloop
  endfacet
  facet normal 0.595423 -0.803413 0
    outer loop
      vertex -39.793 21.9663 1.6
      vertex -39.6945 22.0393 4.9
      vertex -39.793 21.9663 4.9
    endloop
  endfacet
  facet normal 0.595423 -0.803413 0
    outer loop
      vertex -39.6945 22.0393 4.9
      vertex -39.793 21.9663 1.6
      vertex -39.6945 22.0393 1.6
    endloop
  endfacet
  facet normal 0.242919 -0.970047 0
    outer loop
      vertex -39.3629 22.1962 1.6
      vertex -39.2439 22.226 4.9
      vertex -39.3629 22.1962 4.9
    endloop
  endfacet
  facet normal 0.242919 -0.970047 0
    outer loop
      vertex -39.2439 22.226 4.9
      vertex -39.3629 22.1962 1.6
      vertex -39.2439 22.226 1.6
    endloop
  endfacet
  facet normal 0.0489209 -0.998803 0
    outer loop
      vertex -39.1225 22.244 1.6
      vertex -39 22.25 4.9
      vertex -39.1225 22.244 4.9
    endloop
  endfacet
  facet normal 0.0489209 -0.998803 0
    outer loop
      vertex -39 22.25 4.9
      vertex -39.1225 22.244 1.6
      vertex -39 22.25 1.6
    endloop
  endfacet
  facet normal -0.0489209 0.998803 0
    outer loop
      vertex -38.8775 19.756 1.6
      vertex -39 19.75 4.9
      vertex -38.8775 19.756 4.9
    endloop
  endfacet
  facet normal -0.0489209 0.998803 0
    outer loop
      vertex -39 19.75 4.9
      vertex -38.8775 19.756 1.6
      vertex -39 19.75 1.6
    endloop
  endfacet
  facet normal -0.242919 0.970047 0
    outer loop
      vertex -38.6371 19.8038 1.6
      vertex -38.7561 19.774 4.9
      vertex -38.6371 19.8038 4.9
    endloop
  endfacet
  facet normal -0.242919 0.970047 0
    outer loop
      vertex -38.7561 19.774 4.9
      vertex -38.6371 19.8038 1.6
      vertex -38.7561 19.774 1.6
    endloop
  endfacet
  facet normal -0.595423 0.803413 0
    outer loop
      vertex -38.207 20.0337 1.6
      vertex -38.3055 19.9607 4.9
      vertex -38.207 20.0337 4.9
    endloop
  endfacet
  facet normal -0.595423 0.803413 0
    outer loop
      vertex -38.3055 19.9607 4.9
      vertex -38.207 20.0337 1.6
      vertex -38.3055 19.9607 1.6
    endloop
  endfacet
  facet normal -0.428192 0.903688 0
    outer loop
      vertex -38.4108 19.8976 1.6
      vertex -38.5216 19.8451 4.9
      vertex -38.4108 19.8976 4.9
    endloop
  endfacet
  facet normal -0.428192 0.903688 0
    outer loop
      vertex -38.5216 19.8451 4.9
      vertex -38.4108 19.8976 1.6
      vertex -38.5216 19.8451 1.6
    endloop
  endfacet
  facet normal -0.740898 0.671617 0
    outer loop
      vertex -38.1161 20.1161 1.6
      vertex -38.0337 20.207 4.9
      vertex -38.0337 20.207 1.6
    endloop
  endfacet
  facet normal -0.740898 0.671617 0
    outer loop
      vertex -38.0337 20.207 4.9
      vertex -38.1161 20.1161 1.6
      vertex -38.1161 20.1161 4.9
    endloop
  endfacet
  facet normal -0.85778 0.514016 0
    outer loop
      vertex -37.9607 20.3055 1.6
      vertex -37.8976 20.4108 4.9
      vertex -37.8976 20.4108 1.6
    endloop
  endfacet
  facet normal -0.85778 0.514016 0
    outer loop
      vertex -37.8976 20.4108 4.9
      vertex -37.9607 20.3055 1.6
      vertex -37.9607 20.3055 4.9
    endloop
  endfacet
  facet normal 0.671617 0.740898 -0
    outer loop
      vertex -39.793 20.0337 1.6
      vertex -39.8839 20.1161 4.9
      vertex -39.793 20.0337 4.9
    endloop
  endfacet
  facet normal 0.671617 0.740898 0
    outer loop
      vertex -39.8839 20.1161 4.9
      vertex -39.793 20.0337 1.6
      vertex -39.8839 20.1161 1.6
    endloop
  endfacet
  facet normal 0.514016 0.85778 -0
    outer loop
      vertex -39.5892 19.8976 1.6
      vertex -39.6945 19.9607 4.9
      vertex -39.5892 19.8976 4.9
    endloop
  endfacet
  facet normal 0.514016 0.85778 0
    outer loop
      vertex -39.6945 19.9607 4.9
      vertex -39.5892 19.8976 1.6
      vertex -39.6945 19.9607 1.6
    endloop
  endfacet
  facet normal 0.336698 0.941613 -0
    outer loop
      vertex -39.3629 19.8038 1.6
      vertex -39.4784 19.8451 4.9
      vertex -39.3629 19.8038 4.9
    endloop
  endfacet
  facet normal 0.336698 0.941613 0
    outer loop
      vertex -39.4784 19.8451 4.9
      vertex -39.3629 19.8038 1.6
      vertex -39.4784 19.8451 1.6
    endloop
  endfacet
  facet normal 0.146667 0.989186 -0
    outer loop
      vertex -39.1225 19.756 1.6
      vertex -39.2439 19.774 4.9
      vertex -39.1225 19.756 4.9
    endloop
  endfacet
  facet normal 0.146667 0.989186 0
    outer loop
      vertex -39.2439 19.774 4.9
      vertex -39.1225 19.756 1.6
      vertex -39.2439 19.774 1.6
    endloop
  endfacet
  facet normal 0.903688 0.428192 0
    outer loop
      vertex -40.1024 20.4108 4.9
      vertex -40.1549 20.5216 1.6
      vertex -40.1549 20.5216 4.9
    endloop
  endfacet
  facet normal 0.903688 0.428192 0
    outer loop
      vertex -40.1549 20.5216 1.6
      vertex -40.1024 20.4108 4.9
      vertex -40.1024 20.4108 1.6
    endloop
  endfacet
  facet normal 0.803413 0.595423 0
    outer loop
      vertex -39.9663 20.207 4.9
      vertex -40.0393 20.3055 1.6
      vertex -40.0393 20.3055 4.9
    endloop
  endfacet
  facet normal 0.803413 0.595423 0
    outer loop
      vertex -40.0393 20.3055 1.6
      vertex -39.9663 20.207 4.9
      vertex -39.9663 20.207 1.6
    endloop
  endfacet
  facet normal 0.970047 0.242919 0
    outer loop
      vertex -40.1962 20.6371 4.9
      vertex -40.226 20.7561 1.6
      vertex -40.226 20.7561 4.9
    endloop
  endfacet
  facet normal 0.970047 0.242919 0
    outer loop
      vertex -40.226 20.7561 1.6
      vertex -40.1962 20.6371 4.9
      vertex -40.1962 20.6371 1.6
    endloop
  endfacet
  facet normal 0.998803 0.0489209 0
    outer loop
      vertex -40.244 20.8775 4.9
      vertex -40.25 21 1.6
      vertex -40.25 21 4.9
    endloop
  endfacet
  facet normal 0.998803 0.0489209 0
    outer loop
      vertex -40.25 21 1.6
      vertex -40.244 20.8775 4.9
      vertex -40.244 20.8775 1.6
    endloop
  endfacet
  facet normal -0.146667 0.989186 0
    outer loop
      vertex -38.7561 19.774 1.6
      vertex -38.8775 19.756 4.9
      vertex -38.7561 19.774 4.9
    endloop
  endfacet
  facet normal -0.146667 0.989186 0
    outer loop
      vertex -38.8775 19.756 4.9
      vertex -38.7561 19.774 1.6
      vertex -38.8775 19.756 1.6
    endloop
  endfacet
  facet normal -0.336698 0.941613 0
    outer loop
      vertex -38.5216 19.8451 1.6
      vertex -38.6371 19.8038 4.9
      vertex -38.5216 19.8451 4.9
    endloop
  endfacet
  facet normal -0.336698 0.941613 0
    outer loop
      vertex -38.6371 19.8038 4.9
      vertex -38.5216 19.8451 1.6
      vertex -38.6371 19.8038 1.6
    endloop
  endfacet
  facet normal -0.671617 0.740898 0
    outer loop
      vertex -38.1161 20.1161 1.6
      vertex -38.207 20.0337 4.9
      vertex -38.1161 20.1161 4.9
    endloop
  endfacet
  facet normal -0.671617 0.740898 0
    outer loop
      vertex -38.207 20.0337 4.9
      vertex -38.1161 20.1161 1.6
      vertex -38.207 20.0337 1.6
    endloop
  endfacet
  facet normal -0.514016 0.85778 0
    outer loop
      vertex -38.3055 19.9607 1.6
      vertex -38.4108 19.8976 4.9
      vertex -38.3055 19.9607 4.9
    endloop
  endfacet
  facet normal -0.514016 0.85778 0
    outer loop
      vertex -38.4108 19.8976 4.9
      vertex -38.3055 19.9607 1.6
      vertex -38.4108 19.8976 1.6
    endloop
  endfacet
  facet normal -0.803413 0.595423 0
    outer loop
      vertex -38.0337 20.207 1.6
      vertex -37.9607 20.3055 4.9
      vertex -37.9607 20.3055 1.6
    endloop
  endfacet
  facet normal -0.803413 0.595423 0
    outer loop
      vertex -37.9607 20.3055 4.9
      vertex -38.0337 20.207 1.6
      vertex -38.0337 20.207 4.9
    endloop
  endfacet
  facet normal -0.903688 0.428192 0
    outer loop
      vertex -37.8976 20.4108 1.6
      vertex -37.8451 20.5216 4.9
      vertex -37.8451 20.5216 1.6
    endloop
  endfacet
  facet normal -0.903688 0.428192 0
    outer loop
      vertex -37.8451 20.5216 4.9
      vertex -37.8976 20.4108 1.6
      vertex -37.8976 20.4108 4.9
    endloop
  endfacet
  facet normal -0.998803 0.0489209 0
    outer loop
      vertex -37.756 20.8775 1.6
      vertex -37.75 21 4.9
      vertex -37.75 21 1.6
    endloop
  endfacet
  facet normal -0.998803 0.0489209 0
    outer loop
      vertex -37.75 21 4.9
      vertex -37.756 20.8775 1.6
      vertex -37.756 20.8775 4.9
    endloop
  endfacet
  facet normal 0.595423 0.803413 -0
    outer loop
      vertex -39.6945 19.9607 1.6
      vertex -39.793 20.0337 4.9
      vertex -39.6945 19.9607 4.9
    endloop
  endfacet
  facet normal 0.595423 0.803413 0
    outer loop
      vertex -39.793 20.0337 4.9
      vertex -39.6945 19.9607 1.6
      vertex -39.793 20.0337 1.6
    endloop
  endfacet
  facet normal 0.428192 0.903688 -0
    outer loop
      vertex -39.4784 19.8451 1.6
      vertex -39.5892 19.8976 4.9
      vertex -39.4784 19.8451 4.9
    endloop
  endfacet
  facet normal 0.428192 0.903688 0
    outer loop
      vertex -39.5892 19.8976 4.9
      vertex -39.4784 19.8451 1.6
      vertex -39.5892 19.8976 1.6
    endloop
  endfacet
  facet normal 0.242919 0.970047 -0
    outer loop
      vertex -39.2439 19.774 1.6
      vertex -39.3629 19.8038 4.9
      vertex -39.2439 19.774 4.9
    endloop
  endfacet
  facet normal 0.242919 0.970047 0
    outer loop
      vertex -39.3629 19.8038 4.9
      vertex -39.2439 19.774 1.6
      vertex -39.3629 19.8038 1.6
    endloop
  endfacet
  facet normal 0.0489209 0.998803 -0
    outer loop
      vertex -39 19.75 1.6
      vertex -39.1225 19.756 4.9
      vertex -39 19.75 4.9
    endloop
  endfacet
  facet normal 0.0489209 0.998803 0
    outer loop
      vertex -39.1225 19.756 4.9
      vertex -39 19.75 1.6
      vertex -39.1225 19.756 1.6
    endloop
  endfacet
  facet normal 0.85778 0.514016 0
    outer loop
      vertex -40.0393 20.3055 4.9
      vertex -40.1024 20.4108 1.6
      vertex -40.1024 20.4108 4.9
    endloop
  endfacet
  facet normal 0.85778 0.514016 0
    outer loop
      vertex -40.1024 20.4108 1.6
      vertex -40.0393 20.3055 4.9
      vertex -40.0393 20.3055 1.6
    endloop
  endfacet
  facet normal 0.740898 0.671617 0
    outer loop
      vertex -39.8839 20.1161 4.9
      vertex -39.9663 20.207 1.6
      vertex -39.9663 20.207 4.9
    endloop
  endfacet
  facet normal 0.740898 0.671617 0
    outer loop
      vertex -39.9663 20.207 1.6
      vertex -39.8839 20.1161 4.9
      vertex -39.8839 20.1161 1.6
    endloop
  endfacet
  facet normal 0.989186 0.146667 0
    outer loop
      vertex -40.226 20.7561 4.9
      vertex -40.244 20.8775 1.6
      vertex -40.244 20.8775 4.9
    endloop
  endfacet
  facet normal 0.989186 0.146667 0
    outer loop
      vertex -40.244 20.8775 1.6
      vertex -40.226 20.7561 4.9
      vertex -40.226 20.7561 1.6
    endloop
  endfacet
  facet normal -0.970047 0.242919 0
    outer loop
      vertex -37.8038 20.6371 1.6
      vertex -37.774 20.7561 4.9
      vertex -37.774 20.7561 1.6
    endloop
  endfacet
  facet normal -0.970047 0.242919 0
    outer loop
      vertex -37.774 20.7561 4.9
      vertex -37.8038 20.6371 1.6
      vertex -37.8038 20.6371 4.9
    endloop
  endfacet
  facet normal -0.989186 0.146667 0
    outer loop
      vertex -37.774 20.7561 1.6
      vertex -37.756 20.8775 4.9
      vertex -37.756 20.8775 1.6
    endloop
  endfacet
  facet normal -0.989186 0.146667 0
    outer loop
      vertex -37.756 20.8775 4.9
      vertex -37.774 20.7561 1.6
      vertex -37.774 20.7561 4.9
    endloop
  endfacet
  facet normal 0.595485 0.803367 -0
    outer loop
      vertex 40.7446 -18.8742 1.6
      vertex 40.5278 -18.7135 4.9
      vertex 40.7446 -18.8742 4.9
    endloop
  endfacet
  facet normal 0.595485 0.803367 0
    outer loop
      vertex 40.5278 -18.7135 4.9
      vertex 40.7446 -18.8742 1.6
      vertex 40.5278 -18.7135 1.6
    endloop
  endfacet
  facet normal 0.998803 -0.0489209 0
    outer loop
      vertex 41.7368 -21.2695 4.9
      vertex 41.75 -21 1.6
      vertex 41.75 -21 4.9
    endloop
  endfacet
  facet normal 0.998803 -0.0489209 0
    outer loop
      vertex 41.75 -21 1.6
      vertex 41.7368 -21.2695 4.9
      vertex 41.7368 -21.2695 1.6
    endloop
  endfacet
  facet normal -0.336829 0.941566 0
    outer loop
      vertex 38.2017 -18.3684 1.6
      vertex 37.9476 -18.4593 4.9
      vertex 38.2017 -18.3684 4.9
    endloop
  endfacet
  facet normal -0.336829 0.941566 0
    outer loop
      vertex 37.9476 -18.4593 4.9
      vertex 38.2017 -18.3684 1.6
      vertex 37.9476 -18.4593 1.6
    endloop
  endfacet
  facet normal -0.903926 0.427688 0
    outer loop
      vertex 36.4593 -19.9476 1.6
      vertex 36.5747 -19.7037 4.9
      vertex 36.5747 -19.7037 1.6
    endloop
  endfacet
  facet normal -0.903926 0.427688 0
    outer loop
      vertex 36.5747 -19.7037 4.9
      vertex 36.4593 -19.9476 1.6
      vertex 36.4593 -19.9476 4.9
    endloop
  endfacet
  facet normal -0.427688 -0.903926 0
    outer loop
      vertex 37.7037 -23.4253 1.6
      vertex 37.9476 -23.5407 4.9
      vertex 37.7037 -23.4253 4.9
    endloop
  endfacet
  facet normal -0.427688 -0.903926 -0
    outer loop
      vertex 37.9476 -23.5407 4.9
      vertex 37.7037 -23.4253 1.6
      vertex 37.9476 -23.5407 1.6
    endloop
  endfacet
  facet normal 0.903926 0.427688 0
    outer loop
      vertex 41.5407 -19.9476 4.9
      vertex 41.4253 -19.7037 1.6
      vertex 41.4253 -19.7037 4.9
    endloop
  endfacet
  facet normal 0.903926 0.427688 0
    outer loop
      vertex 41.4253 -19.7037 1.6
      vertex 41.5407 -19.9476 4.9
      vertex 41.5407 -19.9476 1.6
    endloop
  endfacet
  facet normal 0.857656 0.514223 0
    outer loop
      vertex 41.4253 -19.7037 4.9
      vertex 41.2865 -19.4722 1.6
      vertex 41.2865 -19.4722 4.9
    endloop
  endfacet
  facet normal 0.857656 0.514223 0
    outer loop
      vertex 41.2865 -19.4722 1.6
      vertex 41.4253 -19.7037 4.9
      vertex 41.4253 -19.7037 1.6
    endloop
  endfacet
  facet normal 0.427688 0.903926 -0
    outer loop
      vertex 40.2963 -18.5747 1.6
      vertex 40.0524 -18.4593 4.9
      vertex 40.2963 -18.5747 4.9
    endloop
  endfacet
  facet normal 0.427688 0.903926 0
    outer loop
      vertex 40.0524 -18.4593 4.9
      vertex 40.2963 -18.5747 1.6
      vertex 40.0524 -18.4593 1.6
    endloop
  endfacet
  facet normal -0.740728 0.671805 0
    outer loop
      vertex 36.8742 -19.2554 1.6
      vertex 37.0555 -19.0555 4.9
      vertex 37.0555 -19.0555 1.6
    endloop
  endfacet
  facet normal -0.740728 0.671805 0
    outer loop
      vertex 37.0555 -19.0555 4.9
      vertex 36.8742 -19.2554 1.6
      vertex 36.8742 -19.2554 4.9
    endloop
  endfacet
  facet normal -0.14671 0.98918 0
    outer loop
      vertex 38.7305 -18.2632 1.6
      vertex 38.4635 -18.3028 4.9
      vertex 38.7305 -18.2632 4.9
    endloop
  endfacet
  facet normal -0.14671 0.98918 0
    outer loop
      vertex 38.4635 -18.3028 4.9
      vertex 38.7305 -18.2632 1.6
      vertex 38.4635 -18.3028 1.6
    endloop
  endfacet
  facet normal -0.14671 -0.98918 0
    outer loop
      vertex 38.4635 -23.6972 1.6
      vertex 38.7305 -23.7368 4.9
      vertex 38.4635 -23.6972 4.9
    endloop
  endfacet
  facet normal -0.14671 -0.98918 -0
    outer loop
      vertex 38.7305 -23.7368 4.9
      vertex 38.4635 -23.6972 1.6
      vertex 38.7305 -23.7368 1.6
    endloop
  endfacet
  facet normal -0.671805 -0.740728 0
    outer loop
      vertex 37.0555 -22.9445 1.6
      vertex 37.2554 -23.1258 4.9
      vertex 37.0555 -22.9445 4.9
    endloop
  endfacet
  facet normal -0.671805 -0.740728 -0
    outer loop
      vertex 37.2554 -23.1258 4.9
      vertex 37.0555 -22.9445 1.6
      vertex 37.2554 -23.1258 1.6
    endloop
  endfacet
  facet normal -0.98918 -0.14671 0
    outer loop
      vertex 36.3028 -21.5365 1.6
      vertex 36.2632 -21.2695 4.9
      vertex 36.2632 -21.2695 1.6
    endloop
  endfacet
  facet normal -0.98918 -0.14671 0
    outer loop
      vertex 36.2632 -21.2695 4.9
      vertex 36.3028 -21.5365 1.6
      vertex 36.3028 -21.5365 4.9
    endloop
  endfacet
  facet normal 0 0 -1
    outer loop
      vertex 40.25 -21 1.6
      vertex 41.75 -21 1.6
      vertex 41.7368 -21.2695 1.6
    endloop
  endfacet
  facet normal 0 0 -1
    outer loop
      vertex 40.244 -21.1225 1.6
      vertex 41.7368 -21.2695 1.6
      vertex 41.6972 -21.5365 1.6
    endloop
  endfacet
  facet normal 0 0 -1
    outer loop
      vertex 41.75 -21 1.6
      vertex 40.25 -21 1.6
      vertex 41.7368 -20.7305 1.6
    endloop
  endfacet
  facet normal 0 0 -1
    outer loop
      vertex 40.226 -21.2439 1.6
      vertex 41.6972 -21.5365 1.6
      vertex 41.6316 -21.7983 1.6
    endloop
  endfacet
  facet normal 0 0 -1
    outer loop
      vertex 40.244 -20.8775 1.6
      vertex 41.7368 -20.7305 1.6
      vertex 40.25 -21 1.6
    endloop
  endfacet
  facet normal 0 0 -1
    outer loop
      vertex 40.1962 -21.3629 1.6
      vertex 41.6316 -21.7983 1.6
      vertex 41.5407 -22.0524 1.6
    endloop
  endfacet
  facet normal -0 0 -1
    outer loop
      vertex 41.7368 -20.7305 1.6
      vertex 40.244 -20.8775 1.6
      vertex 41.6972 -20.4635 1.6
    endloop
  endfacet
  facet normal 0 0 -1
    outer loop
      vertex 40.1549 -21.4784 1.6
      vertex 41.5407 -22.0524 1.6
      vertex 41.4253 -22.2963 1.6
    endloop
  endfacet
  facet normal 0 0 -1
    outer loop
      vertex 40.226 -20.7561 1.6
      vertex 41.6972 -20.4635 1.6
      vertex 40.244 -20.8775 1.6
    endloop
  endfacet
  facet normal 0 0 -1
    outer loop
      vertex 40.1024 -21.5892 1.6
      vertex 41.4253 -22.2963 1.6
      vertex 41.2865 -22.5278 1.6
    endloop
  endfacet
  facet normal -0 0 -1
    outer loop
      vertex 41.6972 -20.4635 1.6
      vertex 40.226 -20.7561 1.6
      vertex 41.6316 -20.2017 1.6
    endloop
  endfacet
  facet normal 0 0 -1
    outer loop
      vertex 40.0393 -21.6945 1.6
      vertex 41.2865 -22.5278 1.6
      vertex 41.1258 -22.7446 1.6
    endloop
  endfacet
  facet normal 0 0 -1
    outer loop
      vertex 40.1962 -20.6371 1.6
      vertex 41.6316 -20.2017 1.6
      vertex 40.226 -20.7561 1.6
    endloop
  endfacet
  facet normal 0 0 -1
    outer loop
      vertex 39.9663 -21.793 1.6
      vertex 41.1258 -22.7446 1.6
      vertex 40.9445 -22.9445 1.6
    endloop
  endfacet
  facet normal -0 0 -1
    outer loop
      vertex 41.6316 -20.2017 1.6
      vertex 40.1962 -20.6371 1.6
      vertex 41.5407 -19.9476 1.6
    endloop
  endfacet
  facet normal 0 0 -1
    outer loop
      vertex 39.8839 -21.8839 1.6
      vertex 40.9445 -22.9445 1.6
      vertex 40.7446 -23.1258 1.6
    endloop
  endfacet
  facet normal 0 0 -1
    outer loop
      vertex 40.1549 -20.5216 1.6
      vertex 41.5407 -19.9476 1.6
      vertex 40.1962 -20.6371 1.6
    endloop
  endfacet
  facet normal 0 0 -1
    outer loop
      vertex 39.793 -21.9663 1.6
      vertex 40.7446 -23.1258 1.6
      vertex 40.5278 -23.2865 1.6
    endloop
  endfacet
  facet normal -0 0 -1
    outer loop
      vertex 41.5407 -19.9476 1.6
      vertex 40.1549 -20.5216 1.6
      vertex 41.4253 -19.7037 1.6
    endloop
  endfacet
  facet normal 0 0 -1
    outer loop
      vertex 39.6945 -22.0393 1.6
      vertex 40.5278 -23.2865 1.6
      vertex 40.2963 -23.4253 1.6
    endloop
  endfacet
  facet normal 0 0 -1
    outer loop
      vertex 40.1024 -20.4108 1.6
      vertex 41.4253 -19.7037 1.6
      vertex 40.1549 -20.5216 1.6
    endloop
  endfacet
  facet normal -0 0 -1
    outer loop
      vertex 41.4253 -19.7037 1.6
      vertex 40.1024 -20.4108 1.6
      vertex 41.2865 -19.4722 1.6
    endloop
  endfacet
  facet normal 0 0 -1
    outer loop
      vertex 41.7368 -21.2695 1.6
      vertex 40.244 -21.1225 1.6
      vertex 40.25 -21 1.6
    endloop
  endfacet
  facet normal 0 0 -1
    outer loop
      vertex 41.6972 -21.5365 1.6
      vertex 40.226 -21.2439 1.6
      vertex 40.244 -21.1225 1.6
    endloop
  endfacet
  facet normal 0 0 -1
    outer loop
      vertex 41.6316 -21.7983 1.6
      vertex 40.1962 -21.3629 1.6
      vertex 40.226 -21.2439 1.6
    endloop
  endfacet
  facet normal 0 0 -1
    outer loop
      vertex 41.5407 -22.0524 1.6
      vertex 40.1549 -21.4784 1.6
      vertex 40.1962 -21.3629 1.6
    endloop
  endfacet
  facet normal 0 0 -1
    outer loop
      vertex 41.4253 -22.2963 1.6
      vertex 40.1024 -21.5892 1.6
      vertex 40.1549 -21.4784 1.6
    endloop
  endfacet
  facet normal 0 0 -1
    outer loop
      vertex 39.5892 -22.1024 1.6
      vertex 40.2963 -23.4253 1.6
      vertex 40.0524 -23.5407 1.6
    endloop
  endfacet
  facet normal 0 0 -1
    outer loop
      vertex 41.2865 -22.5278 1.6
      vertex 40.0393 -21.6945 1.6
      vertex 40.1024 -21.5892 1.6
    endloop
  endfacet
  facet normal 0 0 -1
    outer loop
      vertex 41.1258 -22.7446 1.6
      vertex 39.9663 -21.793 1.6
      vertex 40.0393 -21.6945 1.6
    endloop
  endfacet
  facet normal 0 0 -1
    outer loop
      vertex 40.9445 -22.9445 1.6
      vertex 39.8839 -21.8839 1.6
      vertex 39.9663 -21.793 1.6
    endloop
  endfacet
  facet normal 0 0 -1
    outer loop
      vertex 39.4784 -22.1549 1.6
      vertex 40.0524 -23.5407 1.6
      vertex 39.7983 -23.6316 1.6
    endloop
  endfacet
  facet normal 0 0 -1
    outer loop
      vertex 40.7446 -23.1258 1.6
      vertex 39.793 -21.9663 1.6
      vertex 39.8839 -21.8839 1.6
    endloop
  endfacet
  facet normal 0 0 -1
    outer loop
      vertex 40.5278 -23.2865 1.6
      vertex 39.6945 -22.0393 1.6
      vertex 39.793 -21.9663 1.6
    endloop
  endfacet
  facet normal 0 0 -1
    outer loop
      vertex 40.2963 -23.4253 1.6
      vertex 39.5892 -22.1024 1.6
      vertex 39.6945 -22.0393 1.6
    endloop
  endfacet
  facet normal 0 0 -1
    outer loop
      vertex 39.3629 -22.1962 1.6
      vertex 39.7983 -23.6316 1.6
      vertex 39.5365 -23.6972 1.6
    endloop
  endfacet
  facet normal 0 0 -1
    outer loop
      vertex 40.0524 -23.5407 1.6
      vertex 39.4784 -22.1549 1.6
      vertex 39.5892 -22.1024 1.6
    endloop
  endfacet
  facet normal 0 0 -1
    outer loop
      vertex 39.7983 -23.6316 1.6
      vertex 39.3629 -22.1962 1.6
      vertex 39.4784 -22.1549 1.6
    endloop
  endfacet
  facet normal 0 0 -1
    outer loop
      vertex 39.2439 -22.226 1.6
      vertex 39.5365 -23.6972 1.6
      vertex 39.2695 -23.7368 1.6
    endloop
  endfacet
  facet normal 0 0 -1
    outer loop
      vertex 39.5365 -23.6972 1.6
      vertex 39.2439 -22.226 1.6
      vertex 39.3629 -22.1962 1.6
    endloop
  endfacet
  facet normal 0 0 -1
    outer loop
      vertex 39.2695 -23.7368 1.6
      vertex 39.1225 -22.244 1.6
      vertex 39.2439 -22.226 1.6
    endloop
  endfacet
  facet normal 0 0 -1
    outer loop
      vertex 39 -23.75 1.6
      vertex 39.1225 -22.244 1.6
      vertex 39.2695 -23.7368 1.6
    endloop
  endfacet
  facet normal 0 0 -1
    outer loop
      vertex 39 -23.75 1.6
      vertex 39 -22.25 1.6
      vertex 39.1225 -22.244 1.6
    endloop
  endfacet
  facet normal 0 0 -1
    outer loop
      vertex 39 -23.75 1.6
      vertex 38.8775 -22.244 1.6
      vertex 39 -22.25 1.6
    endloop
  endfacet
  facet normal 0 0 -1
    outer loop
      vertex 38.7305 -23.7368 1.6
      vertex 38.8775 -22.244 1.6
      vertex 39 -23.75 1.6
    endloop
  endfacet
  facet normal -0 0 -1
    outer loop
      vertex 38.8775 -22.244 1.6
      vertex 38.7305 -23.7368 1.6
      vertex 38.7561 -22.226 1.6
    endloop
  endfacet
  facet normal 0 0 -1
    outer loop
      vertex 38.4635 -23.6972 1.6
      vertex 38.7561 -22.226 1.6
      vertex 38.7305 -23.7368 1.6
    endloop
  endfacet
  facet normal -0 0 -1
    outer loop
      vertex 38.7561 -22.226 1.6
      vertex 38.4635 -23.6972 1.6
      vertex 38.6371 -22.1962 1.6
    endloop
  endfacet
  facet normal 0 0 -1
    outer loop
      vertex 38.2017 -23.6316 1.6
      vertex 38.6371 -22.1962 1.6
      vertex 38.4635 -23.6972 1.6
    endloop
  endfacet
  facet normal -0 0 -1
    outer loop
      vertex 38.6371 -22.1962 1.6
      vertex 38.2017 -23.6316 1.6
      vertex 38.5216 -22.1549 1.6
    endloop
  endfacet
  facet normal 0 0 -1
    outer loop
      vertex 37.9476 -23.5407 1.6
      vertex 38.5216 -22.1549 1.6
      vertex 38.2017 -23.6316 1.6
    endloop
  endfacet
  facet normal -0 0 -1
    outer loop
      vertex 38.5216 -22.1549 1.6
      vertex 37.9476 -23.5407 1.6
      vertex 38.4108 -22.1024 1.6
    endloop
  endfacet
  facet normal 0 0 -1
    outer loop
      vertex 37.7037 -23.4253 1.6
      vertex 38.4108 -22.1024 1.6
      vertex 37.9476 -23.5407 1.6
    endloop
  endfacet
  facet normal -0 0 -1
    outer loop
      vertex 38.4108 -22.1024 1.6
      vertex 37.7037 -23.4253 1.6
      vertex 38.3055 -22.0393 1.6
    endloop
  endfacet
  facet normal 0 0 -1
    outer loop
      vertex 37.4722 -23.2865 1.6
      vertex 38.3055 -22.0393 1.6
      vertex 37.7037 -23.4253 1.6
    endloop
  endfacet
  facet normal -0 0 -1
    outer loop
      vertex 38.3055 -22.0393 1.6
      vertex 37.4722 -23.2865 1.6
      vertex 38.207 -21.9663 1.6
    endloop
  endfacet
  facet normal 0 0 -1
    outer loop
      vertex 37.2554 -23.1258 1.6
      vertex 38.207 -21.9663 1.6
      vertex 37.4722 -23.2865 1.6
    endloop
  endfacet
  facet normal -0 0 -1
    outer loop
      vertex 38.207 -21.9663 1.6
      vertex 37.2554 -23.1258 1.6
      vertex 38.1161 -21.8839 1.6
    endloop
  endfacet
  facet normal 0 0 -1
    outer loop
      vertex 37.0555 -22.9445 1.6
      vertex 38.1161 -21.8839 1.6
      vertex 37.2554 -23.1258 1.6
    endloop
  endfacet
  facet normal -0 0 -1
    outer loop
      vertex 38.1161 -21.8839 1.6
      vertex 37.0555 -22.9445 1.6
      vertex 38.0337 -21.793 1.6
    endloop
  endfacet
  facet normal 0 0 -1
    outer loop
      vertex 36.8742 -22.7446 1.6
      vertex 38.0337 -21.793 1.6
      vertex 37.0555 -22.9445 1.6
    endloop
  endfacet
  facet normal -0 0 -1
    outer loop
      vertex 38.0337 -21.793 1.6
      vertex 36.8742 -22.7446 1.6
      vertex 37.9607 -21.6945 1.6
    endloop
  endfacet
  facet normal -0 0 -1
    outer loop
      vertex 37.9607 -21.6945 1.6
      vertex 36.7135 -22.5278 1.6
      vertex 37.8976 -21.5892 1.6
    endloop
  endfacet
  facet normal 0 0 -1
    outer loop
      vertex 36.7135 -22.5278 1.6
      vertex 37.9607 -21.6945 1.6
      vertex 36.8742 -22.7446 1.6
    endloop
  endfacet
  facet normal 0 0 -1
    outer loop
      vertex 40.0393 -20.3055 1.6
      vertex 41.2865 -19.4722 1.6
      vertex 40.1024 -20.4108 1.6
    endloop
  endfacet
  facet normal -0 0 -1
    outer loop
      vertex 41.2865 -19.4722 1.6
      vertex 40.0393 -20.3055 1.6
      vertex 41.1258 -19.2554 1.6
    endloop
  endfacet
  facet normal 0 0 -1
    outer loop
      vertex 39.9663 -20.207 1.6
      vertex 41.1258 -19.2554 1.6
      vertex 40.0393 -20.3055 1.6
    endloop
  endfacet
  facet normal -0 0 -1
    outer loop
      vertex 41.1258 -19.2554 1.6
      vertex 39.9663 -20.207 1.6
      vertex 40.9445 -19.0555 1.6
    endloop
  endfacet
  facet normal 0 0 -1
    outer loop
      vertex 39.8839 -20.1161 1.6
      vertex 40.9445 -19.0555 1.6
      vertex 39.9663 -20.207 1.6
    endloop
  endfacet
  facet normal -0 0 -1
    outer loop
      vertex 40.9445 -19.0555 1.6
      vertex 39.8839 -20.1161 1.6
      vertex 40.7446 -18.8742 1.6
    endloop
  endfacet
  facet normal 0 0 -1
    outer loop
      vertex 39.793 -20.0337 1.6
      vertex 40.7446 -18.8742 1.6
      vertex 39.8839 -20.1161 1.6
    endloop
  endfacet
  facet normal -0 0 -1
    outer loop
      vertex 40.7446 -18.8742 1.6
      vertex 39.793 -20.0337 1.6
      vertex 40.5278 -18.7135 1.6
    endloop
  endfacet
  facet normal 0 0 -1
    outer loop
      vertex 39.6945 -19.9607 1.6
      vertex 40.5278 -18.7135 1.6
      vertex 39.793 -20.0337 1.6
    endloop
  endfacet
  facet normal -0 0 -1
    outer loop
      vertex 40.5278 -18.7135 1.6
      vertex 39.6945 -19.9607 1.6
      vertex 40.2963 -18.5747 1.6
    endloop
  endfacet
  facet normal 0 0 -1
    outer loop
      vertex 39.5892 -19.8976 1.6
      vertex 40.2963 -18.5747 1.6
      vertex 39.6945 -19.9607 1.6
    endloop
  endfacet
  facet normal -0 0 -1
    outer loop
      vertex 40.2963 -18.5747 1.6
      vertex 39.5892 -19.8976 1.6
      vertex 40.0524 -18.4593 1.6
    endloop
  endfacet
  facet normal 0 0 -1
    outer loop
      vertex 39.4784 -19.8451 1.6
      vertex 40.0524 -18.4593 1.6
      vertex 39.5892 -19.8976 1.6
    endloop
  endfacet
  facet normal -0 0 -1
    outer loop
      vertex 40.0524 -18.4593 1.6
      vertex 39.4784 -19.8451 1.6
      vertex 39.7983 -18.3684 1.6
    endloop
  endfacet
  facet normal 0 0 -1
    outer loop
      vertex 39.3629 -19.8038 1.6
      vertex 39.7983 -18.3684 1.6
      vertex 39.4784 -19.8451 1.6
    endloop
  endfacet
  facet normal -0 0 -1
    outer loop
      vertex 39.7983 -18.3684 1.6
      vertex 39.3629 -19.8038 1.6
      vertex 39.5365 -18.3028 1.6
    endloop
  endfacet
  facet normal 0 0 -1
    outer loop
      vertex 39.2439 -19.774 1.6
      vertex 39.5365 -18.3028 1.6
      vertex 39.3629 -19.8038 1.6
    endloop
  endfacet
  facet normal -0 0 -1
    outer loop
      vertex 39.5365 -18.3028 1.6
      vertex 39.2439 -19.774 1.6
      vertex 39.2695 -18.2632 1.6
    endloop
  endfacet
  facet normal 0 0 -1
    outer loop
      vertex 39.1225 -19.756 1.6
      vertex 39.2695 -18.2632 1.6
      vertex 39.2439 -19.774 1.6
    endloop
  endfacet
  facet normal 0 0 -1
    outer loop
      vertex 39 -19.75 1.6
      vertex 39.2695 -18.2632 1.6
      vertex 39.1225 -19.756 1.6
    endloop
  endfacet
  facet normal 0 0 -1
    outer loop
      vertex 39 -19.75 1.6
      vertex 39 -18.25 1.6
      vertex 39.2695 -18.2632 1.6
    endloop
  endfacet
  facet normal 0 0 -1
    outer loop
      vertex 38.8775 -19.756 1.6
      vertex 39 -18.25 1.6
      vertex 39 -19.75 1.6
    endloop
  endfacet
  facet normal 0 0 -1
    outer loop
      vertex 38.7305 -18.2632 1.6
      vertex 38.8775 -19.756 1.6
      vertex 38.7561 -19.774 1.6
    endloop
  endfacet
  facet normal 0 0 -1
    outer loop
      vertex 38.8775 -19.756 1.6
      vertex 38.7305 -18.2632 1.6
      vertex 39 -18.25 1.6
    endloop
  endfacet
  facet normal 0 0 -1
    outer loop
      vertex 38.4635 -18.3028 1.6
      vertex 38.7561 -19.774 1.6
      vertex 38.6371 -19.8038 1.6
    endloop
  endfacet
  facet normal 0 0 -1
    outer loop
      vertex 38.2017 -18.3684 1.6
      vertex 38.6371 -19.8038 1.6
      vertex 38.5216 -19.8451 1.6
    endloop
  endfacet
  facet normal 0 0 -1
    outer loop
      vertex 38.7561 -19.774 1.6
      vertex 38.4635 -18.3028 1.6
      vertex 38.7305 -18.2632 1.6
    endloop
  endfacet
  facet normal 0 0 -1
    outer loop
      vertex 37.9476 -18.4593 1.6
      vertex 38.5216 -19.8451 1.6
      vertex 38.4108 -19.8976 1.6
    endloop
  endfacet
  facet normal 0 0 -1
    outer loop
      vertex 37.7037 -18.5747 1.6
      vertex 38.4108 -19.8976 1.6
      vertex 38.3055 -19.9607 1.6
    endloop
  endfacet
  facet normal 0 0 -1
    outer loop
      vertex 37.4722 -18.7135 1.6
      vertex 38.3055 -19.9607 1.6
      vertex 38.207 -20.0337 1.6
    endloop
  endfacet
  facet normal 0 0 -1
    outer loop
      vertex 38.6371 -19.8038 1.6
      vertex 38.2017 -18.3684 1.6
      vertex 38.4635 -18.3028 1.6
    endloop
  endfacet
  facet normal 0 0 -1
    outer loop
      vertex 37.2554 -18.8742 1.6
      vertex 38.207 -20.0337 1.6
      vertex 38.1161 -20.1161 1.6
    endloop
  endfacet
  facet normal 0 0 -1
    outer loop
      vertex 37.0555 -19.0555 1.6
      vertex 38.1161 -20.1161 1.6
      vertex 38.0337 -20.207 1.6
    endloop
  endfacet
  facet normal 0 0 -1
    outer loop
      vertex 36.8742 -19.2554 1.6
      vertex 38.0337 -20.207 1.6
      vertex 37.9607 -20.3055 1.6
    endloop
  endfacet
  facet normal 0 0 -1
    outer loop
      vertex 38.5216 -19.8451 1.6
      vertex 37.9476 -18.4593 1.6
      vertex 38.2017 -18.3684 1.6
    endloop
  endfacet
  facet normal 0 0 -1
    outer loop
      vertex 36.7135 -19.4722 1.6
      vertex 37.9607 -20.3055 1.6
      vertex 37.8976 -20.4108 1.6
    endloop
  endfacet
  facet normal 0 0 -1
    outer loop
      vertex 36.5747 -19.7037 1.6
      vertex 37.8976 -20.4108 1.6
      vertex 37.8451 -20.5216 1.6
    endloop
  endfacet
  facet normal 0 0 -1
    outer loop
      vertex 36.4593 -19.9476 1.6
      vertex 37.8451 -20.5216 1.6
      vertex 37.8038 -20.6371 1.6
    endloop
  endfacet
  facet normal 0 0 -1
    outer loop
      vertex 36.3684 -20.2017 1.6
      vertex 37.8038 -20.6371 1.6
      vertex 37.774 -20.7561 1.6
    endloop
  endfacet
  facet normal 0 0 -1
    outer loop
      vertex 36.3028 -20.4635 1.6
      vertex 37.774 -20.7561 1.6
      vertex 37.756 -20.8775 1.6
    endloop
  endfacet
  facet normal 0 0 -1
    outer loop
      vertex 38.4108 -19.8976 1.6
      vertex 37.7037 -18.5747 1.6
      vertex 37.9476 -18.4593 1.6
    endloop
  endfacet
  facet normal 0 0 -1
    outer loop
      vertex 36.2632 -20.7305 1.6
      vertex 37.756 -20.8775 1.6
      vertex 37.75 -21 1.6
    endloop
  endfacet
  facet normal 0 0 -1
    outer loop
      vertex 36.5747 -22.2963 1.6
      vertex 37.8976 -21.5892 1.6
      vertex 36.7135 -22.5278 1.6
    endloop
  endfacet
  facet normal -0 0 -1
    outer loop
      vertex 37.8976 -21.5892 1.6
      vertex 36.5747 -22.2963 1.6
      vertex 37.8451 -21.4784 1.6
    endloop
  endfacet
  facet normal 0 0 -1
    outer loop
      vertex 38.3055 -19.9607 1.6
      vertex 37.4722 -18.7135 1.6
      vertex 37.7037 -18.5747 1.6
    endloop
  endfacet
  facet normal 0 0 -1
    outer loop
      vertex 36.4593 -22.0524 1.6
      vertex 37.8451 -21.4784 1.6
      vertex 36.5747 -22.2963 1.6
    endloop
  endfacet
  facet normal 0 0 -1
    outer loop
      vertex 38.207 -20.0337 1.6
      vertex 37.2554 -18.8742 1.6
      vertex 37.4722 -18.7135 1.6
    endloop
  endfacet
  facet normal -0 0 -1
    outer loop
      vertex 37.8451 -21.4784 1.6
      vertex 36.4593 -22.0524 1.6
      vertex 37.8038 -21.3629 1.6
    endloop
  endfacet
  facet normal 0 0 -1
    outer loop
      vertex 38.1161 -20.1161 1.6
      vertex 37.0555 -19.0555 1.6
      vertex 37.2554 -18.8742 1.6
    endloop
  endfacet
  facet normal 0 0 -1
    outer loop
      vertex 36.3684 -21.7983 1.6
      vertex 37.8038 -21.3629 1.6
      vertex 36.4593 -22.0524 1.6
    endloop
  endfacet
  facet normal 0 0 -1
    outer loop
      vertex 38.0337 -20.207 1.6
      vertex 36.8742 -19.2554 1.6
      vertex 37.0555 -19.0555 1.6
    endloop
  endfacet
  facet normal -0 0 -1
    outer loop
      vertex 37.8038 -21.3629 1.6
      vertex 36.3684 -21.7983 1.6
      vertex 37.774 -21.2439 1.6
    endloop
  endfacet
  facet normal 0 0 -1
    outer loop
      vertex 37.9607 -20.3055 1.6
      vertex 36.7135 -19.4722 1.6
      vertex 36.8742 -19.2554 1.6
    endloop
  endfacet
  facet normal 0 0 -1
    outer loop
      vertex 36.3028 -21.5365 1.6
      vertex 37.774 -21.2439 1.6
      vertex 36.3684 -21.7983 1.6
    endloop
  endfacet
  facet normal 0 0 -1
    outer loop
      vertex 37.8976 -20.4108 1.6
      vertex 36.5747 -19.7037 1.6
      vertex 36.7135 -19.4722 1.6
    endloop
  endfacet
  facet normal -0 0 -1
    outer loop
      vertex 37.774 -21.2439 1.6
      vertex 36.3028 -21.5365 1.6
      vertex 37.756 -21.1225 1.6
    endloop
  endfacet
  facet normal 0 0 -1
    outer loop
      vertex 37.8451 -20.5216 1.6
      vertex 36.4593 -19.9476 1.6
      vertex 36.5747 -19.7037 1.6
    endloop
  endfacet
  facet normal 0 0 -1
    outer loop
      vertex 36.2632 -21.2695 1.6
      vertex 37.756 -21.1225 1.6
      vertex 36.3028 -21.5365 1.6
    endloop
  endfacet
  facet normal 0 0 -1
    outer loop
      vertex 37.8038 -20.6371 1.6
      vertex 36.3684 -20.2017 1.6
      vertex 36.4593 -19.9476 1.6
    endloop
  endfacet
  facet normal -0 0 -1
    outer loop
      vertex 37.756 -21.1225 1.6
      vertex 36.2632 -21.2695 1.6
      vertex 37.75 -21 1.6
    endloop
  endfacet
  facet normal 0 0 -1
    outer loop
      vertex 37.774 -20.7561 1.6
      vertex 36.3028 -20.4635 1.6
      vertex 36.3684 -20.2017 1.6
    endloop
  endfacet
  facet normal 0 0 -1
    outer loop
      vertex 36.25 -21 1.6
      vertex 37.75 -21 1.6
      vertex 36.2632 -21.2695 1.6
    endloop
  endfacet
  facet normal 0 0 -1
    outer loop
      vertex 37.756 -20.8775 1.6
      vertex 36.2632 -20.7305 1.6
      vertex 36.3028 -20.4635 1.6
    endloop
  endfacet
  facet normal 0 0 -1
    outer loop
      vertex 37.75 -21 1.6
      vertex 36.25 -21 1.6
      vertex 36.2632 -20.7305 1.6
    endloop
  endfacet
  facet normal -0.740728 -0.671805 0
    outer loop
      vertex 37.0555 -22.9445 1.6
      vertex 36.8742 -22.7446 4.9
      vertex 36.8742 -22.7446 1.6
    endloop
  endfacet
  facet normal -0.740728 -0.671805 0
    outer loop
      vertex 36.8742 -22.7446 4.9
      vertex 37.0555 -22.9445 1.6
      vertex 37.0555 -22.9445 4.9
    endloop
  endfacet
  facet normal 0.970012 0.243059 0
    outer loop
      vertex 41.6972 -20.4635 4.9
      vertex 41.6316 -20.2017 1.6
      vertex 41.6316 -20.2017 4.9
    endloop
  endfacet
  facet normal 0.970012 0.243059 0
    outer loop
      vertex 41.6316 -20.2017 1.6
      vertex 41.6972 -20.4635 4.9
      vertex 41.6972 -20.4635 1.6
    endloop
  endfacet
  facet normal 0.941566 0.336829 0
    outer loop
      vertex 41.6316 -20.2017 4.9
      vertex 41.5407 -19.9476 1.6
      vertex 41.5407 -19.9476 4.9
    endloop
  endfacet
  facet normal 0.941566 0.336829 0
    outer loop
      vertex 41.5407 -19.9476 1.6
      vertex 41.6316 -20.2017 4.9
      vertex 41.6316 -20.2017 1.6
    endloop
  endfacet
  facet normal 0.740728 0.671805 0
    outer loop
      vertex 41.1258 -19.2554 4.9
      vertex 40.9445 -19.0555 1.6
      vertex 40.9445 -19.0555 4.9
    endloop
  endfacet
  facet normal 0.740728 0.671805 0
    outer loop
      vertex 40.9445 -19.0555 1.6
      vertex 41.1258 -19.2554 4.9
      vertex 41.1258 -19.2554 1.6
    endloop
  endfacet
  facet normal 0.803367 0.595485 0
    outer loop
      vertex 41.2865 -19.4722 4.9
      vertex 41.1258 -19.2554 1.6
      vertex 41.1258 -19.2554 4.9
    endloop
  endfacet
  facet normal 0.803367 0.595485 0
    outer loop
      vertex 41.1258 -19.2554 1.6
      vertex 41.2865 -19.4722 4.9
      vertex 41.2865 -19.4722 1.6
    endloop
  endfacet
  facet normal 0.671805 0.740728 -0
    outer loop
      vertex 40.9445 -19.0555 1.6
      vertex 40.7446 -18.8742 4.9
      vertex 40.9445 -19.0555 4.9
    endloop
  endfacet
  facet normal 0.671805 0.740728 0
    outer loop
      vertex 40.7446 -18.8742 4.9
      vertex 40.9445 -19.0555 1.6
      vertex 40.7446 -18.8742 1.6
    endloop
  endfacet
  facet normal 0.514223 0.857656 -0
    outer loop
      vertex 40.5278 -18.7135 1.6
      vertex 40.2963 -18.5747 4.9
      vertex 40.5278 -18.7135 4.9
    endloop
  endfacet
  facet normal 0.514223 0.857656 0
    outer loop
      vertex 40.2963 -18.5747 4.9
      vertex 40.5278 -18.7135 1.6
      vertex 40.2963 -18.5747 1.6
    endloop
  endfacet
  facet normal 0.0489209 0.998803 -0
    outer loop
      vertex 39.2695 -18.2632 1.6
      vertex 39 -18.25 4.9
      vertex 39.2695 -18.2632 4.9
    endloop
  endfacet
  facet normal 0.0489209 0.998803 0
    outer loop
      vertex 39 -18.25 4.9
      vertex 39.2695 -18.2632 1.6
      vertex 39 -18.25 1.6
    endloop
  endfacet
  facet normal 0.336829 0.941566 -0
    outer loop
      vertex 40.0524 -18.4593 1.6
      vertex 39.7983 -18.3684 4.9
      vertex 40.0524 -18.4593 4.9
    endloop
  endfacet
  facet normal 0.336829 0.941566 0
    outer loop
      vertex 39.7983 -18.3684 4.9
      vertex 40.0524 -18.4593 1.6
      vertex 39.7983 -18.3684 1.6
    endloop
  endfacet
  facet normal 0.243059 0.970012 -0
    outer loop
      vertex 39.7983 -18.3684 1.6
      vertex 39.5365 -18.3028 4.9
      vertex 39.7983 -18.3684 4.9
    endloop
  endfacet
  facet normal 0.243059 0.970012 0
    outer loop
      vertex 39.5365 -18.3028 4.9
      vertex 39.7983 -18.3684 1.6
      vertex 39.5365 -18.3028 1.6
    endloop
  endfacet
  facet normal -0.998803 0.0489209 0
    outer loop
      vertex 36.25 -21 1.6
      vertex 36.2632 -20.7305 4.9
      vertex 36.2632 -20.7305 1.6
    endloop
  endfacet
  facet normal -0.998803 0.0489209 0
    outer loop
      vertex 36.2632 -20.7305 4.9
      vertex 36.25 -21 1.6
      vertex 36.25 -21 4.9
    endloop
  endfacet
  facet normal -0.941566 0.336829 0
    outer loop
      vertex 36.3684 -20.2017 1.6
      vertex 36.4593 -19.9476 4.9
      vertex 36.4593 -19.9476 1.6
    endloop
  endfacet
  facet normal -0.941566 0.336829 0
    outer loop
      vertex 36.4593 -19.9476 4.9
      vertex 36.3684 -20.2017 1.6
      vertex 36.3684 -20.2017 4.9
    endloop
  endfacet
  facet normal -0.970012 0.243059 0
    outer loop
      vertex 36.3028 -20.4635 1.6
      vertex 36.3684 -20.2017 4.9
      vertex 36.3684 -20.2017 1.6
    endloop
  endfacet
  facet normal -0.970012 0.243059 0
    outer loop
      vertex 36.3684 -20.2017 4.9
      vertex 36.3028 -20.4635 1.6
      vertex 36.3028 -20.4635 4.9
    endloop
  endfacet
  facet normal -0.857656 0.514223 0
    outer loop
      vertex 36.5747 -19.7037 1.6
      vertex 36.7135 -19.4722 4.9
      vertex 36.7135 -19.4722 1.6
    endloop
  endfacet
  facet normal -0.857656 0.514223 0
    outer loop
      vertex 36.7135 -19.4722 4.9
      vertex 36.5747 -19.7037 1.6
      vertex 36.5747 -19.7037 4.9
    endloop
  endfacet
  facet normal -0.803367 0.595485 0
    outer loop
      vertex 36.7135 -19.4722 1.6
      vertex 36.8742 -19.2554 4.9
      vertex 36.8742 -19.2554 1.6
    endloop
  endfacet
  facet normal -0.803367 0.595485 0
    outer loop
      vertex 36.8742 -19.2554 4.9
      vertex 36.7135 -19.4722 1.6
      vertex 36.7135 -19.4722 4.9
    endloop
  endfacet
  facet normal -0.243059 0.970012 0
    outer loop
      vertex 38.4635 -18.3028 1.6
      vertex 38.2017 -18.3684 4.9
      vertex 38.4635 -18.3028 4.9
    endloop
  endfacet
  facet normal -0.243059 0.970012 0
    outer loop
      vertex 38.2017 -18.3684 4.9
      vertex 38.4635 -18.3028 1.6
      vertex 38.2017 -18.3684 1.6
    endloop
  endfacet
  facet normal -0.0489209 0.998803 0
    outer loop
      vertex 39 -18.25 1.6
      vertex 38.7305 -18.2632 4.9
      vertex 39 -18.25 4.9
    endloop
  endfacet
  facet normal -0.0489209 0.998803 0
    outer loop
      vertex 38.7305 -18.2632 4.9
      vertex 39 -18.25 1.6
      vertex 38.7305 -18.2632 1.6
    endloop
  endfacet
  facet normal -0.514223 0.857656 0
    outer loop
      vertex 37.7037 -18.5747 1.6
      vertex 37.4722 -18.7135 4.9
      vertex 37.7037 -18.5747 4.9
    endloop
  endfacet
  facet normal -0.514223 0.857656 0
    outer loop
      vertex 37.4722 -18.7135 4.9
      vertex 37.7037 -18.5747 1.6
      vertex 37.4722 -18.7135 1.6
    endloop
  endfacet
  facet normal -0.595485 0.803367 0
    outer loop
      vertex 37.4722 -18.7135 1.6
      vertex 37.2554 -18.8742 4.9
      vertex 37.4722 -18.7135 4.9
    endloop
  endfacet
  facet normal -0.595485 0.803367 0
    outer loop
      vertex 37.2554 -18.8742 4.9
      vertex 37.4722 -18.7135 1.6
      vertex 37.2554 -18.8742 1.6
    endloop
  endfacet
  facet normal -0.427688 0.903926 0
    outer loop
      vertex 37.9476 -18.4593 1.6
      vertex 37.7037 -18.5747 4.9
      vertex 37.9476 -18.4593 4.9
    endloop
  endfacet
  facet normal -0.427688 0.903926 0
    outer loop
      vertex 37.7037 -18.5747 4.9
      vertex 37.9476 -18.4593 1.6
      vertex 37.7037 -18.5747 1.6
    endloop
  endfacet
  facet normal -0.671805 0.740728 0
    outer loop
      vertex 37.2554 -18.8742 1.6
      vertex 37.0555 -19.0555 4.9
      vertex 37.2554 -18.8742 4.9
    endloop
  endfacet
  facet normal -0.671805 0.740728 0
    outer loop
      vertex 37.0555 -19.0555 4.9
      vertex 37.2554 -18.8742 1.6
      vertex 37.0555 -19.0555 1.6
    endloop
  endfacet
  facet normal 0.998803 0.0489209 0
    outer loop
      vertex 41.75 -21 4.9
      vertex 41.7368 -20.7305 1.6
      vertex 41.7368 -20.7305 4.9
    endloop
  endfacet
  facet normal 0.998803 0.0489209 0
    outer loop
      vertex 41.7368 -20.7305 1.6
      vertex 41.75 -21 4.9
      vertex 41.75 -21 1.6
    endloop
  endfacet
  facet normal 0.0489209 -0.998803 0
    outer loop
      vertex 39 -23.75 1.6
      vertex 39.2695 -23.7368 4.9
      vertex 39 -23.75 4.9
    endloop
  endfacet
  facet normal 0.0489209 -0.998803 0
    outer loop
      vertex 39.2695 -23.7368 4.9
      vertex 39 -23.75 1.6
      vertex 39.2695 -23.7368 1.6
    endloop
  endfacet
  facet normal 0.903926 -0.427688 0
    outer loop
      vertex 41.4253 -22.2963 4.9
      vertex 41.5407 -22.0524 1.6
      vertex 41.5407 -22.0524 4.9
    endloop
  endfacet
  facet normal 0.903926 -0.427688 0
    outer loop
      vertex 41.5407 -22.0524 1.6
      vertex 41.4253 -22.2963 4.9
      vertex 41.4253 -22.2963 1.6
    endloop
  endfacet
  facet normal 0.14671 -0.98918 0
    outer loop
      vertex 39.2695 -23.7368 1.6
      vertex 39.5365 -23.6972 4.9
      vertex 39.2695 -23.7368 4.9
    endloop
  endfacet
  facet normal 0.14671 -0.98918 0
    outer loop
      vertex 39.5365 -23.6972 4.9
      vertex 39.2695 -23.7368 1.6
      vertex 39.5365 -23.6972 1.6
    endloop
  endfacet
  facet normal 0.740728 -0.671805 0
    outer loop
      vertex 40.9445 -22.9445 4.9
      vertex 41.1258 -22.7446 1.6
      vertex 41.1258 -22.7446 4.9
    endloop
  endfacet
  facet normal 0.740728 -0.671805 0
    outer loop
      vertex 41.1258 -22.7446 1.6
      vertex 40.9445 -22.9445 4.9
      vertex 40.9445 -22.9445 1.6
    endloop
  endfacet
  facet normal 0.671805 -0.740728 0
    outer loop
      vertex 40.7446 -23.1258 1.6
      vertex 40.9445 -22.9445 4.9
      vertex 40.7446 -23.1258 4.9
    endloop
  endfacet
  facet normal 0.671805 -0.740728 0
    outer loop
      vertex 40.9445 -22.9445 4.9
      vertex 40.7446 -23.1258 1.6
      vertex 40.9445 -22.9445 1.6
    endloop
  endfacet
  facet normal 0.514223 -0.857656 0
    outer loop
      vertex 40.2963 -23.4253 1.6
      vertex 40.5278 -23.2865 4.9
      vertex 40.2963 -23.4253 4.9
    endloop
  endfacet
  facet normal 0.514223 -0.857656 0
    outer loop
      vertex 40.5278 -23.2865 4.9
      vertex 40.2963 -23.4253 1.6
      vertex 40.5278 -23.2865 1.6
    endloop
  endfacet
  facet normal -0.0489209 -0.998803 0
    outer loop
      vertex 38.7305 -23.7368 1.6
      vertex 39 -23.75 4.9
      vertex 38.7305 -23.7368 4.9
    endloop
  endfacet
  facet normal -0.0489209 -0.998803 -0
    outer loop
      vertex 39 -23.75 4.9
      vertex 38.7305 -23.7368 1.6
      vertex 39 -23.75 1.6
    endloop
  endfacet
  facet normal -0.336829 -0.941566 0
    outer loop
      vertex 37.9476 -23.5407 1.6
      vertex 38.2017 -23.6316 4.9
      vertex 37.9476 -23.5407 4.9
    endloop
  endfacet
  facet normal -0.336829 -0.941566 -0
    outer loop
      vertex 38.2017 -23.6316 4.9
      vertex 37.9476 -23.5407 1.6
      vertex 38.2017 -23.6316 1.6
    endloop
  endfacet
  facet normal -0.514223 -0.857656 0
    outer loop
      vertex 37.4722 -23.2865 1.6
      vertex 37.7037 -23.4253 4.9
      vertex 37.4722 -23.2865 4.9
    endloop
  endfacet
  facet normal -0.514223 -0.857656 -0
    outer loop
      vertex 37.7037 -23.4253 4.9
      vertex 37.4722 -23.2865 1.6
      vertex 37.7037 -23.4253 1.6
    endloop
  endfacet
  facet normal -0.970012 -0.243059 0
    outer loop
      vertex 36.3684 -21.7983 1.6
      vertex 36.3028 -21.5365 4.9
      vertex 36.3028 -21.5365 1.6
    endloop
  endfacet
  facet normal -0.970012 -0.243059 0
    outer loop
      vertex 36.3028 -21.5365 4.9
      vertex 36.3684 -21.7983 1.6
      vertex 36.3684 -21.7983 4.9
    endloop
  endfacet
  facet normal -0.998803 -0.0489209 0
    outer loop
      vertex 36.2632 -21.2695 1.6
      vertex 36.25 -21 4.9
      vertex 36.25 -21 1.6
    endloop
  endfacet
  facet normal -0.998803 -0.0489209 0
    outer loop
      vertex 36.25 -21 4.9
      vertex 36.2632 -21.2695 1.6
      vertex 36.2632 -21.2695 4.9
    endloop
  endfacet
  facet normal -0.803367 -0.595485 0
    outer loop
      vertex 36.8742 -22.7446 1.6
      vertex 36.7135 -22.5278 4.9
      vertex 36.7135 -22.5278 1.6
    endloop
  endfacet
  facet normal -0.803367 -0.595485 0
    outer loop
      vertex 36.7135 -22.5278 4.9
      vertex 36.8742 -22.7446 1.6
      vertex 36.8742 -22.7446 4.9
    endloop
  endfacet
  facet normal -0.857656 -0.514223 0
    outer loop
      vertex 36.7135 -22.5278 1.6
      vertex 36.5747 -22.2963 4.9
      vertex 36.5747 -22.2963 1.6
    endloop
  endfacet
  facet normal -0.857656 -0.514223 0
    outer loop
      vertex 36.5747 -22.2963 4.9
      vertex 36.7135 -22.5278 1.6
      vertex 36.7135 -22.5278 4.9
    endloop
  endfacet
  facet normal -0.903926 -0.427688 0
    outer loop
      vertex 36.5747 -22.2963 1.6
      vertex 36.4593 -22.0524 4.9
      vertex 36.4593 -22.0524 1.6
    endloop
  endfacet
  facet normal -0.903926 -0.427688 0
    outer loop
      vertex 36.4593 -22.0524 4.9
      vertex 36.5747 -22.2963 1.6
      vertex 36.5747 -22.2963 4.9
    endloop
  endfacet
  facet normal 0.98918 0.14671 0
    outer loop
      vertex 41.7368 -20.7305 4.9
      vertex 41.6972 -20.4635 1.6
      vertex 41.6972 -20.4635 4.9
    endloop
  endfacet
  facet normal 0.98918 0.14671 0
    outer loop
      vertex 41.6972 -20.4635 1.6
      vertex 41.7368 -20.7305 4.9
      vertex 41.7368 -20.7305 1.6
    endloop
  endfacet
  facet normal 0.14671 0.98918 -0
    outer loop
      vertex 39.5365 -18.3028 1.6
      vertex 39.2695 -18.2632 4.9
      vertex 39.5365 -18.3028 4.9
    endloop
  endfacet
  facet normal 0.14671 0.98918 0
    outer loop
      vertex 39.2695 -18.2632 4.9
      vertex 39.5365 -18.3028 1.6
      vertex 39.2695 -18.2632 1.6
    endloop
  endfacet
  facet normal 0 0 1
    outer loop
      vertex 40.25 -21 4.9
      vertex 41.75 -21 4.9
      vertex 41.7368 -20.7305 4.9
    endloop
  endfacet
  facet normal 0 0 1
    outer loop
      vertex 40.244 -20.8775 4.9
      vertex 41.7368 -20.7305 4.9
      vertex 41.6972 -20.4635 4.9
    endloop
  endfacet
  facet normal 0 0 1
    outer loop
      vertex 41.75 -21 4.9
      vertex 40.25 -21 4.9
      vertex 41.7368 -21.2695 4.9
    endloop
  endfacet
  facet normal 0 0 1
    outer loop
      vertex 40.226 -20.7561 4.9
      vertex 41.6972 -20.4635 4.9
      vertex 41.6316 -20.2017 4.9
    endloop
  endfacet
  facet normal -0 0 1
    outer loop
      vertex 40.244 -21.1225 4.9
      vertex 41.7368 -21.2695 4.9
      vertex 40.25 -21 4.9
    endloop
  endfacet
  facet normal 0 0 1
    outer loop
      vertex 40.1962 -20.6371 4.9
      vertex 41.6316 -20.2017 4.9
      vertex 41.5407 -19.9476 4.9
    endloop
  endfacet
  facet normal 0 0 1
    outer loop
      vertex 41.7368 -21.2695 4.9
      vertex 40.244 -21.1225 4.9
      vertex 41.6972 -21.5365 4.9
    endloop
  endfacet
  facet normal 0 0 1
    outer loop
      vertex 40.1549 -20.5216 4.9
      vertex 41.5407 -19.9476 4.9
      vertex 41.4253 -19.7037 4.9
    endloop
  endfacet
  facet normal -0 0 1
    outer loop
      vertex 40.226 -21.2439 4.9
      vertex 41.6972 -21.5365 4.9
      vertex 40.244 -21.1225 4.9
    endloop
  endfacet
  facet normal 0 0 1
    outer loop
      vertex 40.1024 -20.4108 4.9
      vertex 41.4253 -19.7037 4.9
      vertex 41.2865 -19.4722 4.9
    endloop
  endfacet
  facet normal 0 0 1
    outer loop
      vertex 41.6972 -21.5365 4.9
      vertex 40.226 -21.2439 4.9
      vertex 41.6316 -21.7983 4.9
    endloop
  endfacet
  facet normal 0 0 1
    outer loop
      vertex 40.0393 -20.3055 4.9
      vertex 41.2865 -19.4722 4.9
      vertex 41.1258 -19.2554 4.9
    endloop
  endfacet
  facet normal -0 0 1
    outer loop
      vertex 40.1962 -21.3629 4.9
      vertex 41.6316 -21.7983 4.9
      vertex 40.226 -21.2439 4.9
    endloop
  endfacet
  facet normal 0 0 1
    outer loop
      vertex 39.9663 -20.207 4.9
      vertex 41.1258 -19.2554 4.9
      vertex 40.9445 -19.0555 4.9
    endloop
  endfacet
  facet normal 0 0 1
    outer loop
      vertex 41.6316 -21.7983 4.9
      vertex 40.1962 -21.3629 4.9
      vertex 41.5407 -22.0524 4.9
    endloop
  endfacet
  facet normal 0 0 1
    outer loop
      vertex 39.8839 -20.1161 4.9
      vertex 40.9445 -19.0555 4.9
      vertex 40.7446 -18.8742 4.9
    endloop
  endfacet
  facet normal -0 0 1
    outer loop
      vertex 40.1549 -21.4784 4.9
      vertex 41.5407 -22.0524 4.9
      vertex 40.1962 -21.3629 4.9
    endloop
  endfacet
  facet normal 0 0 1
    outer loop
      vertex 39.793 -20.0337 4.9
      vertex 40.7446 -18.8742 4.9
      vertex 40.5278 -18.7135 4.9
    endloop
  endfacet
  facet normal 0 0 1
    outer loop
      vertex 41.5407 -22.0524 4.9
      vertex 40.1549 -21.4784 4.9
      vertex 41.4253 -22.2963 4.9
    endloop
  endfacet
  facet normal 0 0 1
    outer loop
      vertex 39.6945 -19.9607 4.9
      vertex 40.5278 -18.7135 4.9
      vertex 40.2963 -18.5747 4.9
    endloop
  endfacet
  facet normal -0 0 1
    outer loop
      vertex 40.1024 -21.5892 4.9
      vertex 41.4253 -22.2963 4.9
      vertex 40.1549 -21.4784 4.9
    endloop
  endfacet
  facet normal 0 0 1
    outer loop
      vertex 41.4253 -22.2963 4.9
      vertex 40.1024 -21.5892 4.9
      vertex 41.2865 -22.5278 4.9
    endloop
  endfacet
  facet normal 0 0 1
    outer loop
      vertex 41.7368 -20.7305 4.9
      vertex 40.244 -20.8775 4.9
      vertex 40.25 -21 4.9
    endloop
  endfacet
  facet normal 0 0 1
    outer loop
      vertex 41.6972 -20.4635 4.9
      vertex 40.226 -20.7561 4.9
      vertex 40.244 -20.8775 4.9
    endloop
  endfacet
  facet normal 0 0 1
    outer loop
      vertex 41.6316 -20.2017 4.9
      vertex 40.1962 -20.6371 4.9
      vertex 40.226 -20.7561 4.9
    endloop
  endfacet
  facet normal 0 0 1
    outer loop
      vertex 41.5407 -19.9476 4.9
      vertex 40.1549 -20.5216 4.9
      vertex 40.1962 -20.6371 4.9
    endloop
  endfacet
  facet normal 0 0 1
    outer loop
      vertex 41.4253 -19.7037 4.9
      vertex 40.1024 -20.4108 4.9
      vertex 40.1549 -20.5216 4.9
    endloop
  endfacet
  facet normal 0 0 1
    outer loop
      vertex 39.5892 -19.8976 4.9
      vertex 40.2963 -18.5747 4.9
      vertex 40.0524 -18.4593 4.9
    endloop
  endfacet
  facet normal 0 0 1
    outer loop
      vertex 41.2865 -19.4722 4.9
      vertex 40.0393 -20.3055 4.9
      vertex 40.1024 -20.4108 4.9
    endloop
  endfacet
  facet normal 0 0 1
    outer loop
      vertex 41.1258 -19.2554 4.9
      vertex 39.9663 -20.207 4.9
      vertex 40.0393 -20.3055 4.9
    endloop
  endfacet
  facet normal 0 0 1
    outer loop
      vertex 40.9445 -19.0555 4.9
      vertex 39.8839 -20.1161 4.9
      vertex 39.9663 -20.207 4.9
    endloop
  endfacet
  facet normal 0 0 1
    outer loop
      vertex 39.4784 -19.8451 4.9
      vertex 40.0524 -18.4593 4.9
      vertex 39.7983 -18.3684 4.9
    endloop
  endfacet
  facet normal 0 0 1
    outer loop
      vertex 40.7446 -18.8742 4.9
      vertex 39.793 -20.0337 4.9
      vertex 39.8839 -20.1161 4.9
    endloop
  endfacet
  facet normal 0 0 1
    outer loop
      vertex 40.5278 -18.7135 4.9
      vertex 39.6945 -19.9607 4.9
      vertex 39.793 -20.0337 4.9
    endloop
  endfacet
  facet normal 0 0 1
    outer loop
      vertex 40.2963 -18.5747 4.9
      vertex 39.5892 -19.8976 4.9
      vertex 39.6945 -19.9607 4.9
    endloop
  endfacet
  facet normal 0 0 1
    outer loop
      vertex 39.3629 -19.8038 4.9
      vertex 39.7983 -18.3684 4.9
      vertex 39.5365 -18.3028 4.9
    endloop
  endfacet
  facet normal 0 0 1
    outer loop
      vertex 40.0524 -18.4593 4.9
      vertex 39.4784 -19.8451 4.9
      vertex 39.5892 -19.8976 4.9
    endloop
  endfacet
  facet normal 0 0 1
    outer loop
      vertex 39.7983 -18.3684 4.9
      vertex 39.3629 -19.8038 4.9
      vertex 39.4784 -19.8451 4.9
    endloop
  endfacet
  facet normal 0 0 1
    outer loop
      vertex 39.2439 -19.774 4.9
      vertex 39.5365 -18.3028 4.9
      vertex 39.2695 -18.2632 4.9
    endloop
  endfacet
  facet normal 0 0 1
    outer loop
      vertex 39.5365 -18.3028 4.9
      vertex 39.2439 -19.774 4.9
      vertex 39.3629 -19.8038 4.9
    endloop
  endfacet
  facet normal 0 0 1
    outer loop
      vertex 39.2695 -18.2632 4.9
      vertex 39.1225 -19.756 4.9
      vertex 39.2439 -19.774 4.9
    endloop
  endfacet
  facet normal 0 0 1
    outer loop
      vertex 39 -18.25 4.9
      vertex 39.1225 -19.756 4.9
      vertex 39.2695 -18.2632 4.9
    endloop
  endfacet
  facet normal 0 0 1
    outer loop
      vertex 39 -18.25 4.9
      vertex 39 -19.75 4.9
      vertex 39.1225 -19.756 4.9
    endloop
  endfacet
  facet normal 0 0 1
    outer loop
      vertex 39 -18.25 4.9
      vertex 38.8775 -19.756 4.9
      vertex 39 -19.75 4.9
    endloop
  endfacet
  facet normal -0 0 1
    outer loop
      vertex 38.7305 -18.2632 4.9
      vertex 38.8775 -19.756 4.9
      vertex 39 -18.25 4.9
    endloop
  endfacet
  facet normal 0 0 1
    outer loop
      vertex 38.8775 -19.756 4.9
      vertex 38.7305 -18.2632 4.9
      vertex 38.7561 -19.774 4.9
    endloop
  endfacet
  facet normal -0 0 1
    outer loop
      vertex 38.4635 -18.3028 4.9
      vertex 38.7561 -19.774 4.9
      vertex 38.7305 -18.2632 4.9
    endloop
  endfacet
  facet normal 0 0 1
    outer loop
      vertex 38.7561 -19.774 4.9
      vertex 38.4635 -18.3028 4.9
      vertex 38.6371 -19.8038 4.9
    endloop
  endfacet
  facet normal -0 0 1
    outer loop
      vertex 38.2017 -18.3684 4.9
      vertex 38.6371 -19.8038 4.9
      vertex 38.4635 -18.3028 4.9
    endloop
  endfacet
  facet normal 0 0 1
    outer loop
      vertex 38.6371 -19.8038 4.9
      vertex 38.2017 -18.3684 4.9
      vertex 38.5216 -19.8451 4.9
    endloop
  endfacet
  facet normal -0 0 1
    outer loop
      vertex 37.9476 -18.4593 4.9
      vertex 38.5216 -19.8451 4.9
      vertex 38.2017 -18.3684 4.9
    endloop
  endfacet
  facet normal 0 0 1
    outer loop
      vertex 38.5216 -19.8451 4.9
      vertex 37.9476 -18.4593 4.9
      vertex 38.4108 -19.8976 4.9
    endloop
  endfacet
  facet normal -0 0 1
    outer loop
      vertex 37.7037 -18.5747 4.9
      vertex 38.4108 -19.8976 4.9
      vertex 37.9476 -18.4593 4.9
    endloop
  endfacet
  facet normal 0 0 1
    outer loop
      vertex 38.4108 -19.8976 4.9
      vertex 37.7037 -18.5747 4.9
      vertex 38.3055 -19.9607 4.9
    endloop
  endfacet
  facet normal -0 0 1
    outer loop
      vertex 37.4722 -18.7135 4.9
      vertex 38.3055 -19.9607 4.9
      vertex 37.7037 -18.5747 4.9
    endloop
  endfacet
  facet normal 0 0 1
    outer loop
      vertex 38.3055 -19.9607 4.9
      vertex 37.4722 -18.7135 4.9
      vertex 38.207 -20.0337 4.9
    endloop
  endfacet
  facet normal -0 0 1
    outer loop
      vertex 37.2554 -18.8742 4.9
      vertex 38.207 -20.0337 4.9
      vertex 37.4722 -18.7135 4.9
    endloop
  endfacet
  facet normal 0 0 1
    outer loop
      vertex 38.207 -20.0337 4.9
      vertex 37.2554 -18.8742 4.9
      vertex 38.1161 -20.1161 4.9
    endloop
  endfacet
  facet normal -0 0 1
    outer loop
      vertex 37.0555 -19.0555 4.9
      vertex 38.1161 -20.1161 4.9
      vertex 37.2554 -18.8742 4.9
    endloop
  endfacet
  facet normal 0 0 1
    outer loop
      vertex 38.1161 -20.1161 4.9
      vertex 37.0555 -19.0555 4.9
      vertex 38.0337 -20.207 4.9
    endloop
  endfacet
  facet normal -0 0 1
    outer loop
      vertex 36.8742 -19.2554 4.9
      vertex 38.0337 -20.207 4.9
      vertex 37.0555 -19.0555 4.9
    endloop
  endfacet
  facet normal 0 0 1
    outer loop
      vertex 38.0337 -20.207 4.9
      vertex 36.8742 -19.2554 4.9
      vertex 37.9607 -20.3055 4.9
    endloop
  endfacet
  facet normal 0 0 1
    outer loop
      vertex 37.9607 -20.3055 4.9
      vertex 36.7135 -19.4722 4.9
      vertex 37.8976 -20.4108 4.9
    endloop
  endfacet
  facet normal -0 0 1
    outer loop
      vertex 36.7135 -19.4722 4.9
      vertex 37.9607 -20.3055 4.9
      vertex 36.8742 -19.2554 4.9
    endloop
  endfacet
  facet normal -0 0 1
    outer loop
      vertex 40.0393 -21.6945 4.9
      vertex 41.2865 -22.5278 4.9
      vertex 40.1024 -21.5892 4.9
    endloop
  endfacet
  facet normal 0 0 1
    outer loop
      vertex 41.2865 -22.5278 4.9
      vertex 40.0393 -21.6945 4.9
      vertex 41.1258 -22.7446 4.9
    endloop
  endfacet
  facet normal -0 0 1
    outer loop
      vertex 39.9663 -21.793 4.9
      vertex 41.1258 -22.7446 4.9
      vertex 40.0393 -21.6945 4.9
    endloop
  endfacet
  facet normal 0 0 1
    outer loop
      vertex 41.1258 -22.7446 4.9
      vertex 39.9663 -21.793 4.9
      vertex 40.9445 -22.9445 4.9
    endloop
  endfacet
  facet normal -0 0 1
    outer loop
      vertex 39.8839 -21.8839 4.9
      vertex 40.9445 -22.9445 4.9
      vertex 39.9663 -21.793 4.9
    endloop
  endfacet
  facet normal 0 0 1
    outer loop
      vertex 40.9445 -22.9445 4.9
      vertex 39.8839 -21.8839 4.9
      vertex 40.7446 -23.1258 4.9
    endloop
  endfacet
  facet normal -0 0 1
    outer loop
      vertex 39.793 -21.9663 4.9
      vertex 40.7446 -23.1258 4.9
      vertex 39.8839 -21.8839 4.9
    endloop
  endfacet
  facet normal 0 0 1
    outer loop
      vertex 40.7446 -23.1258 4.9
      vertex 39.793 -21.9663 4.9
      vertex 40.5278 -23.2865 4.9
    endloop
  endfacet
  facet normal -0 0 1
    outer loop
      vertex 39.6945 -22.0393 4.9
      vertex 40.5278 -23.2865 4.9
      vertex 39.793 -21.9663 4.9
    endloop
  endfacet
  facet normal 0 0 1
    outer loop
      vertex 40.5278 -23.2865 4.9
      vertex 39.6945 -22.0393 4.9
      vertex 40.2963 -23.4253 4.9
    endloop
  endfacet
  facet normal -0 0 1
    outer loop
      vertex 39.5892 -22.1024 4.9
      vertex 40.2963 -23.4253 4.9
      vertex 39.6945 -22.0393 4.9
    endloop
  endfacet
  facet normal 0 0 1
    outer loop
      vertex 40.2963 -23.4253 4.9
      vertex 39.5892 -22.1024 4.9
      vertex 40.0524 -23.5407 4.9
    endloop
  endfacet
  facet normal -0 0 1
    outer loop
      vertex 39.4784 -22.1549 4.9
      vertex 40.0524 -23.5407 4.9
      vertex 39.5892 -22.1024 4.9
    endloop
  endfacet
  facet normal 0 0 1
    outer loop
      vertex 40.0524 -23.5407 4.9
      vertex 39.4784 -22.1549 4.9
      vertex 39.7983 -23.6316 4.9
    endloop
  endfacet
  facet normal -0 0 1
    outer loop
      vertex 39.3629 -22.1962 4.9
      vertex 39.7983 -23.6316 4.9
      vertex 39.4784 -22.1549 4.9
    endloop
  endfacet
  facet normal 0 0 1
    outer loop
      vertex 39.7983 -23.6316 4.9
      vertex 39.3629 -22.1962 4.9
      vertex 39.5365 -23.6972 4.9
    endloop
  endfacet
  facet normal -0 0 1
    outer loop
      vertex 39.2439 -22.226 4.9
      vertex 39.5365 -23.6972 4.9
      vertex 39.3629 -22.1962 4.9
    endloop
  endfacet
  facet normal 0 0 1
    outer loop
      vertex 39.5365 -23.6972 4.9
      vertex 39.2439 -22.226 4.9
      vertex 39.2695 -23.7368 4.9
    endloop
  endfacet
  facet normal -0 0 1
    outer loop
      vertex 39.1225 -22.244 4.9
      vertex 39.2695 -23.7368 4.9
      vertex 39.2439 -22.226 4.9
    endloop
  endfacet
  facet normal -0 0 1
    outer loop
      vertex 39 -22.25 4.9
      vertex 39.2695 -23.7368 4.9
      vertex 39.1225 -22.244 4.9
    endloop
  endfacet
  facet normal 0 0 1
    outer loop
      vertex 39 -22.25 4.9
      vertex 39 -23.75 4.9
      vertex 39.2695 -23.7368 4.9
    endloop
  endfacet
  facet normal 0 0 1
    outer loop
      vertex 38.8775 -22.244 4.9
      vertex 39 -23.75 4.9
      vertex 39 -22.25 4.9
    endloop
  endfacet
  facet normal 0 0 1
    outer loop
      vertex 38.7305 -23.7368 4.9
      vertex 38.8775 -22.244 4.9
      vertex 38.7561 -22.226 4.9
    endloop
  endfacet
  facet normal 0 0 1
    outer loop
      vertex 38.8775 -22.244 4.9
      vertex 38.7305 -23.7368 4.9
      vertex 39 -23.75 4.9
    endloop
  endfacet
  facet normal 0 0 1
    outer loop
      vertex 38.4635 -23.6972 4.9
      vertex 38.7561 -22.226 4.9
      vertex 38.6371 -22.1962 4.9
    endloop
  endfacet
  facet normal 0 0 1
    outer loop
      vertex 38.2017 -23.6316 4.9
      vertex 38.6371 -22.1962 4.9
      vertex 38.5216 -22.1549 4.9
    endloop
  endfacet
  facet normal 0 0 1
    outer loop
      vertex 38.7561 -22.226 4.9
      vertex 38.4635 -23.6972 4.9
      vertex 38.7305 -23.7368 4.9
    endloop
  endfacet
  facet normal 0 0 1
    outer loop
      vertex 37.9476 -23.5407 4.9
      vertex 38.5216 -22.1549 4.9
      vertex 38.4108 -22.1024 4.9
    endloop
  endfacet
  facet normal 0 0 1
    outer loop
      vertex 37.7037 -23.4253 4.9
      vertex 38.4108 -22.1024 4.9
      vertex 38.3055 -22.0393 4.9
    endloop
  endfacet
  facet normal 0 0 1
    outer loop
      vertex 37.4722 -23.2865 4.9
      vertex 38.3055 -22.0393 4.9
      vertex 38.207 -21.9663 4.9
    endloop
  endfacet
  facet normal 0 0 1
    outer loop
      vertex 38.6371 -22.1962 4.9
      vertex 38.2017 -23.6316 4.9
      vertex 38.4635 -23.6972 4.9
    endloop
  endfacet
  facet normal 0 0 1
    outer loop
      vertex 37.2554 -23.1258 4.9
      vertex 38.207 -21.9663 4.9
      vertex 38.1161 -21.8839 4.9
    endloop
  endfacet
  facet normal 0 0 1
    outer loop
      vertex 37.0555 -22.9445 4.9
      vertex 38.1161 -21.8839 4.9
      vertex 38.0337 -21.793 4.9
    endloop
  endfacet
  facet normal 0 0 1
    outer loop
      vertex 36.8742 -22.7446 4.9
      vertex 38.0337 -21.793 4.9
      vertex 37.9607 -21.6945 4.9
    endloop
  endfacet
  facet normal 0 0 1
    outer loop
      vertex 38.5216 -22.1549 4.9
      vertex 37.9476 -23.5407 4.9
      vertex 38.2017 -23.6316 4.9
    endloop
  endfacet
  facet normal 0 0 1
    outer loop
      vertex 36.7135 -22.5278 4.9
      vertex 37.9607 -21.6945 4.9
      vertex 37.8976 -21.5892 4.9
    endloop
  endfacet
  facet normal 0 0 1
    outer loop
      vertex 36.5747 -22.2963 4.9
      vertex 37.8976 -21.5892 4.9
      vertex 37.8451 -21.4784 4.9
    endloop
  endfacet
  facet normal 0 0 1
    outer loop
      vertex 36.4593 -22.0524 4.9
      vertex 37.8451 -21.4784 4.9
      vertex 37.8038 -21.3629 4.9
    endloop
  endfacet
  facet normal 0 0 1
    outer loop
      vertex 36.3684 -21.7983 4.9
      vertex 37.8038 -21.3629 4.9
      vertex 37.774 -21.2439 4.9
    endloop
  endfacet
  facet normal 0 0 1
    outer loop
      vertex 36.3028 -21.5365 4.9
      vertex 37.774 -21.2439 4.9
      vertex 37.756 -21.1225 4.9
    endloop
  endfacet
  facet normal 0 0 1
    outer loop
      vertex 38.4108 -22.1024 4.9
      vertex 37.7037 -23.4253 4.9
      vertex 37.9476 -23.5407 4.9
    endloop
  endfacet
  facet normal 0 0 1
    outer loop
      vertex 36.2632 -21.2695 4.9
      vertex 37.756 -21.1225 4.9
      vertex 37.75 -21 4.9
    endloop
  endfacet
  facet normal -0 0 1
    outer loop
      vertex 36.5747 -19.7037 4.9
      vertex 37.8976 -20.4108 4.9
      vertex 36.7135 -19.4722 4.9
    endloop
  endfacet
  facet normal 0 0 1
    outer loop
      vertex 37.8976 -20.4108 4.9
      vertex 36.5747 -19.7037 4.9
      vertex 37.8451 -20.5216 4.9
    endloop
  endfacet
  facet normal 0 0 1
    outer loop
      vertex 38.3055 -22.0393 4.9
      vertex 37.4722 -23.2865 4.9
      vertex 37.7037 -23.4253 4.9
    endloop
  endfacet
  facet normal -0 0 1
    outer loop
      vertex 36.4593 -19.9476 4.9
      vertex 37.8451 -20.5216 4.9
      vertex 36.5747 -19.7037 4.9
    endloop
  endfacet
  facet normal 0 0 1
    outer loop
      vertex 38.207 -21.9663 4.9
      vertex 37.2554 -23.1258 4.9
      vertex 37.4722 -23.2865 4.9
    endloop
  endfacet
  facet normal 0 0 1
    outer loop
      vertex 37.8451 -20.5216 4.9
      vertex 36.4593 -19.9476 4.9
      vertex 37.8038 -20.6371 4.9
    endloop
  endfacet
  facet normal 0 0 1
    outer loop
      vertex 38.1161 -21.8839 4.9
      vertex 37.0555 -22.9445 4.9
      vertex 37.2554 -23.1258 4.9
    endloop
  endfacet
  facet normal -0 0 1
    outer loop
      vertex 36.3684 -20.2017 4.9
      vertex 37.8038 -20.6371 4.9
      vertex 36.4593 -19.9476 4.9
    endloop
  endfacet
  facet normal 0 0 1
    outer loop
      vertex 38.0337 -21.793 4.9
      vertex 36.8742 -22.7446 4.9
      vertex 37.0555 -22.9445 4.9
    endloop
  endfacet
  facet normal 0 0 1
    outer loop
      vertex 37.8038 -20.6371 4.9
      vertex 36.3684 -20.2017 4.9
      vertex 37.774 -20.7561 4.9
    endloop
  endfacet
  facet normal 0 0 1
    outer loop
      vertex 37.9607 -21.6945 4.9
      vertex 36.7135 -22.5278 4.9
      vertex 36.8742 -22.7446 4.9
    endloop
  endfacet
  facet normal -0 0 1
    outer loop
      vertex 36.3028 -20.4635 4.9
      vertex 37.774 -20.7561 4.9
      vertex 36.3684 -20.2017 4.9
    endloop
  endfacet
  facet normal 0 0 1
    outer loop
      vertex 37.8976 -21.5892 4.9
      vertex 36.5747 -22.2963 4.9
      vertex 36.7135 -22.5278 4.9
    endloop
  endfacet
  facet normal 0 0 1
    outer loop
      vertex 37.774 -20.7561 4.9
      vertex 36.3028 -20.4635 4.9
      vertex 37.756 -20.8775 4.9
    endloop
  endfacet
  facet normal 0 0 1
    outer loop
      vertex 37.8451 -21.4784 4.9
      vertex 36.4593 -22.0524 4.9
      vertex 36.5747 -22.2963 4.9
    endloop
  endfacet
  facet normal -0 0 1
    outer loop
      vertex 36.2632 -20.7305 4.9
      vertex 37.756 -20.8775 4.9
      vertex 36.3028 -20.4635 4.9
    endloop
  endfacet
  facet normal 0 0 1
    outer loop
      vertex 37.8038 -21.3629 4.9
      vertex 36.3684 -21.7983 4.9
      vertex 36.4593 -22.0524 4.9
    endloop
  endfacet
  facet normal 0 0 1
    outer loop
      vertex 37.756 -20.8775 4.9
      vertex 36.2632 -20.7305 4.9
      vertex 37.75 -21 4.9
    endloop
  endfacet
  facet normal 0 0 1
    outer loop
      vertex 37.774 -21.2439 4.9
      vertex 36.3028 -21.5365 4.9
      vertex 36.3684 -21.7983 4.9
    endloop
  endfacet
  facet normal 0 0 1
    outer loop
      vertex 36.25 -21 4.9
      vertex 37.75 -21 4.9
      vertex 36.2632 -20.7305 4.9
    endloop
  endfacet
  facet normal 0 0 1
    outer loop
      vertex 37.756 -21.1225 4.9
      vertex 36.2632 -21.2695 4.9
      vertex 36.3028 -21.5365 4.9
    endloop
  endfacet
  facet normal 0 0 1
    outer loop
      vertex 37.75 -21 4.9
      vertex 36.25 -21 4.9
      vertex 36.2632 -21.2695 4.9
    endloop
  endfacet
  facet normal -0.98918 0.14671 0
    outer loop
      vertex 36.2632 -20.7305 1.6
      vertex 36.3028 -20.4635 4.9
      vertex 36.3028 -20.4635 1.6
    endloop
  endfacet
  facet normal -0.98918 0.14671 0
    outer loop
      vertex 36.3028 -20.4635 4.9
      vertex 36.2632 -20.7305 1.6
      vertex 36.2632 -20.7305 4.9
    endloop
  endfacet
  facet normal 0.98918 -0.14671 0
    outer loop
      vertex 41.6972 -21.5365 4.9
      vertex 41.7368 -21.2695 1.6
      vertex 41.7368 -21.2695 4.9
    endloop
  endfacet
  facet normal 0.98918 -0.14671 0
    outer loop
      vertex 41.7368 -21.2695 1.6
      vertex 41.6972 -21.5365 4.9
      vertex 41.6972 -21.5365 1.6
    endloop
  endfacet
  facet normal 0.803367 -0.595485 0
    outer loop
      vertex 41.1258 -22.7446 4.9
      vertex 41.2865 -22.5278 1.6
      vertex 41.2865 -22.5278 4.9
    endloop
  endfacet
  facet normal 0.803367 -0.595485 0
    outer loop
      vertex 41.2865 -22.5278 1.6
      vertex 41.1258 -22.7446 4.9
      vertex 41.1258 -22.7446 1.6
    endloop
  endfacet
  facet normal 0.857656 -0.514223 0
    outer loop
      vertex 41.2865 -22.5278 4.9
      vertex 41.4253 -22.2963 1.6
      vertex 41.4253 -22.2963 4.9
    endloop
  endfacet
  facet normal 0.857656 -0.514223 0
    outer loop
      vertex 41.4253 -22.2963 1.6
      vertex 41.2865 -22.5278 4.9
      vertex 41.2865 -22.5278 1.6
    endloop
  endfacet
  facet normal 0.243059 -0.970012 0
    outer loop
      vertex 39.5365 -23.6972 1.6
      vertex 39.7983 -23.6316 4.9
      vertex 39.5365 -23.6972 4.9
    endloop
  endfacet
  facet normal 0.243059 -0.970012 0
    outer loop
      vertex 39.7983 -23.6316 4.9
      vertex 39.5365 -23.6972 1.6
      vertex 39.7983 -23.6316 1.6
    endloop
  endfacet
  facet normal 0.427688 -0.903926 0
    outer loop
      vertex 40.0524 -23.5407 1.6
      vertex 40.2963 -23.4253 4.9
      vertex 40.0524 -23.5407 4.9
    endloop
  endfacet
  facet normal 0.427688 -0.903926 0
    outer loop
      vertex 40.2963 -23.4253 4.9
      vertex 40.0524 -23.5407 1.6
      vertex 40.2963 -23.4253 1.6
    endloop
  endfacet
  facet normal 0.336829 -0.941566 0
    outer loop
      vertex 39.7983 -23.6316 1.6
      vertex 40.0524 -23.5407 4.9
      vertex 39.7983 -23.6316 4.9
    endloop
  endfacet
  facet normal 0.336829 -0.941566 0
    outer loop
      vertex 40.0524 -23.5407 4.9
      vertex 39.7983 -23.6316 1.6
      vertex 40.0524 -23.5407 1.6
    endloop
  endfacet
  facet normal 0.595485 -0.803367 0
    outer loop
      vertex 40.5278 -23.2865 1.6
      vertex 40.7446 -23.1258 4.9
      vertex 40.5278 -23.2865 4.9
    endloop
  endfacet
  facet normal 0.595485 -0.803367 0
    outer loop
      vertex 40.7446 -23.1258 4.9
      vertex 40.5278 -23.2865 1.6
      vertex 40.7446 -23.1258 1.6
    endloop
  endfacet
  facet normal -0.243059 -0.970012 0
    outer loop
      vertex 38.2017 -23.6316 1.6
      vertex 38.4635 -23.6972 4.9
      vertex 38.2017 -23.6316 4.9
    endloop
  endfacet
  facet normal -0.243059 -0.970012 -0
    outer loop
      vertex 38.4635 -23.6972 4.9
      vertex 38.2017 -23.6316 1.6
      vertex 38.4635 -23.6972 1.6
    endloop
  endfacet
  facet normal -0.595485 -0.803367 0
    outer loop
      vertex 37.2554 -23.1258 1.6
      vertex 37.4722 -23.2865 4.9
      vertex 37.2554 -23.1258 4.9
    endloop
  endfacet
  facet normal -0.595485 -0.803367 -0
    outer loop
      vertex 37.4722 -23.2865 4.9
      vertex 37.2554 -23.1258 1.6
      vertex 37.4722 -23.2865 1.6
    endloop
  endfacet
  facet normal -0.941566 -0.336829 0
    outer loop
      vertex 36.4593 -22.0524 1.6
      vertex 36.3684 -21.7983 4.9
      vertex 36.3684 -21.7983 1.6
    endloop
  endfacet
  facet normal -0.941566 -0.336829 0
    outer loop
      vertex 36.3684 -21.7983 4.9
      vertex 36.4593 -22.0524 1.6
      vertex 36.4593 -22.0524 4.9
    endloop
  endfacet
  facet normal 0.970012 -0.243059 0
    outer loop
      vertex 41.6316 -21.7983 4.9
      vertex 41.6972 -21.5365 1.6
      vertex 41.6972 -21.5365 4.9
    endloop
  endfacet
  facet normal 0.970012 -0.243059 0
    outer loop
      vertex 41.6972 -21.5365 1.6
      vertex 41.6316 -21.7983 4.9
      vertex 41.6316 -21.7983 1.6
    endloop
  endfacet
  facet normal 0.941566 -0.336829 0
    outer loop
      vertex 41.5407 -22.0524 4.9
      vertex 41.6316 -21.7983 1.6
      vertex 41.6316 -21.7983 4.9
    endloop
  endfacet
  facet normal 0.941566 -0.336829 0
    outer loop
      vertex 41.6316 -21.7983 1.6
      vertex 41.5407 -22.0524 4.9
      vertex 41.5407 -22.0524 1.6
    endloop
  endfacet
  facet normal -0.998803 -0.0489209 0
    outer loop
      vertex 40.25 -21 1.6
      vertex 40.244 -20.8775 4.9
      vertex 40.244 -20.8775 1.6
    endloop
  endfacet
  facet normal -0.998803 -0.0489209 0
    outer loop
      vertex 40.244 -20.8775 4.9
      vertex 40.25 -21 1.6
      vertex 40.25 -21 4.9
    endloop
  endfacet
  facet normal 0.998803 -0.0489209 0
    outer loop
      vertex 37.75 -21 4.9
      vertex 37.756 -20.8775 1.6
      vertex 37.756 -20.8775 4.9
    endloop
  endfacet
  facet normal 0.998803 -0.0489209 0
    outer loop
      vertex 37.756 -20.8775 1.6
      vertex 37.75 -21 4.9
      vertex 37.75 -21 1.6
    endloop
  endfacet
  facet normal -0.0489209 -0.998803 0
    outer loop
      vertex 39 -19.75 1.6
      vertex 39.1225 -19.756 4.9
      vertex 39 -19.75 4.9
    endloop
  endfacet
  facet normal -0.0489209 -0.998803 -0
    outer loop
      vertex 39.1225 -19.756 4.9
      vertex 39 -19.75 1.6
      vertex 39.1225 -19.756 1.6
    endloop
  endfacet
  facet normal -0.740898 -0.671617 0
    outer loop
      vertex 39.9663 -20.207 1.6
      vertex 39.8839 -20.1161 4.9
      vertex 39.8839 -20.1161 1.6
    endloop
  endfacet
  facet normal -0.740898 -0.671617 0
    outer loop
      vertex 39.8839 -20.1161 4.9
      vertex 39.9663 -20.207 1.6
      vertex 39.9663 -20.207 4.9
    endloop
  endfacet
  facet normal 0.671617 -0.740898 0
    outer loop
      vertex 38.1161 -20.1161 1.6
      vertex 38.207 -20.0337 4.9
      vertex 38.1161 -20.1161 4.9
    endloop
  endfacet
  facet normal 0.671617 -0.740898 0
    outer loop
      vertex 38.207 -20.0337 4.9
      vertex 38.1161 -20.1161 1.6
      vertex 38.207 -20.0337 1.6
    endloop
  endfacet
  facet normal 0.336698 -0.941613 0
    outer loop
      vertex 38.5216 -19.8451 1.6
      vertex 38.6371 -19.8038 4.9
      vertex 38.5216 -19.8451 4.9
    endloop
  endfacet
  facet normal 0.336698 -0.941613 0
    outer loop
      vertex 38.6371 -19.8038 4.9
      vertex 38.5216 -19.8451 1.6
      vertex 38.6371 -19.8038 1.6
    endloop
  endfacet
  facet normal 0.941613 0.336698 0
    outer loop
      vertex 37.8451 -21.4784 4.9
      vertex 37.8038 -21.3629 1.6
      vertex 37.8038 -21.3629 4.9
    endloop
  endfacet
  facet normal 0.941613 0.336698 0
    outer loop
      vertex 37.8038 -21.3629 1.6
      vertex 37.8451 -21.4784 4.9
      vertex 37.8451 -21.4784 1.6
    endloop
  endfacet
  facet normal -0.941613 -0.336698 0
    outer loop
      vertex 40.1962 -20.6371 1.6
      vertex 40.1549 -20.5216 4.9
      vertex 40.1549 -20.5216 1.6
    endloop
  endfacet
  facet normal -0.941613 -0.336698 0
    outer loop
      vertex 40.1549 -20.5216 4.9
      vertex 40.1962 -20.6371 1.6
      vertex 40.1962 -20.6371 4.9
    endloop
  endfacet
  facet normal -0.428192 -0.903688 0
    outer loop
      vertex 39.4784 -19.8451 1.6
      vertex 39.5892 -19.8976 4.9
      vertex 39.4784 -19.8451 4.9
    endloop
  endfacet
  facet normal -0.428192 -0.903688 -0
    outer loop
      vertex 39.5892 -19.8976 4.9
      vertex 39.4784 -19.8451 1.6
      vertex 39.5892 -19.8976 1.6
    endloop
  endfacet
  facet normal -0.595423 -0.803413 0
    outer loop
      vertex 39.6945 -19.9607 1.6
      vertex 39.793 -20.0337 4.9
      vertex 39.6945 -19.9607 4.9
    endloop
  endfacet
  facet normal -0.595423 -0.803413 -0
    outer loop
      vertex 39.793 -20.0337 4.9
      vertex 39.6945 -19.9607 1.6
      vertex 39.793 -20.0337 1.6
    endloop
  endfacet
  facet normal 0.903688 -0.428192 0
    outer loop
      vertex 37.8451 -20.5216 4.9
      vertex 37.8976 -20.4108 1.6
      vertex 37.8976 -20.4108 4.9
    endloop
  endfacet
  facet normal 0.903688 -0.428192 0
    outer loop
      vertex 37.8976 -20.4108 1.6
      vertex 37.8451 -20.5216 4.9
      vertex 37.8451 -20.5216 1.6
    endloop
  endfacet
  facet normal 0.146667 -0.989186 0
    outer loop
      vertex 38.7561 -19.774 1.6
      vertex 38.8775 -19.756 4.9
      vertex 38.7561 -19.774 4.9
    endloop
  endfacet
  facet normal 0.146667 -0.989186 0
    outer loop
      vertex 38.8775 -19.756 4.9
      vertex 38.7561 -19.774 1.6
      vertex 38.8775 -19.756 1.6
    endloop
  endfacet
  facet normal -0.941613 0.336698 0
    outer loop
      vertex 40.1549 -21.4784 1.6
      vertex 40.1962 -21.3629 4.9
      vertex 40.1962 -21.3629 1.6
    endloop
  endfacet
  facet normal -0.941613 0.336698 0
    outer loop
      vertex 40.1962 -21.3629 4.9
      vertex 40.1549 -21.4784 1.6
      vertex 40.1549 -21.4784 4.9
    endloop
  endfacet
  facet normal -0.970047 -0.242919 0
    outer loop
      vertex 40.226 -20.7561 1.6
      vertex 40.1962 -20.6371 4.9
      vertex 40.1962 -20.6371 1.6
    endloop
  endfacet
  facet normal -0.970047 -0.242919 0
    outer loop
      vertex 40.1962 -20.6371 4.9
      vertex 40.226 -20.7561 1.6
      vertex 40.226 -20.7561 4.9
    endloop
  endfacet
  facet normal -0.989186 -0.146667 0
    outer loop
      vertex 40.244 -20.8775 1.6
      vertex 40.226 -20.7561 4.9
      vertex 40.226 -20.7561 1.6
    endloop
  endfacet
  facet normal -0.989186 -0.146667 0
    outer loop
      vertex 40.226 -20.7561 4.9
      vertex 40.244 -20.8775 1.6
      vertex 40.244 -20.8775 4.9
    endloop
  endfacet
  facet normal -0.85778 -0.514016 0
    outer loop
      vertex 40.1024 -20.4108 1.6
      vertex 40.0393 -20.3055 4.9
      vertex 40.0393 -20.3055 1.6
    endloop
  endfacet
  facet normal -0.85778 -0.514016 0
    outer loop
      vertex 40.0393 -20.3055 4.9
      vertex 40.1024 -20.4108 1.6
      vertex 40.1024 -20.4108 4.9
    endloop
  endfacet
  facet normal -0.803413 -0.595423 0
    outer loop
      vertex 40.0393 -20.3055 1.6
      vertex 39.9663 -20.207 4.9
      vertex 39.9663 -20.207 1.6
    endloop
  endfacet
  facet normal -0.803413 -0.595423 0
    outer loop
      vertex 39.9663 -20.207 4.9
      vertex 40.0393 -20.3055 1.6
      vertex 40.0393 -20.3055 4.9
    endloop
  endfacet
  facet normal -0.903688 -0.428192 0
    outer loop
      vertex 40.1549 -20.5216 1.6
      vertex 40.1024 -20.4108 4.9
      vertex 40.1024 -20.4108 1.6
    endloop
  endfacet
  facet normal -0.903688 -0.428192 0
    outer loop
      vertex 40.1024 -20.4108 4.9
      vertex 40.1549 -20.5216 1.6
      vertex 40.1549 -20.5216 4.9
    endloop
  endfacet
  facet normal -0.242919 -0.970047 0
    outer loop
      vertex 39.2439 -19.774 1.6
      vertex 39.3629 -19.8038 4.9
      vertex 39.2439 -19.774 4.9
    endloop
  endfacet
  facet normal -0.242919 -0.970047 -0
    outer loop
      vertex 39.3629 -19.8038 4.9
      vertex 39.2439 -19.774 1.6
      vertex 39.3629 -19.8038 1.6
    endloop
  endfacet
  facet normal -0.336698 -0.941613 0
    outer loop
      vertex 39.3629 -19.8038 1.6
      vertex 39.4784 -19.8451 4.9
      vertex 39.3629 -19.8038 4.9
    endloop
  endfacet
  facet normal -0.336698 -0.941613 -0
    outer loop
      vertex 39.4784 -19.8451 4.9
      vertex 39.3629 -19.8038 1.6
      vertex 39.4784 -19.8451 1.6
    endloop
  endfacet
  facet normal -0.146667 -0.989186 0
    outer loop
      vertex 39.1225 -19.756 1.6
      vertex 39.2439 -19.774 4.9
      vertex 39.1225 -19.756 4.9
    endloop
  endfacet
  facet normal -0.146667 -0.989186 -0
    outer loop
      vertex 39.2439 -19.774 4.9
      vertex 39.1225 -19.756 1.6
      vertex 39.2439 -19.774 1.6
    endloop
  endfacet
  facet normal -0.514016 -0.85778 0
    outer loop
      vertex 39.5892 -19.8976 1.6
      vertex 39.6945 -19.9607 4.9
      vertex 39.5892 -19.8976 4.9
    endloop
  endfacet
  facet normal -0.514016 -0.85778 -0
    outer loop
      vertex 39.6945 -19.9607 4.9
      vertex 39.5892 -19.8976 1.6
      vertex 39.6945 -19.9607 1.6
    endloop
  endfacet
  facet normal -0.671617 -0.740898 0
    outer loop
      vertex 39.793 -20.0337 1.6
      vertex 39.8839 -20.1161 4.9
      vertex 39.793 -20.0337 4.9
    endloop
  endfacet
  facet normal -0.671617 -0.740898 -0
    outer loop
      vertex 39.8839 -20.1161 4.9
      vertex 39.793 -20.0337 1.6
      vertex 39.8839 -20.1161 1.6
    endloop
  endfacet
  facet normal 0.970047 -0.242919 0
    outer loop
      vertex 37.774 -20.7561 4.9
      vertex 37.8038 -20.6371 1.6
      vertex 37.8038 -20.6371 4.9
    endloop
  endfacet
  facet normal 0.970047 -0.242919 0
    outer loop
      vertex 37.8038 -20.6371 1.6
      vertex 37.774 -20.7561 4.9
      vertex 37.774 -20.7561 1.6
    endloop
  endfacet
  facet normal 0.803413 -0.595423 0
    outer loop
      vertex 37.9607 -20.3055 4.9
      vertex 38.0337 -20.207 1.6
      vertex 38.0337 -20.207 4.9
    endloop
  endfacet
  facet normal 0.803413 -0.595423 0
    outer loop
      vertex 38.0337 -20.207 1.6
      vertex 37.9607 -20.3055 4.9
      vertex 37.9607 -20.3055 1.6
    endloop
  endfacet
  facet normal 0.740898 -0.671617 0
    outer loop
      vertex 38.0337 -20.207 4.9
      vertex 38.1161 -20.1161 1.6
      vertex 38.1161 -20.1161 4.9
    endloop
  endfacet
  facet normal 0.740898 -0.671617 0
    outer loop
      vertex 38.1161 -20.1161 1.6
      vertex 38.0337 -20.207 4.9
      vertex 38.0337 -20.207 1.6
    endloop
  endfacet
  facet normal 0.85778 -0.514016 0
    outer loop
      vertex 37.8976 -20.4108 4.9
      vertex 37.9607 -20.3055 1.6
      vertex 37.9607 -20.3055 4.9
    endloop
  endfacet
  facet normal 0.85778 -0.514016 0
    outer loop
      vertex 37.9607 -20.3055 1.6
      vertex 37.8976 -20.4108 4.9
      vertex 37.8976 -20.4108 1.6
    endloop
  endfacet
  facet normal 0.941613 -0.336698 0
    outer loop
      vertex 37.8038 -20.6371 4.9
      vertex 37.8451 -20.5216 1.6
      vertex 37.8451 -20.5216 4.9
    endloop
  endfacet
  facet normal 0.941613 -0.336698 0
    outer loop
      vertex 37.8451 -20.5216 1.6
      vertex 37.8038 -20.6371 4.9
      vertex 37.8038 -20.6371 1.6
    endloop
  endfacet
  facet normal 0.989186 -0.146667 0
    outer loop
      vertex 37.756 -20.8775 4.9
      vertex 37.774 -20.7561 1.6
      vertex 37.774 -20.7561 4.9
    endloop
  endfacet
  facet normal 0.989186 -0.146667 0
    outer loop
      vertex 37.774 -20.7561 1.6
      vertex 37.756 -20.8775 4.9
      vertex 37.756 -20.8775 1.6
    endloop
  endfacet
  facet normal 0.514016 -0.85778 0
    outer loop
      vertex 38.3055 -19.9607 1.6
      vertex 38.4108 -19.8976 4.9
      vertex 38.3055 -19.9607 4.9
    endloop
  endfacet
  facet normal 0.514016 -0.85778 0
    outer loop
      vertex 38.4108 -19.8976 4.9
      vertex 38.3055 -19.9607 1.6
      vertex 38.4108 -19.8976 1.6
    endloop
  endfacet
  facet normal 0.428192 -0.903688 0
    outer loop
      vertex 38.4108 -19.8976 1.6
      vertex 38.5216 -19.8451 4.9
      vertex 38.4108 -19.8976 4.9
    endloop
  endfacet
  facet normal 0.428192 -0.903688 0
    outer loop
      vertex 38.5216 -19.8451 4.9
      vertex 38.4108 -19.8976 1.6
      vertex 38.5216 -19.8451 1.6
    endloop
  endfacet
  facet normal 0.595423 -0.803413 0
    outer loop
      vertex 38.207 -20.0337 1.6
      vertex 38.3055 -19.9607 4.9
      vertex 38.207 -20.0337 4.9
    endloop
  endfacet
  facet normal 0.595423 -0.803413 0
    outer loop
      vertex 38.3055 -19.9607 4.9
      vertex 38.207 -20.0337 1.6
      vertex 38.3055 -19.9607 1.6
    endloop
  endfacet
  facet normal 0.242919 -0.970047 0
    outer loop
      vertex 38.6371 -19.8038 1.6
      vertex 38.7561 -19.774 4.9
      vertex 38.6371 -19.8038 4.9
    endloop
  endfacet
  facet normal 0.242919 -0.970047 0
    outer loop
      vertex 38.7561 -19.774 4.9
      vertex 38.6371 -19.8038 1.6
      vertex 38.7561 -19.774 1.6
    endloop
  endfacet
  facet normal 0.0489209 -0.998803 0
    outer loop
      vertex 38.8775 -19.756 1.6
      vertex 39 -19.75 4.9
      vertex 38.8775 -19.756 4.9
    endloop
  endfacet
  facet normal 0.0489209 -0.998803 0
    outer loop
      vertex 39 -19.75 4.9
      vertex 38.8775 -19.756 1.6
      vertex 39 -19.75 1.6
    endloop
  endfacet
  facet normal -0.0489209 0.998803 0
    outer loop
      vertex 39.1225 -22.244 1.6
      vertex 39 -22.25 4.9
      vertex 39.1225 -22.244 4.9
    endloop
  endfacet
  facet normal -0.0489209 0.998803 0
    outer loop
      vertex 39 -22.25 4.9
      vertex 39.1225 -22.244 1.6
      vertex 39 -22.25 1.6
    endloop
  endfacet
  facet normal -0.242919 0.970047 0
    outer loop
      vertex 39.3629 -22.1962 1.6
      vertex 39.2439 -22.226 4.9
      vertex 39.3629 -22.1962 4.9
    endloop
  endfacet
  facet normal -0.242919 0.970047 0
    outer loop
      vertex 39.2439 -22.226 4.9
      vertex 39.3629 -22.1962 1.6
      vertex 39.2439 -22.226 1.6
    endloop
  endfacet
  facet normal -0.595423 0.803413 0
    outer loop
      vertex 39.793 -21.9663 1.6
      vertex 39.6945 -22.0393 4.9
      vertex 39.793 -21.9663 4.9
    endloop
  endfacet
  facet normal -0.595423 0.803413 0
    outer loop
      vertex 39.6945 -22.0393 4.9
      vertex 39.793 -21.9663 1.6
      vertex 39.6945 -22.0393 1.6
    endloop
  endfacet
  facet normal -0.428192 0.903688 0
    outer loop
      vertex 39.5892 -22.1024 1.6
      vertex 39.4784 -22.1549 4.9
      vertex 39.5892 -22.1024 4.9
    endloop
  endfacet
  facet normal -0.428192 0.903688 0
    outer loop
      vertex 39.4784 -22.1549 4.9
      vertex 39.5892 -22.1024 1.6
      vertex 39.4784 -22.1549 1.6
    endloop
  endfacet
  facet normal -0.740898 0.671617 0
    outer loop
      vertex 39.8839 -21.8839 1.6
      vertex 39.9663 -21.793 4.9
      vertex 39.9663 -21.793 1.6
    endloop
  endfacet
  facet normal -0.740898 0.671617 0
    outer loop
      vertex 39.9663 -21.793 4.9
      vertex 39.8839 -21.8839 1.6
      vertex 39.8839 -21.8839 4.9
    endloop
  endfacet
  facet normal -0.85778 0.514016 0
    outer loop
      vertex 40.0393 -21.6945 1.6
      vertex 40.1024 -21.5892 4.9
      vertex 40.1024 -21.5892 1.6
    endloop
  endfacet
  facet normal -0.85778 0.514016 0
    outer loop
      vertex 40.1024 -21.5892 4.9
      vertex 40.0393 -21.6945 1.6
      vertex 40.0393 -21.6945 4.9
    endloop
  endfacet
  facet normal 0.671617 0.740898 -0
    outer loop
      vertex 38.207 -21.9663 1.6
      vertex 38.1161 -21.8839 4.9
      vertex 38.207 -21.9663 4.9
    endloop
  endfacet
  facet normal 0.671617 0.740898 0
    outer loop
      vertex 38.1161 -21.8839 4.9
      vertex 38.207 -21.9663 1.6
      vertex 38.1161 -21.8839 1.6
    endloop
  endfacet
  facet normal 0.514016 0.85778 -0
    outer loop
      vertex 38.4108 -22.1024 1.6
      vertex 38.3055 -22.0393 4.9
      vertex 38.4108 -22.1024 4.9
    endloop
  endfacet
  facet normal 0.514016 0.85778 0
    outer loop
      vertex 38.3055 -22.0393 4.9
      vertex 38.4108 -22.1024 1.6
      vertex 38.3055 -22.0393 1.6
    endloop
  endfacet
  facet normal 0.336698 0.941613 -0
    outer loop
      vertex 38.6371 -22.1962 1.6
      vertex 38.5216 -22.1549 4.9
      vertex 38.6371 -22.1962 4.9
    endloop
  endfacet
  facet normal 0.336698 0.941613 0
    outer loop
      vertex 38.5216 -22.1549 4.9
      vertex 38.6371 -22.1962 1.6
      vertex 38.5216 -22.1549 1.6
    endloop
  endfacet
  facet normal 0.146667 0.989186 -0
    outer loop
      vertex 38.8775 -22.244 1.6
      vertex 38.7561 -22.226 4.9
      vertex 38.8775 -22.244 4.9
    endloop
  endfacet
  facet normal 0.146667 0.989186 0
    outer loop
      vertex 38.7561 -22.226 4.9
      vertex 38.8775 -22.244 1.6
      vertex 38.7561 -22.226 1.6
    endloop
  endfacet
  facet normal 0.903688 0.428192 0
    outer loop
      vertex 37.8976 -21.5892 4.9
      vertex 37.8451 -21.4784 1.6
      vertex 37.8451 -21.4784 4.9
    endloop
  endfacet
  facet normal 0.903688 0.428192 0
    outer loop
      vertex 37.8451 -21.4784 1.6
      vertex 37.8976 -21.5892 4.9
      vertex 37.8976 -21.5892 1.6
    endloop
  endfacet
  facet normal 0.803413 0.595423 0
    outer loop
      vertex 38.0337 -21.793 4.9
      vertex 37.9607 -21.6945 1.6
      vertex 37.9607 -21.6945 4.9
    endloop
  endfacet
  facet normal 0.803413 0.595423 0
    outer loop
      vertex 37.9607 -21.6945 1.6
      vertex 38.0337 -21.793 4.9
      vertex 38.0337 -21.793 1.6
    endloop
  endfacet
  facet normal 0.970047 0.242919 0
    outer loop
      vertex 37.8038 -21.3629 4.9
      vertex 37.774 -21.2439 1.6
      vertex 37.774 -21.2439 4.9
    endloop
  endfacet
  facet normal 0.970047 0.242919 0
    outer loop
      vertex 37.774 -21.2439 1.6
      vertex 37.8038 -21.3629 4.9
      vertex 37.8038 -21.3629 1.6
    endloop
  endfacet
  facet normal 0.998803 0.0489209 0
    outer loop
      vertex 37.756 -21.1225 4.9
      vertex 37.75 -21 1.6
      vertex 37.75 -21 4.9
    endloop
  endfacet
  facet normal 0.998803 0.0489209 0
    outer loop
      vertex 37.75 -21 1.6
      vertex 37.756 -21.1225 4.9
      vertex 37.756 -21.1225 1.6
    endloop
  endfacet
  facet normal -0.146667 0.989186 0
    outer loop
      vertex 39.2439 -22.226 1.6
      vertex 39.1225 -22.244 4.9
      vertex 39.2439 -22.226 4.9
    endloop
  endfacet
  facet normal -0.146667 0.989186 0
    outer loop
      vertex 39.1225 -22.244 4.9
      vertex 39.2439 -22.226 1.6
      vertex 39.1225 -22.244 1.6
    endloop
  endfacet
  facet normal -0.336698 0.941613 0
    outer loop
      vertex 39.4784 -22.1549 1.6
      vertex 39.3629 -22.1962 4.9
      vertex 39.4784 -22.1549 4.9
    endloop
  endfacet
  facet normal -0.336698 0.941613 0
    outer loop
      vertex 39.3629 -22.1962 4.9
      vertex 39.4784 -22.1549 1.6
      vertex 39.3629 -22.1962 1.6
    endloop
  endfacet
  facet normal -0.671617 0.740898 0
    outer loop
      vertex 39.8839 -21.8839 1.6
      vertex 39.793 -21.9663 4.9
      vertex 39.8839 -21.8839 4.9
    endloop
  endfacet
  facet normal -0.671617 0.740898 0
    outer loop
      vertex 39.793 -21.9663 4.9
      vertex 39.8839 -21.8839 1.6
      vertex 39.793 -21.9663 1.6
    endloop
  endfacet
  facet normal -0.514016 0.85778 0
    outer loop
      vertex 39.6945 -22.0393 1.6
      vertex 39.5892 -22.1024 4.9
      vertex 39.6945 -22.0393 4.9
    endloop
  endfacet
  facet normal -0.514016 0.85778 0
    outer loop
      vertex 39.5892 -22.1024 4.9
      vertex 39.6945 -22.0393 1.6
      vertex 39.5892 -22.1024 1.6
    endloop
  endfacet
  facet normal -0.803413 0.595423 0
    outer loop
      vertex 39.9663 -21.793 1.6
      vertex 40.0393 -21.6945 4.9
      vertex 40.0393 -21.6945 1.6
    endloop
  endfacet
  facet normal -0.803413 0.595423 0
    outer loop
      vertex 40.0393 -21.6945 4.9
      vertex 39.9663 -21.793 1.6
      vertex 39.9663 -21.793 4.9
    endloop
  endfacet
  facet normal -0.903688 0.428192 0
    outer loop
      vertex 40.1024 -21.5892 1.6
      vertex 40.1549 -21.4784 4.9
      vertex 40.1549 -21.4784 1.6
    endloop
  endfacet
  facet normal -0.903688 0.428192 0
    outer loop
      vertex 40.1549 -21.4784 4.9
      vertex 40.1024 -21.5892 1.6
      vertex 40.1024 -21.5892 4.9
    endloop
  endfacet
  facet normal -0.998803 0.0489209 0
    outer loop
      vertex 40.244 -21.1225 1.6
      vertex 40.25 -21 4.9
      vertex 40.25 -21 1.6
    endloop
  endfacet
  facet normal -0.998803 0.0489209 0
    outer loop
      vertex 40.25 -21 4.9
      vertex 40.244 -21.1225 1.6
      vertex 40.244 -21.1225 4.9
    endloop
  endfacet
  facet normal 0.595423 0.803413 -0
    outer loop
      vertex 38.3055 -22.0393 1.6
      vertex 38.207 -21.9663 4.9
      vertex 38.3055 -22.0393 4.9
    endloop
  endfacet
  facet normal 0.595423 0.803413 0
    outer loop
      vertex 38.207 -21.9663 4.9
      vertex 38.3055 -22.0393 1.6
      vertex 38.207 -21.9663 1.6
    endloop
  endfacet
  facet normal 0.428192 0.903688 -0
    outer loop
      vertex 38.5216 -22.1549 1.6
      vertex 38.4108 -22.1024 4.9
      vertex 38.5216 -22.1549 4.9
    endloop
  endfacet
  facet normal 0.428192 0.903688 0
    outer loop
      vertex 38.4108 -22.1024 4.9
      vertex 38.5216 -22.1549 1.6
      vertex 38.4108 -22.1024 1.6
    endloop
  endfacet
  facet normal 0.242919 0.970047 -0
    outer loop
      vertex 38.7561 -22.226 1.6
      vertex 38.6371 -22.1962 4.9
      vertex 38.7561 -22.226 4.9
    endloop
  endfacet
  facet normal 0.242919 0.970047 0
    outer loop
      vertex 38.6371 -22.1962 4.9
      vertex 38.7561 -22.226 1.6
      vertex 38.6371 -22.1962 1.6
    endloop
  endfacet
  facet normal 0.0489209 0.998803 -0
    outer loop
      vertex 39 -22.25 1.6
      vertex 38.8775 -22.244 4.9
      vertex 39 -22.25 4.9
    endloop
  endfacet
  facet normal 0.0489209 0.998803 0
    outer loop
      vertex 38.8775 -22.244 4.9
      vertex 39 -22.25 1.6
      vertex 38.8775 -22.244 1.6
    endloop
  endfacet
  facet normal 0.85778 0.514016 0
    outer loop
      vertex 37.9607 -21.6945 4.9
      vertex 37.8976 -21.5892 1.6
      vertex 37.8976 -21.5892 4.9
    endloop
  endfacet
  facet normal 0.85778 0.514016 0
    outer loop
      vertex 37.8976 -21.5892 1.6
      vertex 37.9607 -21.6945 4.9
      vertex 37.9607 -21.6945 1.6
    endloop
  endfacet
  facet normal 0.740898 0.671617 0
    outer loop
      vertex 38.1161 -21.8839 4.9
      vertex 38.0337 -21.793 1.6
      vertex 38.0337 -21.793 4.9
    endloop
  endfacet
  facet normal 0.740898 0.671617 0
    outer loop
      vertex 38.0337 -21.793 1.6
      vertex 38.1161 -21.8839 4.9
      vertex 38.1161 -21.8839 1.6
    endloop
  endfacet
  facet normal 0.989186 0.146667 0
    outer loop
      vertex 37.774 -21.2439 4.9
      vertex 37.756 -21.1225 1.6
      vertex 37.756 -21.1225 4.9
    endloop
  endfacet
  facet normal 0.989186 0.146667 0
    outer loop
      vertex 37.756 -21.1225 1.6
      vertex 37.774 -21.2439 4.9
      vertex 37.774 -21.2439 1.6
    endloop
  endfacet
  facet normal -0.970047 0.242919 0
    outer loop
      vertex 40.1962 -21.3629 1.6
      vertex 40.226 -21.2439 4.9
      vertex 40.226 -21.2439 1.6
    endloop
  endfacet
  facet normal -0.970047 0.242919 0
    outer loop
      vertex 40.226 -21.2439 4.9
      vertex 40.1962 -21.3629 1.6
      vertex 40.1962 -21.3629 4.9
    endloop
  endfacet
  facet normal -0.989186 0.146667 0
    outer loop
      vertex 40.226 -21.2439 1.6
      vertex 40.244 -21.1225 4.9
      vertex 40.244 -21.1225 1.6
    endloop
  endfacet
  facet normal -0.989186 0.146667 0
    outer loop
      vertex 40.244 -21.1225 4.9
      vertex 40.226 -21.2439 1.6
      vertex 40.226 -21.2439 4.9
    endloop
  endfacet
  facet normal 0.595485 0.803367 -0
    outer loop
      vertex 40.7446 23.1258 1.6
      vertex 40.5278 23.2865 4.9
      vertex 40.7446 23.1258 4.9
    endloop
  endfacet
  facet normal 0.595485 0.803367 0
    outer loop
      vertex 40.5278 23.2865 4.9
      vertex 40.7446 23.1258 1.6
      vertex 40.5278 23.2865 1.6
    endloop
  endfacet
  facet normal 0.998803 -0.0489209 0
    outer loop
      vertex 41.7368 20.7305 4.9
      vertex 41.75 21 1.6
      vertex 41.75 21 4.9
    endloop
  endfacet
  facet normal 0.998803 -0.0489209 0
    outer loop
      vertex 41.75 21 1.6
      vertex 41.7368 20.7305 4.9
      vertex 41.7368 20.7305 1.6
    endloop
  endfacet
  facet normal -0.336829 0.941566 0
    outer loop
      vertex 38.2017 23.6316 1.6
      vertex 37.9476 23.5407 4.9
      vertex 38.2017 23.6316 4.9
    endloop
  endfacet
  facet normal -0.336829 0.941566 0
    outer loop
      vertex 37.9476 23.5407 4.9
      vertex 38.2017 23.6316 1.6
      vertex 37.9476 23.5407 1.6
    endloop
  endfacet
  facet normal -0.903926 0.427688 0
    outer loop
      vertex 36.4593 22.0524 1.6
      vertex 36.5747 22.2963 4.9
      vertex 36.5747 22.2963 1.6
    endloop
  endfacet
  facet normal -0.903926 0.427688 0
    outer loop
      vertex 36.5747 22.2963 4.9
      vertex 36.4593 22.0524 1.6
      vertex 36.4593 22.0524 4.9
    endloop
  endfacet
  facet normal -0.427688 -0.903926 0
    outer loop
      vertex 37.7037 18.5747 1.6
      vertex 37.9476 18.4593 4.9
      vertex 37.7037 18.5747 4.9
    endloop
  endfacet
  facet normal -0.427688 -0.903926 -0
    outer loop
      vertex 37.9476 18.4593 4.9
      vertex 37.7037 18.5747 1.6
      vertex 37.9476 18.4593 1.6
    endloop
  endfacet
  facet normal 0.903926 0.427688 0
    outer loop
      vertex 41.5407 22.0524 4.9
      vertex 41.4253 22.2963 1.6
      vertex 41.4253 22.2963 4.9
    endloop
  endfacet
  facet normal 0.903926 0.427688 0
    outer loop
      vertex 41.4253 22.2963 1.6
      vertex 41.5407 22.0524 4.9
      vertex 41.5407 22.0524 1.6
    endloop
  endfacet
  facet normal 0.857656 0.514223 0
    outer loop
      vertex 41.4253 22.2963 4.9
      vertex 41.2865 22.5278 1.6
      vertex 41.2865 22.5278 4.9
    endloop
  endfacet
  facet normal 0.857656 0.514223 0
    outer loop
      vertex 41.2865 22.5278 1.6
      vertex 41.4253 22.2963 4.9
      vertex 41.4253 22.2963 1.6
    endloop
  endfacet
  facet normal 0.427688 0.903926 -0
    outer loop
      vertex 40.2963 23.4253 1.6
      vertex 40.0524 23.5407 4.9
      vertex 40.2963 23.4253 4.9
    endloop
  endfacet
  facet normal 0.427688 0.903926 0
    outer loop
      vertex 40.0524 23.5407 4.9
      vertex 40.2963 23.4253 1.6
      vertex 40.0524 23.5407 1.6
    endloop
  endfacet
  facet normal -0.740728 0.671805 0
    outer loop
      vertex 36.8742 22.7446 1.6
      vertex 37.0555 22.9445 4.9
      vertex 37.0555 22.9445 1.6
    endloop
  endfacet
  facet normal -0.740728 0.671805 0
    outer loop
      vertex 37.0555 22.9445 4.9
      vertex 36.8742 22.7446 1.6
      vertex 36.8742 22.7446 4.9
    endloop
  endfacet
  facet normal -0.14671 0.98918 0
    outer loop
      vertex 38.7305 23.7368 1.6
      vertex 38.4635 23.6972 4.9
      vertex 38.7305 23.7368 4.9
    endloop
  endfacet
  facet normal -0.14671 0.98918 0
    outer loop
      vertex 38.4635 23.6972 4.9
      vertex 38.7305 23.7368 1.6
      vertex 38.4635 23.6972 1.6
    endloop
  endfacet
  facet normal -0.14671 -0.98918 0
    outer loop
      vertex 38.4635 18.3028 1.6
      vertex 38.7305 18.2632 4.9
      vertex 38.4635 18.3028 4.9
    endloop
  endfacet
  facet normal -0.14671 -0.98918 -0
    outer loop
      vertex 38.7305 18.2632 4.9
      vertex 38.4635 18.3028 1.6
      vertex 38.7305 18.2632 1.6
    endloop
  endfacet
  facet normal -0.671805 -0.740728 0
    outer loop
      vertex 37.0555 19.0555 1.6
      vertex 37.2554 18.8742 4.9
      vertex 37.0555 19.0555 4.9
    endloop
  endfacet
  facet normal -0.671805 -0.740728 -0
    outer loop
      vertex 37.2554 18.8742 4.9
      vertex 37.0555 19.0555 1.6
      vertex 37.2554 18.8742 1.6
    endloop
  endfacet
  facet normal -0.98918 -0.14671 0
    outer loop
      vertex 36.3028 20.4635 1.6
      vertex 36.2632 20.7305 4.9
      vertex 36.2632 20.7305 1.6
    endloop
  endfacet
  facet normal -0.98918 -0.14671 0
    outer loop
      vertex 36.2632 20.7305 4.9
      vertex 36.3028 20.4635 1.6
      vertex 36.3028 20.4635 4.9
    endloop
  endfacet
  facet normal 0 0 -1
    outer loop
      vertex 40.25 21 1.6
      vertex 41.75 21 1.6
      vertex 41.7368 20.7305 1.6
    endloop
  endfacet
  facet normal 0 0 -1
    outer loop
      vertex 40.244 20.8775 1.6
      vertex 41.7368 20.7305 1.6
      vertex 41.6972 20.4635 1.6
    endloop
  endfacet
  facet normal 0 0 -1
    outer loop
      vertex 41.75 21 1.6
      vertex 40.25 21 1.6
      vertex 41.7368 21.2695 1.6
    endloop
  endfacet
  facet normal 0 0 -1
    outer loop
      vertex 40.226 20.7561 1.6
      vertex 41.6972 20.4635 1.6
      vertex 41.6316 20.2017 1.6
    endloop
  endfacet
  facet normal 0 0 -1
    outer loop
      vertex 40.244 21.1225 1.6
      vertex 41.7368 21.2695 1.6
      vertex 40.25 21 1.6
    endloop
  endfacet
  facet normal 0 0 -1
    outer loop
      vertex 40.1962 20.6371 1.6
      vertex 41.6316 20.2017 1.6
      vertex 41.5407 19.9476 1.6
    endloop
  endfacet
  facet normal -0 0 -1
    outer loop
      vertex 41.7368 21.2695 1.6
      vertex 40.244 21.1225 1.6
      vertex 41.6972 21.5365 1.6
    endloop
  endfacet
  facet normal 0 0 -1
    outer loop
      vertex 40.1549 20.5216 1.6
      vertex 41.5407 19.9476 1.6
      vertex 41.4253 19.7037 1.6
    endloop
  endfacet
  facet normal 0 0 -1
    outer loop
      vertex 40.226 21.2439 1.6
      vertex 41.6972 21.5365 1.6
      vertex 40.244 21.1225 1.6
    endloop
  endfacet
  facet normal 0 0 -1
    outer loop
      vertex 40.1024 20.4108 1.6
      vertex 41.4253 19.7037 1.6
      vertex 41.2865 19.4722 1.6
    endloop
  endfacet
  facet normal -0 0 -1
    outer loop
      vertex 41.6972 21.5365 1.6
      vertex 40.226 21.2439 1.6
      vertex 41.6316 21.7983 1.6
    endloop
  endfacet
  facet normal 0 0 -1
    outer loop
      vertex 40.0393 20.3055 1.6
      vertex 41.2865 19.4722 1.6
      vertex 41.1258 19.2554 1.6
    endloop
  endfacet
  facet normal 0 0 -1
    outer loop
      vertex 40.1962 21.3629 1.6
      vertex 41.6316 21.7983 1.6
      vertex 40.226 21.2439 1.6
    endloop
  endfacet
  facet normal 0 0 -1
    outer loop
      vertex 39.9663 20.207 1.6
      vertex 41.1258 19.2554 1.6
      vertex 40.9445 19.0555 1.6
    endloop
  endfacet
  facet normal -0 0 -1
    outer loop
      vertex 41.6316 21.7983 1.6
      vertex 40.1962 21.3629 1.6
      vertex 41.5407 22.0524 1.6
    endloop
  endfacet
  facet normal 0 0 -1
    outer loop
      vertex 39.8839 20.1161 1.6
      vertex 40.9445 19.0555 1.6
      vertex 40.7446 18.8742 1.6
    endloop
  endfacet
  facet normal 0 0 -1
    outer loop
      vertex 40.1549 21.4784 1.6
      vertex 41.5407 22.0524 1.6
      vertex 40.1962 21.3629 1.6
    endloop
  endfacet
  facet normal 0 0 -1
    outer loop
      vertex 39.793 20.0337 1.6
      vertex 40.7446 18.8742 1.6
      vertex 40.5278 18.7135 1.6
    endloop
  endfacet
  facet normal -0 0 -1
    outer loop
      vertex 41.5407 22.0524 1.6
      vertex 40.1549 21.4784 1.6
      vertex 41.4253 22.2963 1.6
    endloop
  endfacet
  facet normal 0 0 -1
    outer loop
      vertex 39.6945 19.9607 1.6
      vertex 40.5278 18.7135 1.6
      vertex 40.2963 18.5747 1.6
    endloop
  endfacet
  facet normal 0 0 -1
    outer loop
      vertex 40.1024 21.5892 1.6
      vertex 41.4253 22.2963 1.6
      vertex 40.1549 21.4784 1.6
    endloop
  endfacet
  facet normal -0 0 -1
    outer loop
      vertex 41.4253 22.2963 1.6
      vertex 40.1024 21.5892 1.6
      vertex 41.2865 22.5278 1.6
    endloop
  endfacet
  facet normal 0 0 -1
    outer loop
      vertex 41.7368 20.7305 1.6
      vertex 40.244 20.8775 1.6
      vertex 40.25 21 1.6
    endloop
  endfacet
  facet normal 0 0 -1
    outer loop
      vertex 41.6972 20.4635 1.6
      vertex 40.226 20.7561 1.6
      vertex 40.244 20.8775 1.6
    endloop
  endfacet
  facet normal 0 0 -1
    outer loop
      vertex 41.6316 20.2017 1.6
      vertex 40.1962 20.6371 1.6
      vertex 40.226 20.7561 1.6
    endloop
  endfacet
  facet normal 0 0 -1
    outer loop
      vertex 41.5407 19.9476 1.6
      vertex 40.1549 20.5216 1.6
      vertex 40.1962 20.6371 1.6
    endloop
  endfacet
  facet normal 0 0 -1
    outer loop
      vertex 41.4253 19.7037 1.6
      vertex 40.1024 20.4108 1.6
      vertex 40.1549 20.5216 1.6
    endloop
  endfacet
  facet normal 0 0 -1
    outer loop
      vertex 39.5892 19.8976 1.6
      vertex 40.2963 18.5747 1.6
      vertex 40.0524 18.4593 1.6
    endloop
  endfacet
  facet normal 0 0 -1
    outer loop
      vertex 41.2865 19.4722 1.6
      vertex 40.0393 20.3055 1.6
      vertex 40.1024 20.4108 1.6
    endloop
  endfacet
  facet normal 0 0 -1
    outer loop
      vertex 41.1258 19.2554 1.6
      vertex 39.9663 20.207 1.6
      vertex 40.0393 20.3055 1.6
    endloop
  endfacet
  facet normal 0 0 -1
    outer loop
      vertex 40.9445 19.0555 1.6
      vertex 39.8839 20.1161 1.6
      vertex 39.9663 20.207 1.6
    endloop
  endfacet
  facet normal 0 0 -1
    outer loop
      vertex 39.4784 19.8451 1.6
      vertex 40.0524 18.4593 1.6
      vertex 39.7983 18.3684 1.6
    endloop
  endfacet
  facet normal 0 0 -1
    outer loop
      vertex 40.7446 18.8742 1.6
      vertex 39.793 20.0337 1.6
      vertex 39.8839 20.1161 1.6
    endloop
  endfacet
  facet normal 0 0 -1
    outer loop
      vertex 40.5278 18.7135 1.6
      vertex 39.6945 19.9607 1.6
      vertex 39.793 20.0337 1.6
    endloop
  endfacet
  facet normal 0 0 -1
    outer loop
      vertex 40.2963 18.5747 1.6
      vertex 39.5892 19.8976 1.6
      vertex 39.6945 19.9607 1.6
    endloop
  endfacet
  facet normal 0 0 -1
    outer loop
      vertex 39.3629 19.8038 1.6
      vertex 39.7983 18.3684 1.6
      vertex 39.5365 18.3028 1.6
    endloop
  endfacet
  facet normal 0 0 -1
    outer loop
      vertex 40.0524 18.4593 1.6
      vertex 39.4784 19.8451 1.6
      vertex 39.5892 19.8976 1.6
    endloop
  endfacet
  facet normal 0 0 -1
    outer loop
      vertex 39.7983 18.3684 1.6
      vertex 39.3629 19.8038 1.6
      vertex 39.4784 19.8451 1.6
    endloop
  endfacet
  facet normal 0 0 -1
    outer loop
      vertex 39.2439 19.774 1.6
      vertex 39.5365 18.3028 1.6
      vertex 39.2695 18.2632 1.6
    endloop
  endfacet
  facet normal 0 0 -1
    outer loop
      vertex 39.5365 18.3028 1.6
      vertex 39.2439 19.774 1.6
      vertex 39.3629 19.8038 1.6
    endloop
  endfacet
  facet normal 0 0 -1
    outer loop
      vertex 39.2695 18.2632 1.6
      vertex 39.1225 19.756 1.6
      vertex 39.2439 19.774 1.6
    endloop
  endfacet
  facet normal 0 0 -1
    outer loop
      vertex 39 18.25 1.6
      vertex 39.1225 19.756 1.6
      vertex 39.2695 18.2632 1.6
    endloop
  endfacet
  facet normal 0 0 -1
    outer loop
      vertex 39 18.25 1.6
      vertex 39 19.75 1.6
      vertex 39.1225 19.756 1.6
    endloop
  endfacet
  facet normal 0 0 -1
    outer loop
      vertex 39 18.25 1.6
      vertex 38.8775 19.756 1.6
      vertex 39 19.75 1.6
    endloop
  endfacet
  facet normal 0 0 -1
    outer loop
      vertex 38.7305 18.2632 1.6
      vertex 38.8775 19.756 1.6
      vertex 39 18.25 1.6
    endloop
  endfacet
  facet normal -0 0 -1
    outer loop
      vertex 38.8775 19.756 1.6
      vertex 38.7305 18.2632 1.6
      vertex 38.7561 19.774 1.6
    endloop
  endfacet
  facet normal 0 0 -1
    outer loop
      vertex 38.4635 18.3028 1.6
      vertex 38.7561 19.774 1.6
      vertex 38.7305 18.2632 1.6
    endloop
  endfacet
  facet normal -0 0 -1
    outer loop
      vertex 38.7561 19.774 1.6
      vertex 38.4635 18.3028 1.6
      vertex 38.6371 19.8038 1.6
    endloop
  endfacet
  facet normal 0 0 -1
    outer loop
      vertex 38.2017 18.3684 1.6
      vertex 38.6371 19.8038 1.6
      vertex 38.4635 18.3028 1.6
    endloop
  endfacet
  facet normal -0 0 -1
    outer loop
      vertex 38.6371 19.8038 1.6
      vertex 38.2017 18.3684 1.6
      vertex 38.5216 19.8451 1.6
    endloop
  endfacet
  facet normal 0 0 -1
    outer loop
      vertex 37.9476 18.4593 1.6
      vertex 38.5216 19.8451 1.6
      vertex 38.2017 18.3684 1.6
    endloop
  endfacet
  facet normal -0 0 -1
    outer loop
      vertex 38.5216 19.8451 1.6
      vertex 37.9476 18.4593 1.6
      vertex 38.4108 19.8976 1.6
    endloop
  endfacet
  facet normal 0 0 -1
    outer loop
      vertex 37.7037 18.5747 1.6
      vertex 38.4108 19.8976 1.6
      vertex 37.9476 18.4593 1.6
    endloop
  endfacet
  facet normal -0 0 -1
    outer loop
      vertex 38.4108 19.8976 1.6
      vertex 37.7037 18.5747 1.6
      vertex 38.3055 19.9607 1.6
    endloop
  endfacet
  facet normal 0 0 -1
    outer loop
      vertex 37.4722 18.7135 1.6
      vertex 38.3055 19.9607 1.6
      vertex 37.7037 18.5747 1.6
    endloop
  endfacet
  facet normal -0 0 -1
    outer loop
      vertex 38.3055 19.9607 1.6
      vertex 37.4722 18.7135 1.6
      vertex 38.207 20.0337 1.6
    endloop
  endfacet
  facet normal 0 0 -1
    outer loop
      vertex 37.2554 18.8742 1.6
      vertex 38.207 20.0337 1.6
      vertex 37.4722 18.7135 1.6
    endloop
  endfacet
  facet normal -0 0 -1
    outer loop
      vertex 38.207 20.0337 1.6
      vertex 37.2554 18.8742 1.6
      vertex 38.1161 20.1161 1.6
    endloop
  endfacet
  facet normal 0 0 -1
    outer loop
      vertex 37.0555 19.0555 1.6
      vertex 38.1161 20.1161 1.6
      vertex 37.2554 18.8742 1.6
    endloop
  endfacet
  facet normal -0 0 -1
    outer loop
      vertex 38.1161 20.1161 1.6
      vertex 37.0555 19.0555 1.6
      vertex 38.0337 20.207 1.6
    endloop
  endfacet
  facet normal 0 0 -1
    outer loop
      vertex 36.8742 19.2554 1.6
      vertex 38.0337 20.207 1.6
      vertex 37.0555 19.0555 1.6
    endloop
  endfacet
  facet normal -0 0 -1
    outer loop
      vertex 38.0337 20.207 1.6
      vertex 36.8742 19.2554 1.6
      vertex 37.9607 20.3055 1.6
    endloop
  endfacet
  facet normal -0 0 -1
    outer loop
      vertex 37.9607 20.3055 1.6
      vertex 36.7135 19.4722 1.6
      vertex 37.8976 20.4108 1.6
    endloop
  endfacet
  facet normal 0 0 -1
    outer loop
      vertex 36.7135 19.4722 1.6
      vertex 37.9607 20.3055 1.6
      vertex 36.8742 19.2554 1.6
    endloop
  endfacet
  facet normal 0 0 -1
    outer loop
      vertex 40.0393 21.6945 1.6
      vertex 41.2865 22.5278 1.6
      vertex 40.1024 21.5892 1.6
    endloop
  endfacet
  facet normal -0 0 -1
    outer loop
      vertex 41.2865 22.5278 1.6
      vertex 40.0393 21.6945 1.6
      vertex 41.1258 22.7446 1.6
    endloop
  endfacet
  facet normal 0 0 -1
    outer loop
      vertex 39.9663 21.793 1.6
      vertex 41.1258 22.7446 1.6
      vertex 40.0393 21.6945 1.6
    endloop
  endfacet
  facet normal -0 0 -1
    outer loop
      vertex 41.1258 22.7446 1.6
      vertex 39.9663 21.793 1.6
      vertex 40.9445 22.9445 1.6
    endloop
  endfacet
  facet normal 0 0 -1
    outer loop
      vertex 39.8839 21.8839 1.6
      vertex 40.9445 22.9445 1.6
      vertex 39.9663 21.793 1.6
    endloop
  endfacet
  facet normal -0 0 -1
    outer loop
      vertex 40.9445 22.9445 1.6
      vertex 39.8839 21.8839 1.6
      vertex 40.7446 23.1258 1.6
    endloop
  endfacet
  facet normal 0 0 -1
    outer loop
      vertex 39.793 21.9663 1.6
      vertex 40.7446 23.1258 1.6
      vertex 39.8839 21.8839 1.6
    endloop
  endfacet
  facet normal -0 0 -1
    outer loop
      vertex 40.7446 23.1258 1.6
      vertex 39.793 21.9663 1.6
      vertex 40.5278 23.2865 1.6
    endloop
  endfacet
  facet normal 0 0 -1
    outer loop
      vertex 39.6945 22.0393 1.6
      vertex 40.5278 23.2865 1.6
      vertex 39.793 21.9663 1.6
    endloop
  endfacet
  facet normal -0 0 -1
    outer loop
      vertex 40.5278 23.2865 1.6
      vertex 39.6945 22.0393 1.6
      vertex 40.2963 23.4253 1.6
    endloop
  endfacet
  facet normal 0 0 -1
    outer loop
      vertex 39.5892 22.1024 1.6
      vertex 40.2963 23.4253 1.6
      vertex 39.6945 22.0393 1.6
    endloop
  endfacet
  facet normal -0 0 -1
    outer loop
      vertex 40.2963 23.4253 1.6
      vertex 39.5892 22.1024 1.6
      vertex 40.0524 23.5407 1.6
    endloop
  endfacet
  facet normal 0 0 -1
    outer loop
      vertex 39.4784 22.1549 1.6
      vertex 40.0524 23.5407 1.6
      vertex 39.5892 22.1024 1.6
    endloop
  endfacet
  facet normal -0 0 -1
    outer loop
      vertex 40.0524 23.5407 1.6
      vertex 39.4784 22.1549 1.6
      vertex 39.7983 23.6316 1.6
    endloop
  endfacet
  facet normal 0 0 -1
    outer loop
      vertex 39.3629 22.1962 1.6
      vertex 39.7983 23.6316 1.6
      vertex 39.4784 22.1549 1.6
    endloop
  endfacet
  facet normal -0 0 -1
    outer loop
      vertex 39.7983 23.6316 1.6
      vertex 39.3629 22.1962 1.6
      vertex 39.5365 23.6972 1.6
    endloop
  endfacet
  facet normal 0 0 -1
    outer loop
      vertex 39.2439 22.226 1.6
      vertex 39.5365 23.6972 1.6
      vertex 39.3629 22.1962 1.6
    endloop
  endfacet
  facet normal -0 0 -1
    outer loop
      vertex 39.5365 23.6972 1.6
      vertex 39.2439 22.226 1.6
      vertex 39.2695 23.7368 1.6
    endloop
  endfacet
  facet normal 0 0 -1
    outer loop
      vertex 39.1225 22.244 1.6
      vertex 39.2695 23.7368 1.6
      vertex 39.2439 22.226 1.6
    endloop
  endfacet
  facet normal 0 0 -1
    outer loop
      vertex 39 22.25 1.6
      vertex 39.2695 23.7368 1.6
      vertex 39.1225 22.244 1.6
    endloop
  endfacet
  facet normal 0 0 -1
    outer loop
      vertex 39 22.25 1.6
      vertex 39 23.75 1.6
      vertex 39.2695 23.7368 1.6
    endloop
  endfacet
  facet normal 0 0 -1
    outer loop
      vertex 38.8775 22.244 1.6
      vertex 39 23.75 1.6
      vertex 39 22.25 1.6
    endloop
  endfacet
  facet normal 0 0 -1
    outer loop
      vertex 38.7305 23.7368 1.6
      vertex 38.8775 22.244 1.6
      vertex 38.7561 22.226 1.6
    endloop
  endfacet
  facet normal 0 0 -1
    outer loop
      vertex 38.8775 22.244 1.6
      vertex 38.7305 23.7368 1.6
      vertex 39 23.75 1.6
    endloop
  endfacet
  facet normal 0 0 -1
    outer loop
      vertex 38.4635 23.6972 1.6
      vertex 38.7561 22.226 1.6
      vertex 38.6371 22.1962 1.6
    endloop
  endfacet
  facet normal 0 0 -1
    outer loop
      vertex 38.2017 23.6316 1.6
      vertex 38.6371 22.1962 1.6
      vertex 38.5216 22.1549 1.6
    endloop
  endfacet
  facet normal 0 0 -1
    outer loop
      vertex 38.7561 22.226 1.6
      vertex 38.4635 23.6972 1.6
      vertex 38.7305 23.7368 1.6
    endloop
  endfacet
  facet normal 0 0 -1
    outer loop
      vertex 37.9476 23.5407 1.6
      vertex 38.5216 22.1549 1.6
      vertex 38.4108 22.1024 1.6
    endloop
  endfacet
  facet normal 0 0 -1
    outer loop
      vertex 37.7037 23.4253 1.6
      vertex 38.4108 22.1024 1.6
      vertex 38.3055 22.0393 1.6
    endloop
  endfacet
  facet normal 0 0 -1
    outer loop
      vertex 37.4722 23.2865 1.6
      vertex 38.3055 22.0393 1.6
      vertex 38.207 21.9663 1.6
    endloop
  endfacet
  facet normal 0 0 -1
    outer loop
      vertex 38.6371 22.1962 1.6
      vertex 38.2017 23.6316 1.6
      vertex 38.4635 23.6972 1.6
    endloop
  endfacet
  facet normal 0 0 -1
    outer loop
      vertex 37.2554 23.1258 1.6
      vertex 38.207 21.9663 1.6
      vertex 38.1161 21.8839 1.6
    endloop
  endfacet
  facet normal 0 0 -1
    outer loop
      vertex 37.0555 22.9445 1.6
      vertex 38.1161 21.8839 1.6
      vertex 38.0337 21.793 1.6
    endloop
  endfacet
  facet normal 0 0 -1
    outer loop
      vertex 36.8742 22.7446 1.6
      vertex 38.0337 21.793 1.6
      vertex 37.9607 21.6945 1.6
    endloop
  endfacet
  facet normal 0 0 -1
    outer loop
      vertex 38.5216 22.1549 1.6
      vertex 37.9476 23.5407 1.6
      vertex 38.2017 23.6316 1.6
    endloop
  endfacet
  facet normal 0 0 -1
    outer loop
      vertex 36.7135 22.5278 1.6
      vertex 37.9607 21.6945 1.6
      vertex 37.8976 21.5892 1.6
    endloop
  endfacet
  facet normal 0 0 -1
    outer loop
      vertex 36.5747 22.2963 1.6
      vertex 37.8976 21.5892 1.6
      vertex 37.8451 21.4784 1.6
    endloop
  endfacet
  facet normal 0 0 -1
    outer loop
      vertex 36.4593 22.0524 1.6
      vertex 37.8451 21.4784 1.6
      vertex 37.8038 21.3629 1.6
    endloop
  endfacet
  facet normal 0 0 -1
    outer loop
      vertex 36.3684 21.7983 1.6
      vertex 37.8038 21.3629 1.6
      vertex 37.774 21.2439 1.6
    endloop
  endfacet
  facet normal 0 0 -1
    outer loop
      vertex 36.3028 21.5365 1.6
      vertex 37.774 21.2439 1.6
      vertex 37.756 21.1225 1.6
    endloop
  endfacet
  facet normal 0 0 -1
    outer loop
      vertex 38.4108 22.1024 1.6
      vertex 37.7037 23.4253 1.6
      vertex 37.9476 23.5407 1.6
    endloop
  endfacet
  facet normal 0 0 -1
    outer loop
      vertex 36.2632 21.2695 1.6
      vertex 37.756 21.1225 1.6
      vertex 37.75 21 1.6
    endloop
  endfacet
  facet normal 0 0 -1
    outer loop
      vertex 36.5747 19.7037 1.6
      vertex 37.8976 20.4108 1.6
      vertex 36.7135 19.4722 1.6
    endloop
  endfacet
  facet normal -0 0 -1
    outer loop
      vertex 37.8976 20.4108 1.6
      vertex 36.5747 19.7037 1.6
      vertex 37.8451 20.5216 1.6
    endloop
  endfacet
  facet normal 0 0 -1
    outer loop
      vertex 38.3055 22.0393 1.6
      vertex 37.4722 23.2865 1.6
      vertex 37.7037 23.4253 1.6
    endloop
  endfacet
  facet normal 0 0 -1
    outer loop
      vertex 36.4593 19.9476 1.6
      vertex 37.8451 20.5216 1.6
      vertex 36.5747 19.7037 1.6
    endloop
  endfacet
  facet normal 0 0 -1
    outer loop
      vertex 38.207 21.9663 1.6
      vertex 37.2554 23.1258 1.6
      vertex 37.4722 23.2865 1.6
    endloop
  endfacet
  facet normal -0 0 -1
    outer loop
      vertex 37.8451 20.5216 1.6
      vertex 36.4593 19.9476 1.6
      vertex 37.8038 20.6371 1.6
    endloop
  endfacet
  facet normal 0 0 -1
    outer loop
      vertex 38.1161 21.8839 1.6
      vertex 37.0555 22.9445 1.6
      vertex 37.2554 23.1258 1.6
    endloop
  endfacet
  facet normal 0 0 -1
    outer loop
      vertex 36.3684 20.2017 1.6
      vertex 37.8038 20.6371 1.6
      vertex 36.4593 19.9476 1.6
    endloop
  endfacet
  facet normal 0 0 -1
    outer loop
      vertex 38.0337 21.793 1.6
      vertex 36.8742 22.7446 1.6
      vertex 37.0555 22.9445 1.6
    endloop
  endfacet
  facet normal -0 0 -1
    outer loop
      vertex 37.8038 20.6371 1.6
      vertex 36.3684 20.2017 1.6
      vertex 37.774 20.7561 1.6
    endloop
  endfacet
  facet normal 0 0 -1
    outer loop
      vertex 37.9607 21.6945 1.6
      vertex 36.7135 22.5278 1.6
      vertex 36.8742 22.7446 1.6
    endloop
  endfacet
  facet normal 0 0 -1
    outer loop
      vertex 36.3028 20.4635 1.6
      vertex 37.774 20.7561 1.6
      vertex 36.3684 20.2017 1.6
    endloop
  endfacet
  facet normal 0 0 -1
    outer loop
      vertex 37.8976 21.5892 1.6
      vertex 36.5747 22.2963 1.6
      vertex 36.7135 22.5278 1.6
    endloop
  endfacet
  facet normal -0 0 -1
    outer loop
      vertex 37.774 20.7561 1.6
      vertex 36.3028 20.4635 1.6
      vertex 37.756 20.8775 1.6
    endloop
  endfacet
  facet normal 0 0 -1
    outer loop
      vertex 37.8451 21.4784 1.6
      vertex 36.4593 22.0524 1.6
      vertex 36.5747 22.2963 1.6
    endloop
  endfacet
  facet normal 0 0 -1
    outer loop
      vertex 36.2632 20.7305 1.6
      vertex 37.756 20.8775 1.6
      vertex 36.3028 20.4635 1.6
    endloop
  endfacet
  facet normal 0 0 -1
    outer loop
      vertex 37.8038 21.3629 1.6
      vertex 36.3684 21.7983 1.6
      vertex 36.4593 22.0524 1.6
    endloop
  endfacet
  facet normal -0 0 -1
    outer loop
      vertex 37.756 20.8775 1.6
      vertex 36.2632 20.7305 1.6
      vertex 37.75 21 1.6
    endloop
  endfacet
  facet normal 0 0 -1
    outer loop
      vertex 37.774 21.2439 1.6
      vertex 36.3028 21.5365 1.6
      vertex 36.3684 21.7983 1.6
    endloop
  endfacet
  facet normal 0 0 -1
    outer loop
      vertex 36.25 21 1.6
      vertex 37.75 21 1.6
      vertex 36.2632 20.7305 1.6
    endloop
  endfacet
  facet normal 0 0 -1
    outer loop
      vertex 37.756 21.1225 1.6
      vertex 36.2632 21.2695 1.6
      vertex 36.3028 21.5365 1.6
    endloop
  endfacet
  facet normal 0 0 -1
    outer loop
      vertex 37.75 21 1.6
      vertex 36.25 21 1.6
      vertex 36.2632 21.2695 1.6
    endloop
  endfacet
  facet normal -0.740728 -0.671805 0
    outer loop
      vertex 37.0555 19.0555 1.6
      vertex 36.8742 19.2554 4.9
      vertex 36.8742 19.2554 1.6
    endloop
  endfacet
  facet normal -0.740728 -0.671805 0
    outer loop
      vertex 36.8742 19.2554 4.9
      vertex 37.0555 19.0555 1.6
      vertex 37.0555 19.0555 4.9
    endloop
  endfacet
  facet normal 0.970012 0.243059 0
    outer loop
      vertex 41.6972 21.5365 4.9
      vertex 41.6316 21.7983 1.6
      vertex 41.6316 21.7983 4.9
    endloop
  endfacet
  facet normal 0.970012 0.243059 0
    outer loop
      vertex 41.6316 21.7983 1.6
      vertex 41.6972 21.5365 4.9
      vertex 41.6972 21.5365 1.6
    endloop
  endfacet
  facet normal 0.941566 0.336829 0
    outer loop
      vertex 41.6316 21.7983 4.9
      vertex 41.5407 22.0524 1.6
      vertex 41.5407 22.0524 4.9
    endloop
  endfacet
  facet normal 0.941566 0.336829 0
    outer loop
      vertex 41.5407 22.0524 1.6
      vertex 41.6316 21.7983 4.9
      vertex 41.6316 21.7983 1.6
    endloop
  endfacet
  facet normal 0.740728 0.671805 0
    outer loop
      vertex 41.1258 22.7446 4.9
      vertex 40.9445 22.9445 1.6
      vertex 40.9445 22.9445 4.9
    endloop
  endfacet
  facet normal 0.740728 0.671805 0
    outer loop
      vertex 40.9445 22.9445 1.6
      vertex 41.1258 22.7446 4.9
      vertex 41.1258 22.7446 1.6
    endloop
  endfacet
  facet normal 0.803367 0.595485 0
    outer loop
      vertex 41.2865 22.5278 4.9
      vertex 41.1258 22.7446 1.6
      vertex 41.1258 22.7446 4.9
    endloop
  endfacet
  facet normal 0.803367 0.595485 0
    outer loop
      vertex 41.1258 22.7446 1.6
      vertex 41.2865 22.5278 4.9
      vertex 41.2865 22.5278 1.6
    endloop
  endfacet
  facet normal 0.671805 0.740728 -0
    outer loop
      vertex 40.9445 22.9445 1.6
      vertex 40.7446 23.1258 4.9
      vertex 40.9445 22.9445 4.9
    endloop
  endfacet
  facet normal 0.671805 0.740728 0
    outer loop
      vertex 40.7446 23.1258 4.9
      vertex 40.9445 22.9445 1.6
      vertex 40.7446 23.1258 1.6
    endloop
  endfacet
  facet normal 0.514223 0.857656 -0
    outer loop
      vertex 40.5278 23.2865 1.6
      vertex 40.2963 23.4253 4.9
      vertex 40.5278 23.2865 4.9
    endloop
  endfacet
  facet normal 0.514223 0.857656 0
    outer loop
      vertex 40.2963 23.4253 4.9
      vertex 40.5278 23.2865 1.6
      vertex 40.2963 23.4253 1.6
    endloop
  endfacet
  facet normal 0.0489209 0.998803 -0
    outer loop
      vertex 39.2695 23.7368 1.6
      vertex 39 23.75 4.9
      vertex 39.2695 23.7368 4.9
    endloop
  endfacet
  facet normal 0.0489209 0.998803 0
    outer loop
      vertex 39 23.75 4.9
      vertex 39.2695 23.7368 1.6
      vertex 39 23.75 1.6
    endloop
  endfacet
  facet normal 0.336829 0.941566 -0
    outer loop
      vertex 40.0524 23.5407 1.6
      vertex 39.7983 23.6316 4.9
      vertex 40.0524 23.5407 4.9
    endloop
  endfacet
  facet normal 0.336829 0.941566 0
    outer loop
      vertex 39.7983 23.6316 4.9
      vertex 40.0524 23.5407 1.6
      vertex 39.7983 23.6316 1.6
    endloop
  endfacet
  facet normal 0.243059 0.970012 -0
    outer loop
      vertex 39.7983 23.6316 1.6
      vertex 39.5365 23.6972 4.9
      vertex 39.7983 23.6316 4.9
    endloop
  endfacet
  facet normal 0.243059 0.970012 0
    outer loop
      vertex 39.5365 23.6972 4.9
      vertex 39.7983 23.6316 1.6
      vertex 39.5365 23.6972 1.6
    endloop
  endfacet
  facet normal -0.998803 0.0489209 0
    outer loop
      vertex 36.25 21 1.6
      vertex 36.2632 21.2695 4.9
      vertex 36.2632 21.2695 1.6
    endloop
  endfacet
  facet normal -0.998803 0.0489209 0
    outer loop
      vertex 36.2632 21.2695 4.9
      vertex 36.25 21 1.6
      vertex 36.25 21 4.9
    endloop
  endfacet
  facet normal -0.941566 0.336829 0
    outer loop
      vertex 36.3684 21.7983 1.6
      vertex 36.4593 22.0524 4.9
      vertex 36.4593 22.0524 1.6
    endloop
  endfacet
  facet normal -0.941566 0.336829 0
    outer loop
      vertex 36.4593 22.0524 4.9
      vertex 36.3684 21.7983 1.6
      vertex 36.3684 21.7983 4.9
    endloop
  endfacet
  facet normal -0.970012 0.243059 0
    outer loop
      vertex 36.3028 21.5365 1.6
      vertex 36.3684 21.7983 4.9
      vertex 36.3684 21.7983 1.6
    endloop
  endfacet
  facet normal -0.970012 0.243059 0
    outer loop
      vertex 36.3684 21.7983 4.9
      vertex 36.3028 21.5365 1.6
      vertex 36.3028 21.5365 4.9
    endloop
  endfacet
  facet normal -0.857656 0.514223 0
    outer loop
      vertex 36.5747 22.2963 1.6
      vertex 36.7135 22.5278 4.9
      vertex 36.7135 22.5278 1.6
    endloop
  endfacet
  facet normal -0.857656 0.514223 0
    outer loop
      vertex 36.7135 22.5278 4.9
      vertex 36.5747 22.2963 1.6
      vertex 36.5747 22.2963 4.9
    endloop
  endfacet
  facet normal -0.803367 0.595485 0
    outer loop
      vertex 36.7135 22.5278 1.6
      vertex 36.8742 22.7446 4.9
      vertex 36.8742 22.7446 1.6
    endloop
  endfacet
  facet normal -0.803367 0.595485 0
    outer loop
      vertex 36.8742 22.7446 4.9
      vertex 36.7135 22.5278 1.6
      vertex 36.7135 22.5278 4.9
    endloop
  endfacet
  facet normal -0.243059 0.970012 0
    outer loop
      vertex 38.4635 23.6972 1.6
      vertex 38.2017 23.6316 4.9
      vertex 38.4635 23.6972 4.9
    endloop
  endfacet
  facet normal -0.243059 0.970012 0
    outer loop
      vertex 38.2017 23.6316 4.9
      vertex 38.4635 23.6972 1.6
      vertex 38.2017 23.6316 1.6
    endloop
  endfacet
  facet normal -0.0489209 0.998803 0
    outer loop
      vertex 39 23.75 1.6
      vertex 38.7305 23.7368 4.9
      vertex 39 23.75 4.9
    endloop
  endfacet
  facet normal -0.0489209 0.998803 0
    outer loop
      vertex 38.7305 23.7368 4.9
      vertex 39 23.75 1.6
      vertex 38.7305 23.7368 1.6
    endloop
  endfacet
  facet normal -0.514223 0.857656 0
    outer loop
      vertex 37.7037 23.4253 1.6
      vertex 37.4722 23.2865 4.9
      vertex 37.7037 23.4253 4.9
    endloop
  endfacet
  facet normal -0.514223 0.857656 0
    outer loop
      vertex 37.4722 23.2865 4.9
      vertex 37.7037 23.4253 1.6
      vertex 37.4722 23.2865 1.6
    endloop
  endfacet
  facet normal -0.595485 0.803367 0
    outer loop
      vertex 37.4722 23.2865 1.6
      vertex 37.2554 23.1258 4.9
      vertex 37.4722 23.2865 4.9
    endloop
  endfacet
  facet normal -0.595485 0.803367 0
    outer loop
      vertex 37.2554 23.1258 4.9
      vertex 37.4722 23.2865 1.6
      vertex 37.2554 23.1258 1.6
    endloop
  endfacet
  facet normal -0.427688 0.903926 0
    outer loop
      vertex 37.9476 23.5407 1.6
      vertex 37.7037 23.4253 4.9
      vertex 37.9476 23.5407 4.9
    endloop
  endfacet
  facet normal -0.427688 0.903926 0
    outer loop
      vertex 37.7037 23.4253 4.9
      vertex 37.9476 23.5407 1.6
      vertex 37.7037 23.4253 1.6
    endloop
  endfacet
  facet normal -0.671805 0.740728 0
    outer loop
      vertex 37.2554 23.1258 1.6
      vertex 37.0555 22.9445 4.9
      vertex 37.2554 23.1258 4.9
    endloop
  endfacet
  facet normal -0.671805 0.740728 0
    outer loop
      vertex 37.0555 22.9445 4.9
      vertex 37.2554 23.1258 1.6
      vertex 37.0555 22.9445 1.6
    endloop
  endfacet
  facet normal 0.998803 0.0489209 0
    outer loop
      vertex 41.75 21 4.9
      vertex 41.7368 21.2695 1.6
      vertex 41.7368 21.2695 4.9
    endloop
  endfacet
  facet normal 0.998803 0.0489209 0
    outer loop
      vertex 41.7368 21.2695 1.6
      vertex 41.75 21 4.9
      vertex 41.75 21 1.6
    endloop
  endfacet
  facet normal 0.0489209 -0.998803 0
    outer loop
      vertex 39 18.25 1.6
      vertex 39.2695 18.2632 4.9
      vertex 39 18.25 4.9
    endloop
  endfacet
  facet normal 0.0489209 -0.998803 0
    outer loop
      vertex 39.2695 18.2632 4.9
      vertex 39 18.25 1.6
      vertex 39.2695 18.2632 1.6
    endloop
  endfacet
  facet normal 0.903926 -0.427688 0
    outer loop
      vertex 41.4253 19.7037 4.9
      vertex 41.5407 19.9476 1.6
      vertex 41.5407 19.9476 4.9
    endloop
  endfacet
  facet normal 0.903926 -0.427688 0
    outer loop
      vertex 41.5407 19.9476 1.6
      vertex 41.4253 19.7037 4.9
      vertex 41.4253 19.7037 1.6
    endloop
  endfacet
  facet normal 0.14671 -0.98918 0
    outer loop
      vertex 39.2695 18.2632 1.6
      vertex 39.5365 18.3028 4.9
      vertex 39.2695 18.2632 4.9
    endloop
  endfacet
  facet normal 0.14671 -0.98918 0
    outer loop
      vertex 39.5365 18.3028 4.9
      vertex 39.2695 18.2632 1.6
      vertex 39.5365 18.3028 1.6
    endloop
  endfacet
  facet normal 0.740728 -0.671805 0
    outer loop
      vertex 40.9445 19.0555 4.9
      vertex 41.1258 19.2554 1.6
      vertex 41.1258 19.2554 4.9
    endloop
  endfacet
  facet normal 0.740728 -0.671805 0
    outer loop
      vertex 41.1258 19.2554 1.6
      vertex 40.9445 19.0555 4.9
      vertex 40.9445 19.0555 1.6
    endloop
  endfacet
  facet normal 0.671805 -0.740728 0
    outer loop
      vertex 40.7446 18.8742 1.6
      vertex 40.9445 19.0555 4.9
      vertex 40.7446 18.8742 4.9
    endloop
  endfacet
  facet normal 0.671805 -0.740728 0
    outer loop
      vertex 40.9445 19.0555 4.9
      vertex 40.7446 18.8742 1.6
      vertex 40.9445 19.0555 1.6
    endloop
  endfacet
  facet normal 0.514223 -0.857656 0
    outer loop
      vertex 40.2963 18.5747 1.6
      vertex 40.5278 18.7135 4.9
      vertex 40.2963 18.5747 4.9
    endloop
  endfacet
  facet normal 0.514223 -0.857656 0
    outer loop
      vertex 40.5278 18.7135 4.9
      vertex 40.2963 18.5747 1.6
      vertex 40.5278 18.7135 1.6
    endloop
  endfacet
  facet normal -0.0489209 -0.998803 0
    outer loop
      vertex 38.7305 18.2632 1.6
      vertex 39 18.25 4.9
      vertex 38.7305 18.2632 4.9
    endloop
  endfacet
  facet normal -0.0489209 -0.998803 -0
    outer loop
      vertex 39 18.25 4.9
      vertex 38.7305 18.2632 1.6
      vertex 39 18.25 1.6
    endloop
  endfacet
  facet normal -0.336829 -0.941566 0
    outer loop
      vertex 37.9476 18.4593 1.6
      vertex 38.2017 18.3684 4.9
      vertex 37.9476 18.4593 4.9
    endloop
  endfacet
  facet normal -0.336829 -0.941566 -0
    outer loop
      vertex 38.2017 18.3684 4.9
      vertex 37.9476 18.4593 1.6
      vertex 38.2017 18.3684 1.6
    endloop
  endfacet
  facet normal -0.514223 -0.857656 0
    outer loop
      vertex 37.4722 18.7135 1.6
      vertex 37.7037 18.5747 4.9
      vertex 37.4722 18.7135 4.9
    endloop
  endfacet
  facet normal -0.514223 -0.857656 -0
    outer loop
      vertex 37.7037 18.5747 4.9
      vertex 37.4722 18.7135 1.6
      vertex 37.7037 18.5747 1.6
    endloop
  endfacet
  facet normal -0.970012 -0.243059 0
    outer loop
      vertex 36.3684 20.2017 1.6
      vertex 36.3028 20.4635 4.9
      vertex 36.3028 20.4635 1.6
    endloop
  endfacet
  facet normal -0.970012 -0.243059 0
    outer loop
      vertex 36.3028 20.4635 4.9
      vertex 36.3684 20.2017 1.6
      vertex 36.3684 20.2017 4.9
    endloop
  endfacet
  facet normal -0.998803 -0.0489209 0
    outer loop
      vertex 36.2632 20.7305 1.6
      vertex 36.25 21 4.9
      vertex 36.25 21 1.6
    endloop
  endfacet
  facet normal -0.998803 -0.0489209 0
    outer loop
      vertex 36.25 21 4.9
      vertex 36.2632 20.7305 1.6
      vertex 36.2632 20.7305 4.9
    endloop
  endfacet
  facet normal -0.803367 -0.595485 0
    outer loop
      vertex 36.8742 19.2554 1.6
      vertex 36.7135 19.4722 4.9
      vertex 36.7135 19.4722 1.6
    endloop
  endfacet
  facet normal -0.803367 -0.595485 0
    outer loop
      vertex 36.7135 19.4722 4.9
      vertex 36.8742 19.2554 1.6
      vertex 36.8742 19.2554 4.9
    endloop
  endfacet
  facet normal -0.857656 -0.514223 0
    outer loop
      vertex 36.7135 19.4722 1.6
      vertex 36.5747 19.7037 4.9
      vertex 36.5747 19.7037 1.6
    endloop
  endfacet
  facet normal -0.857656 -0.514223 0
    outer loop
      vertex 36.5747 19.7037 4.9
      vertex 36.7135 19.4722 1.6
      vertex 36.7135 19.4722 4.9
    endloop
  endfacet
  facet normal -0.903926 -0.427688 0
    outer loop
      vertex 36.5747 19.7037 1.6
      vertex 36.4593 19.9476 4.9
      vertex 36.4593 19.9476 1.6
    endloop
  endfacet
  facet normal -0.903926 -0.427688 0
    outer loop
      vertex 36.4593 19.9476 4.9
      vertex 36.5747 19.7037 1.6
      vertex 36.5747 19.7037 4.9
    endloop
  endfacet
  facet normal 0.98918 0.14671 0
    outer loop
      vertex 41.7368 21.2695 4.9
      vertex 41.6972 21.5365 1.6
      vertex 41.6972 21.5365 4.9
    endloop
  endfacet
  facet normal 0.98918 0.14671 0
    outer loop
      vertex 41.6972 21.5365 1.6
      vertex 41.7368 21.2695 4.9
      vertex 41.7368 21.2695 1.6
    endloop
  endfacet
  facet normal 0.14671 0.98918 -0
    outer loop
      vertex 39.5365 23.6972 1.6
      vertex 39.2695 23.7368 4.9
      vertex 39.5365 23.6972 4.9
    endloop
  endfacet
  facet normal 0.14671 0.98918 0
    outer loop
      vertex 39.2695 23.7368 4.9
      vertex 39.5365 23.6972 1.6
      vertex 39.2695 23.7368 1.6
    endloop
  endfacet
  facet normal 0 0 1
    outer loop
      vertex 40.25 21 4.9
      vertex 41.75 21 4.9
      vertex 41.7368 21.2695 4.9
    endloop
  endfacet
  facet normal 0 0 1
    outer loop
      vertex 40.244 21.1225 4.9
      vertex 41.7368 21.2695 4.9
      vertex 41.6972 21.5365 4.9
    endloop
  endfacet
  facet normal 0 0 1
    outer loop
      vertex 41.75 21 4.9
      vertex 40.25 21 4.9
      vertex 41.7368 20.7305 4.9
    endloop
  endfacet
  facet normal 0 0 1
    outer loop
      vertex 40.226 21.2439 4.9
      vertex 41.6972 21.5365 4.9
      vertex 41.6316 21.7983 4.9
    endloop
  endfacet
  facet normal -0 0 1
    outer loop
      vertex 40.244 20.8775 4.9
      vertex 41.7368 20.7305 4.9
      vertex 40.25 21 4.9
    endloop
  endfacet
  facet normal 0 0 1
    outer loop
      vertex 40.1962 21.3629 4.9
      vertex 41.6316 21.7983 4.9
      vertex 41.5407 22.0524 4.9
    endloop
  endfacet
  facet normal 0 0 1
    outer loop
      vertex 41.7368 20.7305 4.9
      vertex 40.244 20.8775 4.9
      vertex 41.6972 20.4635 4.9
    endloop
  endfacet
  facet normal 0 0 1
    outer loop
      vertex 40.1549 21.4784 4.9
      vertex 41.5407 22.0524 4.9
      vertex 41.4253 22.2963 4.9
    endloop
  endfacet
  facet normal -0 0 1
    outer loop
      vertex 40.226 20.7561 4.9
      vertex 41.6972 20.4635 4.9
      vertex 40.244 20.8775 4.9
    endloop
  endfacet
  facet normal 0 0 1
    outer loop
      vertex 40.1024 21.5892 4.9
      vertex 41.4253 22.2963 4.9
      vertex 41.2865 22.5278 4.9
    endloop
  endfacet
  facet normal 0 0 1
    outer loop
      vertex 41.6972 20.4635 4.9
      vertex 40.226 20.7561 4.9
      vertex 41.6316 20.2017 4.9
    endloop
  endfacet
  facet normal 0 0 1
    outer loop
      vertex 40.0393 21.6945 4.9
      vertex 41.2865 22.5278 4.9
      vertex 41.1258 22.7446 4.9
    endloop
  endfacet
  facet normal -0 0 1
    outer loop
      vertex 40.1962 20.6371 4.9
      vertex 41.6316 20.2017 4.9
      vertex 40.226 20.7561 4.9
    endloop
  endfacet
  facet normal 0 0 1
    outer loop
      vertex 39.9663 21.793 4.9
      vertex 41.1258 22.7446 4.9
      vertex 40.9445 22.9445 4.9
    endloop
  endfacet
  facet normal 0 0 1
    outer loop
      vertex 41.6316 20.2017 4.9
      vertex 40.1962 20.6371 4.9
      vertex 41.5407 19.9476 4.9
    endloop
  endfacet
  facet normal 0 0 1
    outer loop
      vertex 39.8839 21.8839 4.9
      vertex 40.9445 22.9445 4.9
      vertex 40.7446 23.1258 4.9
    endloop
  endfacet
  facet normal -0 0 1
    outer loop
      vertex 40.1549 20.5216 4.9
      vertex 41.5407 19.9476 4.9
      vertex 40.1962 20.6371 4.9
    endloop
  endfacet
  facet normal 0 0 1
    outer loop
      vertex 39.793 21.9663 4.9
      vertex 40.7446 23.1258 4.9
      vertex 40.5278 23.2865 4.9
    endloop
  endfacet
  facet normal 0 0 1
    outer loop
      vertex 41.5407 19.9476 4.9
      vertex 40.1549 20.5216 4.9
      vertex 41.4253 19.7037 4.9
    endloop
  endfacet
  facet normal 0 0 1
    outer loop
      vertex 39.6945 22.0393 4.9
      vertex 40.5278 23.2865 4.9
      vertex 40.2963 23.4253 4.9
    endloop
  endfacet
  facet normal -0 0 1
    outer loop
      vertex 40.1024 20.4108 4.9
      vertex 41.4253 19.7037 4.9
      vertex 40.1549 20.5216 4.9
    endloop
  endfacet
  facet normal 0 0 1
    outer loop
      vertex 41.4253 19.7037 4.9
      vertex 40.1024 20.4108 4.9
      vertex 41.2865 19.4722 4.9
    endloop
  endfacet
  facet normal 0 0 1
    outer loop
      vertex 41.7368 21.2695 4.9
      vertex 40.244 21.1225 4.9
      vertex 40.25 21 4.9
    endloop
  endfacet
  facet normal 0 0 1
    outer loop
      vertex 41.6972 21.5365 4.9
      vertex 40.226 21.2439 4.9
      vertex 40.244 21.1225 4.9
    endloop
  endfacet
  facet normal 0 0 1
    outer loop
      vertex 41.6316 21.7983 4.9
      vertex 40.1962 21.3629 4.9
      vertex 40.226 21.2439 4.9
    endloop
  endfacet
  facet normal 0 0 1
    outer loop
      vertex 41.5407 22.0524 4.9
      vertex 40.1549 21.4784 4.9
      vertex 40.1962 21.3629 4.9
    endloop
  endfacet
  facet normal 0 0 1
    outer loop
      vertex 41.4253 22.2963 4.9
      vertex 40.1024 21.5892 4.9
      vertex 40.1549 21.4784 4.9
    endloop
  endfacet
  facet normal 0 0 1
    outer loop
      vertex 39.5892 22.1024 4.9
      vertex 40.2963 23.4253 4.9
      vertex 40.0524 23.5407 4.9
    endloop
  endfacet
  facet normal 0 0 1
    outer loop
      vertex 41.2865 22.5278 4.9
      vertex 40.0393 21.6945 4.9
      vertex 40.1024 21.5892 4.9
    endloop
  endfacet
  facet normal 0 0 1
    outer loop
      vertex 41.1258 22.7446 4.9
      vertex 39.9663 21.793 4.9
      vertex 40.0393 21.6945 4.9
    endloop
  endfacet
  facet normal 0 0 1
    outer loop
      vertex 40.9445 22.9445 4.9
      vertex 39.8839 21.8839 4.9
      vertex 39.9663 21.793 4.9
    endloop
  endfacet
  facet normal 0 0 1
    outer loop
      vertex 39.4784 22.1549 4.9
      vertex 40.0524 23.5407 4.9
      vertex 39.7983 23.6316 4.9
    endloop
  endfacet
  facet normal 0 0 1
    outer loop
      vertex 40.7446 23.1258 4.9
      vertex 39.793 21.9663 4.9
      vertex 39.8839 21.8839 4.9
    endloop
  endfacet
  facet normal 0 0 1
    outer loop
      vertex 40.5278 23.2865 4.9
      vertex 39.6945 22.0393 4.9
      vertex 39.793 21.9663 4.9
    endloop
  endfacet
  facet normal 0 0 1
    outer loop
      vertex 40.2963 23.4253 4.9
      vertex 39.5892 22.1024 4.9
      vertex 39.6945 22.0393 4.9
    endloop
  endfacet
  facet normal 0 0 1
    outer loop
      vertex 39.3629 22.1962 4.9
      vertex 39.7983 23.6316 4.9
      vertex 39.5365 23.6972 4.9
    endloop
  endfacet
  facet normal 0 0 1
    outer loop
      vertex 40.0524 23.5407 4.9
      vertex 39.4784 22.1549 4.9
      vertex 39.5892 22.1024 4.9
    endloop
  endfacet
  facet normal 0 0 1
    outer loop
      vertex 39.7983 23.6316 4.9
      vertex 39.3629 22.1962 4.9
      vertex 39.4784 22.1549 4.9
    endloop
  endfacet
  facet normal 0 0 1
    outer loop
      vertex 39.2439 22.226 4.9
      vertex 39.5365 23.6972 4.9
      vertex 39.2695 23.7368 4.9
    endloop
  endfacet
  facet normal 0 0 1
    outer loop
      vertex 39.5365 23.6972 4.9
      vertex 39.2439 22.226 4.9
      vertex 39.3629 22.1962 4.9
    endloop
  endfacet
  facet normal 0 0 1
    outer loop
      vertex 39.2695 23.7368 4.9
      vertex 39.1225 22.244 4.9
      vertex 39.2439 22.226 4.9
    endloop
  endfacet
  facet normal 0 0 1
    outer loop
      vertex 39 23.75 4.9
      vertex 39.1225 22.244 4.9
      vertex 39.2695 23.7368 4.9
    endloop
  endfacet
  facet normal 0 0 1
    outer loop
      vertex 39 23.75 4.9
      vertex 39 22.25 4.9
      vertex 39.1225 22.244 4.9
    endloop
  endfacet
  facet normal 0 0 1
    outer loop
      vertex 39 23.75 4.9
      vertex 38.8775 22.244 4.9
      vertex 39 22.25 4.9
    endloop
  endfacet
  facet normal -0 0 1
    outer loop
      vertex 38.7305 23.7368 4.9
      vertex 38.8775 22.244 4.9
      vertex 39 23.75 4.9
    endloop
  endfacet
  facet normal 0 0 1
    outer loop
      vertex 38.8775 22.244 4.9
      vertex 38.7305 23.7368 4.9
      vertex 38.7561 22.226 4.9
    endloop
  endfacet
  facet normal -0 0 1
    outer loop
      vertex 38.4635 23.6972 4.9
      vertex 38.7561 22.226 4.9
      vertex 38.7305 23.7368 4.9
    endloop
  endfacet
  facet normal 0 0 1
    outer loop
      vertex 38.7561 22.226 4.9
      vertex 38.4635 23.6972 4.9
      vertex 38.6371 22.1962 4.9
    endloop
  endfacet
  facet normal -0 0 1
    outer loop
      vertex 38.2017 23.6316 4.9
      vertex 38.6371 22.1962 4.9
      vertex 38.4635 23.6972 4.9
    endloop
  endfacet
  facet normal 0 0 1
    outer loop
      vertex 38.6371 22.1962 4.9
      vertex 38.2017 23.6316 4.9
      vertex 38.5216 22.1549 4.9
    endloop
  endfacet
  facet normal -0 0 1
    outer loop
      vertex 37.9476 23.5407 4.9
      vertex 38.5216 22.1549 4.9
      vertex 38.2017 23.6316 4.9
    endloop
  endfacet
  facet normal 0 0 1
    outer loop
      vertex 38.5216 22.1549 4.9
      vertex 37.9476 23.5407 4.9
      vertex 38.4108 22.1024 4.9
    endloop
  endfacet
  facet normal -0 0 1
    outer loop
      vertex 37.7037 23.4253 4.9
      vertex 38.4108 22.1024 4.9
      vertex 37.9476 23.5407 4.9
    endloop
  endfacet
  facet normal 0 0 1
    outer loop
      vertex 38.4108 22.1024 4.9
      vertex 37.7037 23.4253 4.9
      vertex 38.3055 22.0393 4.9
    endloop
  endfacet
  facet normal -0 0 1
    outer loop
      vertex 37.4722 23.2865 4.9
      vertex 38.3055 22.0393 4.9
      vertex 37.7037 23.4253 4.9
    endloop
  endfacet
  facet normal 0 0 1
    outer loop
      vertex 38.3055 22.0393 4.9
      vertex 37.4722 23.2865 4.9
      vertex 38.207 21.9663 4.9
    endloop
  endfacet
  facet normal -0 0 1
    outer loop
      vertex 37.2554 23.1258 4.9
      vertex 38.207 21.9663 4.9
      vertex 37.4722 23.2865 4.9
    endloop
  endfacet
  facet normal 0 0 1
    outer loop
      vertex 38.207 21.9663 4.9
      vertex 37.2554 23.1258 4.9
      vertex 38.1161 21.8839 4.9
    endloop
  endfacet
  facet normal -0 0 1
    outer loop
      vertex 37.0555 22.9445 4.9
      vertex 38.1161 21.8839 4.9
      vertex 37.2554 23.1258 4.9
    endloop
  endfacet
  facet normal 0 0 1
    outer loop
      vertex 38.1161 21.8839 4.9
      vertex 37.0555 22.9445 4.9
      vertex 38.0337 21.793 4.9
    endloop
  endfacet
  facet normal -0 0 1
    outer loop
      vertex 36.8742 22.7446 4.9
      vertex 38.0337 21.793 4.9
      vertex 37.0555 22.9445 4.9
    endloop
  endfacet
  facet normal 0 0 1
    outer loop
      vertex 38.0337 21.793 4.9
      vertex 36.8742 22.7446 4.9
      vertex 37.9607 21.6945 4.9
    endloop
  endfacet
  facet normal 0 0 1
    outer loop
      vertex 37.9607 21.6945 4.9
      vertex 36.7135 22.5278 4.9
      vertex 37.8976 21.5892 4.9
    endloop
  endfacet
  facet normal -0 0 1
    outer loop
      vertex 36.7135 22.5278 4.9
      vertex 37.9607 21.6945 4.9
      vertex 36.8742 22.7446 4.9
    endloop
  endfacet
  facet normal -0 0 1
    outer loop
      vertex 40.0393 20.3055 4.9
      vertex 41.2865 19.4722 4.9
      vertex 40.1024 20.4108 4.9
    endloop
  endfacet
  facet normal 0 0 1
    outer loop
      vertex 41.2865 19.4722 4.9
      vertex 40.0393 20.3055 4.9
      vertex 41.1258 19.2554 4.9
    endloop
  endfacet
  facet normal -0 0 1
    outer loop
      vertex 39.9663 20.207 4.9
      vertex 41.1258 19.2554 4.9
      vertex 40.0393 20.3055 4.9
    endloop
  endfacet
  facet normal 0 0 1
    outer loop
      vertex 41.1258 19.2554 4.9
      vertex 39.9663 20.207 4.9
      vertex 40.9445 19.0555 4.9
    endloop
  endfacet
  facet normal -0 0 1
    outer loop
      vertex 39.8839 20.1161 4.9
      vertex 40.9445 19.0555 4.9
      vertex 39.9663 20.207 4.9
    endloop
  endfacet
  facet normal 0 0 1
    outer loop
      vertex 40.9445 19.0555 4.9
      vertex 39.8839 20.1161 4.9
      vertex 40.7446 18.8742 4.9
    endloop
  endfacet
  facet normal -0 0 1
    outer loop
      vertex 39.793 20.0337 4.9
      vertex 40.7446 18.8742 4.9
      vertex 39.8839 20.1161 4.9
    endloop
  endfacet
  facet normal 0 0 1
    outer loop
      vertex 40.7446 18.8742 4.9
      vertex 39.793 20.0337 4.9
      vertex 40.5278 18.7135 4.9
    endloop
  endfacet
  facet normal -0 0 1
    outer loop
      vertex 39.6945 19.9607 4.9
      vertex 40.5278 18.7135 4.9
      vertex 39.793 20.0337 4.9
    endloop
  endfacet
  facet normal 0 0 1
    outer loop
      vertex 40.5278 18.7135 4.9
      vertex 39.6945 19.9607 4.9
      vertex 40.2963 18.5747 4.9
    endloop
  endfacet
  facet normal -0 0 1
    outer loop
      vertex 39.5892 19.8976 4.9
      vertex 40.2963 18.5747 4.9
      vertex 39.6945 19.9607 4.9
    endloop
  endfacet
  facet normal 0 0 1
    outer loop
      vertex 40.2963 18.5747 4.9
      vertex 39.5892 19.8976 4.9
      vertex 40.0524 18.4593 4.9
    endloop
  endfacet
  facet normal -0 0 1
    outer loop
      vertex 39.4784 19.8451 4.9
      vertex 40.0524 18.4593 4.9
      vertex 39.5892 19.8976 4.9
    endloop
  endfacet
  facet normal 0 0 1
    outer loop
      vertex 40.0524 18.4593 4.9
      vertex 39.4784 19.8451 4.9
      vertex 39.7983 18.3684 4.9
    endloop
  endfacet
  facet normal -0 0 1
    outer loop
      vertex 39.3629 19.8038 4.9
      vertex 39.7983 18.3684 4.9
      vertex 39.4784 19.8451 4.9
    endloop
  endfacet
  facet normal 0 0 1
    outer loop
      vertex 39.7983 18.3684 4.9
      vertex 39.3629 19.8038 4.9
      vertex 39.5365 18.3028 4.9
    endloop
  endfacet
  facet normal -0 0 1
    outer loop
      vertex 39.2439 19.774 4.9
      vertex 39.5365 18.3028 4.9
      vertex 39.3629 19.8038 4.9
    endloop
  endfacet
  facet normal 0 0 1
    outer loop
      vertex 39.5365 18.3028 4.9
      vertex 39.2439 19.774 4.9
      vertex 39.2695 18.2632 4.9
    endloop
  endfacet
  facet normal -0 0 1
    outer loop
      vertex 39.1225 19.756 4.9
      vertex 39.2695 18.2632 4.9
      vertex 39.2439 19.774 4.9
    endloop
  endfacet
  facet normal -0 0 1
    outer loop
      vertex 39 19.75 4.9
      vertex 39.2695 18.2632 4.9
      vertex 39.1225 19.756 4.9
    endloop
  endfacet
  facet normal 0 0 1
    outer loop
      vertex 39 19.75 4.9
      vertex 39 18.25 4.9
      vertex 39.2695 18.2632 4.9
    endloop
  endfacet
  facet normal 0 0 1
    outer loop
      vertex 38.8775 19.756 4.9
      vertex 39 18.25 4.9
      vertex 39 19.75 4.9
    endloop
  endfacet
  facet normal 0 0 1
    outer loop
      vertex 38.7305 18.2632 4.9
      vertex 38.8775 19.756 4.9
      vertex 38.7561 19.774 4.9
    endloop
  endfacet
  facet normal 0 0 1
    outer loop
      vertex 38.8775 19.756 4.9
      vertex 38.7305 18.2632 4.9
      vertex 39 18.25 4.9
    endloop
  endfacet
  facet normal 0 0 1
    outer loop
      vertex 38.4635 18.3028 4.9
      vertex 38.7561 19.774 4.9
      vertex 38.6371 19.8038 4.9
    endloop
  endfacet
  facet normal 0 0 1
    outer loop
      vertex 38.2017 18.3684 4.9
      vertex 38.6371 19.8038 4.9
      vertex 38.5216 19.8451 4.9
    endloop
  endfacet
  facet normal 0 0 1
    outer loop
      vertex 38.7561 19.774 4.9
      vertex 38.4635 18.3028 4.9
      vertex 38.7305 18.2632 4.9
    endloop
  endfacet
  facet normal 0 0 1
    outer loop
      vertex 37.9476 18.4593 4.9
      vertex 38.5216 19.8451 4.9
      vertex 38.4108 19.8976 4.9
    endloop
  endfacet
  facet normal 0 0 1
    outer loop
      vertex 37.7037 18.5747 4.9
      vertex 38.4108 19.8976 4.9
      vertex 38.3055 19.9607 4.9
    endloop
  endfacet
  facet normal 0 0 1
    outer loop
      vertex 37.4722 18.7135 4.9
      vertex 38.3055 19.9607 4.9
      vertex 38.207 20.0337 4.9
    endloop
  endfacet
  facet normal 0 0 1
    outer loop
      vertex 38.6371 19.8038 4.9
      vertex 38.2017 18.3684 4.9
      vertex 38.4635 18.3028 4.9
    endloop
  endfacet
  facet normal 0 0 1
    outer loop
      vertex 37.2554 18.8742 4.9
      vertex 38.207 20.0337 4.9
      vertex 38.1161 20.1161 4.9
    endloop
  endfacet
  facet normal 0 0 1
    outer loop
      vertex 37.0555 19.0555 4.9
      vertex 38.1161 20.1161 4.9
      vertex 38.0337 20.207 4.9
    endloop
  endfacet
  facet normal 0 0 1
    outer loop
      vertex 36.8742 19.2554 4.9
      vertex 38.0337 20.207 4.9
      vertex 37.9607 20.3055 4.9
    endloop
  endfacet
  facet normal 0 0 1
    outer loop
      vertex 38.5216 19.8451 4.9
      vertex 37.9476 18.4593 4.9
      vertex 38.2017 18.3684 4.9
    endloop
  endfacet
  facet normal 0 0 1
    outer loop
      vertex 36.7135 19.4722 4.9
      vertex 37.9607 20.3055 4.9
      vertex 37.8976 20.4108 4.9
    endloop
  endfacet
  facet normal 0 0 1
    outer loop
      vertex 36.5747 19.7037 4.9
      vertex 37.8976 20.4108 4.9
      vertex 37.8451 20.5216 4.9
    endloop
  endfacet
  facet normal 0 0 1
    outer loop
      vertex 36.4593 19.9476 4.9
      vertex 37.8451 20.5216 4.9
      vertex 37.8038 20.6371 4.9
    endloop
  endfacet
  facet normal 0 0 1
    outer loop
      vertex 36.3684 20.2017 4.9
      vertex 37.8038 20.6371 4.9
      vertex 37.774 20.7561 4.9
    endloop
  endfacet
  facet normal 0 0 1
    outer loop
      vertex 36.3028 20.4635 4.9
      vertex 37.774 20.7561 4.9
      vertex 37.756 20.8775 4.9
    endloop
  endfacet
  facet normal 0 0 1
    outer loop
      vertex 38.4108 19.8976 4.9
      vertex 37.7037 18.5747 4.9
      vertex 37.9476 18.4593 4.9
    endloop
  endfacet
  facet normal 0 0 1
    outer loop
      vertex 36.2632 20.7305 4.9
      vertex 37.756 20.8775 4.9
      vertex 37.75 21 4.9
    endloop
  endfacet
  facet normal -0 0 1
    outer loop
      vertex 36.5747 22.2963 4.9
      vertex 37.8976 21.5892 4.9
      vertex 36.7135 22.5278 4.9
    endloop
  endfacet
  facet normal 0 0 1
    outer loop
      vertex 37.8976 21.5892 4.9
      vertex 36.5747 22.2963 4.9
      vertex 37.8451 21.4784 4.9
    endloop
  endfacet
  facet normal 0 0 1
    outer loop
      vertex 38.3055 19.9607 4.9
      vertex 37.4722 18.7135 4.9
      vertex 37.7037 18.5747 4.9
    endloop
  endfacet
  facet normal -0 0 1
    outer loop
      vertex 36.4593 22.0524 4.9
      vertex 37.8451 21.4784 4.9
      vertex 36.5747 22.2963 4.9
    endloop
  endfacet
  facet normal 0 0 1
    outer loop
      vertex 38.207 20.0337 4.9
      vertex 37.2554 18.8742 4.9
      vertex 37.4722 18.7135 4.9
    endloop
  endfacet
  facet normal 0 0 1
    outer loop
      vertex 37.8451 21.4784 4.9
      vertex 36.4593 22.0524 4.9
      vertex 37.8038 21.3629 4.9
    endloop
  endfacet
  facet normal 0 0 1
    outer loop
      vertex 38.1161 20.1161 4.9
      vertex 37.0555 19.0555 4.9
      vertex 37.2554 18.8742 4.9
    endloop
  endfacet
  facet normal -0 0 1
    outer loop
      vertex 36.3684 21.7983 4.9
      vertex 37.8038 21.3629 4.9
      vertex 36.4593 22.0524 4.9
    endloop
  endfacet
  facet normal 0 0 1
    outer loop
      vertex 38.0337 20.207 4.9
      vertex 36.8742 19.2554 4.9
      vertex 37.0555 19.0555 4.9
    endloop
  endfacet
  facet normal 0 0 1
    outer loop
      vertex 37.8038 21.3629 4.9
      vertex 36.3684 21.7983 4.9
      vertex 37.774 21.2439 4.9
    endloop
  endfacet
  facet normal 0 0 1
    outer loop
      vertex 37.9607 20.3055 4.9
      vertex 36.7135 19.4722 4.9
      vertex 36.8742 19.2554 4.9
    endloop
  endfacet
  facet normal -0 0 1
    outer loop
      vertex 36.3028 21.5365 4.9
      vertex 37.774 21.2439 4.9
      vertex 36.3684 21.7983 4.9
    endloop
  endfacet
  facet normal 0 0 1
    outer loop
      vertex 37.8976 20.4108 4.9
      vertex 36.5747 19.7037 4.9
      vertex 36.7135 19.4722 4.9
    endloop
  endfacet
  facet normal 0 0 1
    outer loop
      vertex 37.774 21.2439 4.9
      vertex 36.3028 21.5365 4.9
      vertex 37.756 21.1225 4.9
    endloop
  endfacet
  facet normal 0 0 1
    outer loop
      vertex 37.8451 20.5216 4.9
      vertex 36.4593 19.9476 4.9
      vertex 36.5747 19.7037 4.9
    endloop
  endfacet
  facet normal -0 0 1
    outer loop
      vertex 36.2632 21.2695 4.9
      vertex 37.756 21.1225 4.9
      vertex 36.3028 21.5365 4.9
    endloop
  endfacet
  facet normal 0 0 1
    outer loop
      vertex 37.8038 20.6371 4.9
      vertex 36.3684 20.2017 4.9
      vertex 36.4593 19.9476 4.9
    endloop
  endfacet
  facet normal 0 0 1
    outer loop
      vertex 37.756 21.1225 4.9
      vertex 36.2632 21.2695 4.9
      vertex 37.75 21 4.9
    endloop
  endfacet
  facet normal 0 0 1
    outer loop
      vertex 37.774 20.7561 4.9
      vertex 36.3028 20.4635 4.9
      vertex 36.3684 20.2017 4.9
    endloop
  endfacet
  facet normal 0 0 1
    outer loop
      vertex 36.25 21 4.9
      vertex 37.75 21 4.9
      vertex 36.2632 21.2695 4.9
    endloop
  endfacet
  facet normal 0 0 1
    outer loop
      vertex 37.756 20.8775 4.9
      vertex 36.2632 20.7305 4.9
      vertex 36.3028 20.4635 4.9
    endloop
  endfacet
  facet normal 0 0 1
    outer loop
      vertex 37.75 21 4.9
      vertex 36.25 21 4.9
      vertex 36.2632 20.7305 4.9
    endloop
  endfacet
  facet normal -0.98918 0.14671 0
    outer loop
      vertex 36.2632 21.2695 1.6
      vertex 36.3028 21.5365 4.9
      vertex 36.3028 21.5365 1.6
    endloop
  endfacet
  facet normal -0.98918 0.14671 0
    outer loop
      vertex 36.3028 21.5365 4.9
      vertex 36.2632 21.2695 1.6
      vertex 36.2632 21.2695 4.9
    endloop
  endfacet
  facet normal 0.98918 -0.14671 0
    outer loop
      vertex 41.6972 20.4635 4.9
      vertex 41.7368 20.7305 1.6
      vertex 41.7368 20.7305 4.9
    endloop
  endfacet
  facet normal 0.98918 -0.14671 0
    outer loop
      vertex 41.7368 20.7305 1.6
      vertex 41.6972 20.4635 4.9
      vertex 41.6972 20.4635 1.6
    endloop
  endfacet
  facet normal 0.803367 -0.595485 0
    outer loop
      vertex 41.1258 19.2554 4.9
      vertex 41.2865 19.4722 1.6
      vertex 41.2865 19.4722 4.9
    endloop
  endfacet
  facet normal 0.803367 -0.595485 0
    outer loop
      vertex 41.2865 19.4722 1.6
      vertex 41.1258 19.2554 4.9
      vertex 41.1258 19.2554 1.6
    endloop
  endfacet
  facet normal 0.857656 -0.514223 0
    outer loop
      vertex 41.2865 19.4722 4.9
      vertex 41.4253 19.7037 1.6
      vertex 41.4253 19.7037 4.9
    endloop
  endfacet
  facet normal 0.857656 -0.514223 0
    outer loop
      vertex 41.4253 19.7037 1.6
      vertex 41.2865 19.4722 4.9
      vertex 41.2865 19.4722 1.6
    endloop
  endfacet
  facet normal 0.243059 -0.970012 0
    outer loop
      vertex 39.5365 18.3028 1.6
      vertex 39.7983 18.3684 4.9
      vertex 39.5365 18.3028 4.9
    endloop
  endfacet
  facet normal 0.243059 -0.970012 0
    outer loop
      vertex 39.7983 18.3684 4.9
      vertex 39.5365 18.3028 1.6
      vertex 39.7983 18.3684 1.6
    endloop
  endfacet
  facet normal 0.427688 -0.903926 0
    outer loop
      vertex 40.0524 18.4593 1.6
      vertex 40.2963 18.5747 4.9
      vertex 40.0524 18.4593 4.9
    endloop
  endfacet
  facet normal 0.427688 -0.903926 0
    outer loop
      vertex 40.2963 18.5747 4.9
      vertex 40.0524 18.4593 1.6
      vertex 40.2963 18.5747 1.6
    endloop
  endfacet
  facet normal 0.336829 -0.941566 0
    outer loop
      vertex 39.7983 18.3684 1.6
      vertex 40.0524 18.4593 4.9
      vertex 39.7983 18.3684 4.9
    endloop
  endfacet
  facet normal 0.336829 -0.941566 0
    outer loop
      vertex 40.0524 18.4593 4.9
      vertex 39.7983 18.3684 1.6
      vertex 40.0524 18.4593 1.6
    endloop
  endfacet
  facet normal 0.595485 -0.803367 0
    outer loop
      vertex 40.5278 18.7135 1.6
      vertex 40.7446 18.8742 4.9
      vertex 40.5278 18.7135 4.9
    endloop
  endfacet
  facet normal 0.595485 -0.803367 0
    outer loop
      vertex 40.7446 18.8742 4.9
      vertex 40.5278 18.7135 1.6
      vertex 40.7446 18.8742 1.6
    endloop
  endfacet
  facet normal -0.243059 -0.970012 0
    outer loop
      vertex 38.2017 18.3684 1.6
      vertex 38.4635 18.3028 4.9
      vertex 38.2017 18.3684 4.9
    endloop
  endfacet
  facet normal -0.243059 -0.970012 -0
    outer loop
      vertex 38.4635 18.3028 4.9
      vertex 38.2017 18.3684 1.6
      vertex 38.4635 18.3028 1.6
    endloop
  endfacet
  facet normal -0.595485 -0.803367 0
    outer loop
      vertex 37.2554 18.8742 1.6
      vertex 37.4722 18.7135 4.9
      vertex 37.2554 18.8742 4.9
    endloop
  endfacet
  facet normal -0.595485 -0.803367 -0
    outer loop
      vertex 37.4722 18.7135 4.9
      vertex 37.2554 18.8742 1.6
      vertex 37.4722 18.7135 1.6
    endloop
  endfacet
  facet normal -0.941566 -0.336829 0
    outer loop
      vertex 36.4593 19.9476 1.6
      vertex 36.3684 20.2017 4.9
      vertex 36.3684 20.2017 1.6
    endloop
  endfacet
  facet normal -0.941566 -0.336829 0
    outer loop
      vertex 36.3684 20.2017 4.9
      vertex 36.4593 19.9476 1.6
      vertex 36.4593 19.9476 4.9
    endloop
  endfacet
  facet normal 0.970012 -0.243059 0
    outer loop
      vertex 41.6316 20.2017 4.9
      vertex 41.6972 20.4635 1.6
      vertex 41.6972 20.4635 4.9
    endloop
  endfacet
  facet normal 0.970012 -0.243059 0
    outer loop
      vertex 41.6972 20.4635 1.6
      vertex 41.6316 20.2017 4.9
      vertex 41.6316 20.2017 1.6
    endloop
  endfacet
  facet normal 0.941566 -0.336829 0
    outer loop
      vertex 41.5407 19.9476 4.9
      vertex 41.6316 20.2017 1.6
      vertex 41.6316 20.2017 4.9
    endloop
  endfacet
  facet normal 0.941566 -0.336829 0
    outer loop
      vertex 41.6316 20.2017 1.6
      vertex 41.5407 19.9476 4.9
      vertex 41.5407 19.9476 1.6
    endloop
  endfacet
  facet normal -0.998803 -0.0489209 0
    outer loop
      vertex 40.25 21 1.6
      vertex 40.244 21.1225 4.9
      vertex 40.244 21.1225 1.6
    endloop
  endfacet
  facet normal -0.998803 -0.0489209 0
    outer loop
      vertex 40.244 21.1225 4.9
      vertex 40.25 21 1.6
      vertex 40.25 21 4.9
    endloop
  endfacet
  facet normal 0.998803 -0.0489209 0
    outer loop
      vertex 37.75 21 4.9
      vertex 37.756 21.1225 1.6
      vertex 37.756 21.1225 4.9
    endloop
  endfacet
  facet normal 0.998803 -0.0489209 0
    outer loop
      vertex 37.756 21.1225 1.6
      vertex 37.75 21 4.9
      vertex 37.75 21 1.6
    endloop
  endfacet
  facet normal -0.0489209 -0.998803 0
    outer loop
      vertex 39 22.25 1.6
      vertex 39.1225 22.244 4.9
      vertex 39 22.25 4.9
    endloop
  endfacet
  facet normal -0.0489209 -0.998803 -0
    outer loop
      vertex 39.1225 22.244 4.9
      vertex 39 22.25 1.6
      vertex 39.1225 22.244 1.6
    endloop
  endfacet
  facet normal -0.740898 -0.671617 0
    outer loop
      vertex 39.9663 21.793 1.6
      vertex 39.8839 21.8839 4.9
      vertex 39.8839 21.8839 1.6
    endloop
  endfacet
  facet normal -0.740898 -0.671617 0
    outer loop
      vertex 39.8839 21.8839 4.9
      vertex 39.9663 21.793 1.6
      vertex 39.9663 21.793 4.9
    endloop
  endfacet
  facet normal 0.671617 -0.740898 0
    outer loop
      vertex 38.1161 21.8839 1.6
      vertex 38.207 21.9663 4.9
      vertex 38.1161 21.8839 4.9
    endloop
  endfacet
  facet normal 0.671617 -0.740898 0
    outer loop
      vertex 38.207 21.9663 4.9
      vertex 38.1161 21.8839 1.6
      vertex 38.207 21.9663 1.6
    endloop
  endfacet
  facet normal 0.336698 -0.941613 0
    outer loop
      vertex 38.5216 22.1549 1.6
      vertex 38.6371 22.1962 4.9
      vertex 38.5216 22.1549 4.9
    endloop
  endfacet
  facet normal 0.336698 -0.941613 0
    outer loop
      vertex 38.6371 22.1962 4.9
      vertex 38.5216 22.1549 1.6
      vertex 38.6371 22.1962 1.6
    endloop
  endfacet
  facet normal 0.941613 0.336698 0
    outer loop
      vertex 37.8451 20.5216 4.9
      vertex 37.8038 20.6371 1.6
      vertex 37.8038 20.6371 4.9
    endloop
  endfacet
  facet normal 0.941613 0.336698 0
    outer loop
      vertex 37.8038 20.6371 1.6
      vertex 37.8451 20.5216 4.9
      vertex 37.8451 20.5216 1.6
    endloop
  endfacet
  facet normal -0.941613 -0.336698 0
    outer loop
      vertex 40.1962 21.3629 1.6
      vertex 40.1549 21.4784 4.9
      vertex 40.1549 21.4784 1.6
    endloop
  endfacet
  facet normal -0.941613 -0.336698 0
    outer loop
      vertex 40.1549 21.4784 4.9
      vertex 40.1962 21.3629 1.6
      vertex 40.1962 21.3629 4.9
    endloop
  endfacet
  facet normal -0.428192 -0.903688 0
    outer loop
      vertex 39.4784 22.1549 1.6
      vertex 39.5892 22.1024 4.9
      vertex 39.4784 22.1549 4.9
    endloop
  endfacet
  facet normal -0.428192 -0.903688 -0
    outer loop
      vertex 39.5892 22.1024 4.9
      vertex 39.4784 22.1549 1.6
      vertex 39.5892 22.1024 1.6
    endloop
  endfacet
  facet normal -0.595423 -0.803413 0
    outer loop
      vertex 39.6945 22.0393 1.6
      vertex 39.793 21.9663 4.9
      vertex 39.6945 22.0393 4.9
    endloop
  endfacet
  facet normal -0.595423 -0.803413 -0
    outer loop
      vertex 39.793 21.9663 4.9
      vertex 39.6945 22.0393 1.6
      vertex 39.793 21.9663 1.6
    endloop
  endfacet
  facet normal 0.903688 -0.428192 0
    outer loop
      vertex 37.8451 21.4784 4.9
      vertex 37.8976 21.5892 1.6
      vertex 37.8976 21.5892 4.9
    endloop
  endfacet
  facet normal 0.903688 -0.428192 0
    outer loop
      vertex 37.8976 21.5892 1.6
      vertex 37.8451 21.4784 4.9
      vertex 37.8451 21.4784 1.6
    endloop
  endfacet
  facet normal 0.146667 -0.989186 0
    outer loop
      vertex 38.7561 22.226 1.6
      vertex 38.8775 22.244 4.9
      vertex 38.7561 22.226 4.9
    endloop
  endfacet
  facet normal 0.146667 -0.989186 0
    outer loop
      vertex 38.8775 22.244 4.9
      vertex 38.7561 22.226 1.6
      vertex 38.8775 22.244 1.6
    endloop
  endfacet
  facet normal -0.941613 0.336698 0
    outer loop
      vertex 40.1549 20.5216 1.6
      vertex 40.1962 20.6371 4.9
      vertex 40.1962 20.6371 1.6
    endloop
  endfacet
  facet normal -0.941613 0.336698 0
    outer loop
      vertex 40.1962 20.6371 4.9
      vertex 40.1549 20.5216 1.6
      vertex 40.1549 20.5216 4.9
    endloop
  endfacet
  facet normal -0.970047 -0.242919 0
    outer loop
      vertex 40.226 21.2439 1.6
      vertex 40.1962 21.3629 4.9
      vertex 40.1962 21.3629 1.6
    endloop
  endfacet
  facet normal -0.970047 -0.242919 0
    outer loop
      vertex 40.1962 21.3629 4.9
      vertex 40.226 21.2439 1.6
      vertex 40.226 21.2439 4.9
    endloop
  endfacet
  facet normal -0.989186 -0.146667 0
    outer loop
      vertex 40.244 21.1225 1.6
      vertex 40.226 21.2439 4.9
      vertex 40.226 21.2439 1.6
    endloop
  endfacet
  facet normal -0.989186 -0.146667 0
    outer loop
      vertex 40.226 21.2439 4.9
      vertex 40.244 21.1225 1.6
      vertex 40.244 21.1225 4.9
    endloop
  endfacet
  facet normal -0.85778 -0.514016 0
    outer loop
      vertex 40.1024 21.5892 1.6
      vertex 40.0393 21.6945 4.9
      vertex 40.0393 21.6945 1.6
    endloop
  endfacet
  facet normal -0.85778 -0.514016 0
    outer loop
      vertex 40.0393 21.6945 4.9
      vertex 40.1024 21.5892 1.6
      vertex 40.1024 21.5892 4.9
    endloop
  endfacet
  facet normal -0.803413 -0.595423 0
    outer loop
      vertex 40.0393 21.6945 1.6
      vertex 39.9663 21.793 4.9
      vertex 39.9663 21.793 1.6
    endloop
  endfacet
  facet normal -0.803413 -0.595423 0
    outer loop
      vertex 39.9663 21.793 4.9
      vertex 40.0393 21.6945 1.6
      vertex 40.0393 21.6945 4.9
    endloop
  endfacet
  facet normal -0.903688 -0.428192 0
    outer loop
      vertex 40.1549 21.4784 1.6
      vertex 40.1024 21.5892 4.9
      vertex 40.1024 21.5892 1.6
    endloop
  endfacet
  facet normal -0.903688 -0.428192 0
    outer loop
      vertex 40.1024 21.5892 4.9
      vertex 40.1549 21.4784 1.6
      vertex 40.1549 21.4784 4.9
    endloop
  endfacet
  facet normal -0.242919 -0.970047 0
    outer loop
      vertex 39.2439 22.226 1.6
      vertex 39.3629 22.1962 4.9
      vertex 39.2439 22.226 4.9
    endloop
  endfacet
  facet normal -0.242919 -0.970047 -0
    outer loop
      vertex 39.3629 22.1962 4.9
      vertex 39.2439 22.226 1.6
      vertex 39.3629 22.1962 1.6
    endloop
  endfacet
  facet normal -0.336698 -0.941613 0
    outer loop
      vertex 39.3629 22.1962 1.6
      vertex 39.4784 22.1549 4.9
      vertex 39.3629 22.1962 4.9
    endloop
  endfacet
  facet normal -0.336698 -0.941613 -0
    outer loop
      vertex 39.4784 22.1549 4.9
      vertex 39.3629 22.1962 1.6
      vertex 39.4784 22.1549 1.6
    endloop
  endfacet
  facet normal -0.146667 -0.989186 0
    outer loop
      vertex 39.1225 22.244 1.6
      vertex 39.2439 22.226 4.9
      vertex 39.1225 22.244 4.9
    endloop
  endfacet
  facet normal -0.146667 -0.989186 -0
    outer loop
      vertex 39.2439 22.226 4.9
      vertex 39.1225 22.244 1.6
      vertex 39.2439 22.226 1.6
    endloop
  endfacet
  facet normal -0.514016 -0.85778 0
    outer loop
      vertex 39.5892 22.1024 1.6
      vertex 39.6945 22.0393 4.9
      vertex 39.5892 22.1024 4.9
    endloop
  endfacet
  facet normal -0.514016 -0.85778 -0
    outer loop
      vertex 39.6945 22.0393 4.9
      vertex 39.5892 22.1024 1.6
      vertex 39.6945 22.0393 1.6
    endloop
  endfacet
  facet normal -0.671617 -0.740898 0
    outer loop
      vertex 39.793 21.9663 1.6
      vertex 39.8839 21.8839 4.9
      vertex 39.793 21.9663 4.9
    endloop
  endfacet
  facet normal -0.671617 -0.740898 -0
    outer loop
      vertex 39.8839 21.8839 4.9
      vertex 39.793 21.9663 1.6
      vertex 39.8839 21.8839 1.6
    endloop
  endfacet
  facet normal 0.970047 -0.242919 0
    outer loop
      vertex 37.774 21.2439 4.9
      vertex 37.8038 21.3629 1.6
      vertex 37.8038 21.3629 4.9
    endloop
  endfacet
  facet normal 0.970047 -0.242919 0
    outer loop
      vertex 37.8038 21.3629 1.6
      vertex 37.774 21.2439 4.9
      vertex 37.774 21.2439 1.6
    endloop
  endfacet
  facet normal 0.803413 -0.595423 0
    outer loop
      vertex 37.9607 21.6945 4.9
      vertex 38.0337 21.793 1.6
      vertex 38.0337 21.793 4.9
    endloop
  endfacet
  facet normal 0.803413 -0.595423 0
    outer loop
      vertex 38.0337 21.793 1.6
      vertex 37.9607 21.6945 4.9
      vertex 37.9607 21.6945 1.6
    endloop
  endfacet
  facet normal 0.740898 -0.671617 0
    outer loop
      vertex 38.0337 21.793 4.9
      vertex 38.1161 21.8839 1.6
      vertex 38.1161 21.8839 4.9
    endloop
  endfacet
  facet normal 0.740898 -0.671617 0
    outer loop
      vertex 38.1161 21.8839 1.6
      vertex 38.0337 21.793 4.9
      vertex 38.0337 21.793 1.6
    endloop
  endfacet
  facet normal 0.85778 -0.514016 0
    outer loop
      vertex 37.8976 21.5892 4.9
      vertex 37.9607 21.6945 1.6
      vertex 37.9607 21.6945 4.9
    endloop
  endfacet
  facet normal 0.85778 -0.514016 0
    outer loop
      vertex 37.9607 21.6945 1.6
      vertex 37.8976 21.5892 4.9
      vertex 37.8976 21.5892 1.6
    endloop
  endfacet
  facet normal 0.941613 -0.336698 0
    outer loop
      vertex 37.8038 21.3629 4.9
      vertex 37.8451 21.4784 1.6
      vertex 37.8451 21.4784 4.9
    endloop
  endfacet
  facet normal 0.941613 -0.336698 0
    outer loop
      vertex 37.8451 21.4784 1.6
      vertex 37.8038 21.3629 4.9
      vertex 37.8038 21.3629 1.6
    endloop
  endfacet
  facet normal 0.989186 -0.146667 0
    outer loop
      vertex 37.756 21.1225 4.9
      vertex 37.774 21.2439 1.6
      vertex 37.774 21.2439 4.9
    endloop
  endfacet
  facet normal 0.989186 -0.146667 0
    outer loop
      vertex 37.774 21.2439 1.6
      vertex 37.756 21.1225 4.9
      vertex 37.756 21.1225 1.6
    endloop
  endfacet
  facet normal 0.514016 -0.85778 0
    outer loop
      vertex 38.3055 22.0393 1.6
      vertex 38.4108 22.1024 4.9
      vertex 38.3055 22.0393 4.9
    endloop
  endfacet
  facet normal 0.514016 -0.85778 0
    outer loop
      vertex 38.4108 22.1024 4.9
      vertex 38.3055 22.0393 1.6
      vertex 38.4108 22.1024 1.6
    endloop
  endfacet
  facet normal 0.428192 -0.903688 0
    outer loop
      vertex 38.4108 22.1024 1.6
      vertex 38.5216 22.1549 4.9
      vertex 38.4108 22.1024 4.9
    endloop
  endfacet
  facet normal 0.428192 -0.903688 0
    outer loop
      vertex 38.5216 22.1549 4.9
      vertex 38.4108 22.1024 1.6
      vertex 38.5216 22.1549 1.6
    endloop
  endfacet
  facet normal 0.595423 -0.803413 0
    outer loop
      vertex 38.207 21.9663 1.6
      vertex 38.3055 22.0393 4.9
      vertex 38.207 21.9663 4.9
    endloop
  endfacet
  facet normal 0.595423 -0.803413 0
    outer loop
      vertex 38.3055 22.0393 4.9
      vertex 38.207 21.9663 1.6
      vertex 38.3055 22.0393 1.6
    endloop
  endfacet
  facet normal 0.242919 -0.970047 0
    outer loop
      vertex 38.6371 22.1962 1.6
      vertex 38.7561 22.226 4.9
      vertex 38.6371 22.1962 4.9
    endloop
  endfacet
  facet normal 0.242919 -0.970047 0
    outer loop
      vertex 38.7561 22.226 4.9
      vertex 38.6371 22.1962 1.6
      vertex 38.7561 22.226 1.6
    endloop
  endfacet
  facet normal 0.0489209 -0.998803 0
    outer loop
      vertex 38.8775 22.244 1.6
      vertex 39 22.25 4.9
      vertex 38.8775 22.244 4.9
    endloop
  endfacet
  facet normal 0.0489209 -0.998803 0
    outer loop
      vertex 39 22.25 4.9
      vertex 38.8775 22.244 1.6
      vertex 39 22.25 1.6
    endloop
  endfacet
  facet normal -0.0489209 0.998803 0
    outer loop
      vertex 39.1225 19.756 1.6
      vertex 39 19.75 4.9
      vertex 39.1225 19.756 4.9
    endloop
  endfacet
  facet normal -0.0489209 0.998803 0
    outer loop
      vertex 39 19.75 4.9
      vertex 39.1225 19.756 1.6
      vertex 39 19.75 1.6
    endloop
  endfacet
  facet normal -0.242919 0.970047 0
    outer loop
      vertex 39.3629 19.8038 1.6
      vertex 39.2439 19.774 4.9
      vertex 39.3629 19.8038 4.9
    endloop
  endfacet
  facet normal -0.242919 0.970047 0
    outer loop
      vertex 39.2439 19.774 4.9
      vertex 39.3629 19.8038 1.6
      vertex 39.2439 19.774 1.6
    endloop
  endfacet
  facet normal -0.595423 0.803413 0
    outer loop
      vertex 39.793 20.0337 1.6
      vertex 39.6945 19.9607 4.9
      vertex 39.793 20.0337 4.9
    endloop
  endfacet
  facet normal -0.595423 0.803413 0
    outer loop
      vertex 39.6945 19.9607 4.9
      vertex 39.793 20.0337 1.6
      vertex 39.6945 19.9607 1.6
    endloop
  endfacet
  facet normal -0.428192 0.903688 0
    outer loop
      vertex 39.5892 19.8976 1.6
      vertex 39.4784 19.8451 4.9
      vertex 39.5892 19.8976 4.9
    endloop
  endfacet
  facet normal -0.428192 0.903688 0
    outer loop
      vertex 39.4784 19.8451 4.9
      vertex 39.5892 19.8976 1.6
      vertex 39.4784 19.8451 1.6
    endloop
  endfacet
  facet normal -0.740898 0.671617 0
    outer loop
      vertex 39.8839 20.1161 1.6
      vertex 39.9663 20.207 4.9
      vertex 39.9663 20.207 1.6
    endloop
  endfacet
  facet normal -0.740898 0.671617 0
    outer loop
      vertex 39.9663 20.207 4.9
      vertex 39.8839 20.1161 1.6
      vertex 39.8839 20.1161 4.9
    endloop
  endfacet
  facet normal -0.85778 0.514016 0
    outer loop
      vertex 40.0393 20.3055 1.6
      vertex 40.1024 20.4108 4.9
      vertex 40.1024 20.4108 1.6
    endloop
  endfacet
  facet normal -0.85778 0.514016 0
    outer loop
      vertex 40.1024 20.4108 4.9
      vertex 40.0393 20.3055 1.6
      vertex 40.0393 20.3055 4.9
    endloop
  endfacet
  facet normal 0.671617 0.740898 -0
    outer loop
      vertex 38.207 20.0337 1.6
      vertex 38.1161 20.1161 4.9
      vertex 38.207 20.0337 4.9
    endloop
  endfacet
  facet normal 0.671617 0.740898 0
    outer loop
      vertex 38.1161 20.1161 4.9
      vertex 38.207 20.0337 1.6
      vertex 38.1161 20.1161 1.6
    endloop
  endfacet
  facet normal 0.514016 0.85778 -0
    outer loop
      vertex 38.4108 19.8976 1.6
      vertex 38.3055 19.9607 4.9
      vertex 38.4108 19.8976 4.9
    endloop
  endfacet
  facet normal 0.514016 0.85778 0
    outer loop
      vertex 38.3055 19.9607 4.9
      vertex 38.4108 19.8976 1.6
      vertex 38.3055 19.9607 1.6
    endloop
  endfacet
  facet normal 0.336698 0.941613 -0
    outer loop
      vertex 38.6371 19.8038 1.6
      vertex 38.5216 19.8451 4.9
      vertex 38.6371 19.8038 4.9
    endloop
  endfacet
  facet normal 0.336698 0.941613 0
    outer loop
      vertex 38.5216 19.8451 4.9
      vertex 38.6371 19.8038 1.6
      vertex 38.5216 19.8451 1.6
    endloop
  endfacet
  facet normal 0.146667 0.989186 -0
    outer loop
      vertex 38.8775 19.756 1.6
      vertex 38.7561 19.774 4.9
      vertex 38.8775 19.756 4.9
    endloop
  endfacet
  facet normal 0.146667 0.989186 0
    outer loop
      vertex 38.7561 19.774 4.9
      vertex 38.8775 19.756 1.6
      vertex 38.7561 19.774 1.6
    endloop
  endfacet
  facet normal 0.903688 0.428192 0
    outer loop
      vertex 37.8976 20.4108 4.9
      vertex 37.8451 20.5216 1.6
      vertex 37.8451 20.5216 4.9
    endloop
  endfacet
  facet normal 0.903688 0.428192 0
    outer loop
      vertex 37.8451 20.5216 1.6
      vertex 37.8976 20.4108 4.9
      vertex 37.8976 20.4108 1.6
    endloop
  endfacet
  facet normal 0.803413 0.595423 0
    outer loop
      vertex 38.0337 20.207 4.9
      vertex 37.9607 20.3055 1.6
      vertex 37.9607 20.3055 4.9
    endloop
  endfacet
  facet normal 0.803413 0.595423 0
    outer loop
      vertex 37.9607 20.3055 1.6
      vertex 38.0337 20.207 4.9
      vertex 38.0337 20.207 1.6
    endloop
  endfacet
  facet normal 0.970047 0.242919 0
    outer loop
      vertex 37.8038 20.6371 4.9
      vertex 37.774 20.7561 1.6
      vertex 37.774 20.7561 4.9
    endloop
  endfacet
  facet normal 0.970047 0.242919 0
    outer loop
      vertex 37.774 20.7561 1.6
      vertex 37.8038 20.6371 4.9
      vertex 37.8038 20.6371 1.6
    endloop
  endfacet
  facet normal 0.998803 0.0489209 0
    outer loop
      vertex 37.756 20.8775 4.9
      vertex 37.75 21 1.6
      vertex 37.75 21 4.9
    endloop
  endfacet
  facet normal 0.998803 0.0489209 0
    outer loop
      vertex 37.75 21 1.6
      vertex 37.756 20.8775 4.9
      vertex 37.756 20.8775 1.6
    endloop
  endfacet
  facet normal -0.146667 0.989186 0
    outer loop
      vertex 39.2439 19.774 1.6
      vertex 39.1225 19.756 4.9
      vertex 39.2439 19.774 4.9
    endloop
  endfacet
  facet normal -0.146667 0.989186 0
    outer loop
      vertex 39.1225 19.756 4.9
      vertex 39.2439 19.774 1.6
      vertex 39.1225 19.756 1.6
    endloop
  endfacet
  facet normal -0.336698 0.941613 0
    outer loop
      vertex 39.4784 19.8451 1.6
      vertex 39.3629 19.8038 4.9
      vertex 39.4784 19.8451 4.9
    endloop
  endfacet
  facet normal -0.336698 0.941613 0
    outer loop
      vertex 39.3629 19.8038 4.9
      vertex 39.4784 19.8451 1.6
      vertex 39.3629 19.8038 1.6
    endloop
  endfacet
  facet normal -0.671617 0.740898 0
    outer loop
      vertex 39.8839 20.1161 1.6
      vertex 39.793 20.0337 4.9
      vertex 39.8839 20.1161 4.9
    endloop
  endfacet
  facet normal -0.671617 0.740898 0
    outer loop
      vertex 39.793 20.0337 4.9
      vertex 39.8839 20.1161 1.6
      vertex 39.793 20.0337 1.6
    endloop
  endfacet
  facet normal -0.514016 0.85778 0
    outer loop
      vertex 39.6945 19.9607 1.6
      vertex 39.5892 19.8976 4.9
      vertex 39.6945 19.9607 4.9
    endloop
  endfacet
  facet normal -0.514016 0.85778 0
    outer loop
      vertex 39.5892 19.8976 4.9
      vertex 39.6945 19.9607 1.6
      vertex 39.5892 19.8976 1.6
    endloop
  endfacet
  facet normal -0.803413 0.595423 0
    outer loop
      vertex 39.9663 20.207 1.6
      vertex 40.0393 20.3055 4.9
      vertex 40.0393 20.3055 1.6
    endloop
  endfacet
  facet normal -0.803413 0.595423 0
    outer loop
      vertex 40.0393 20.3055 4.9
      vertex 39.9663 20.207 1.6
      vertex 39.9663 20.207 4.9
    endloop
  endfacet
  facet normal -0.903688 0.428192 0
    outer loop
      vertex 40.1024 20.4108 1.6
      vertex 40.1549 20.5216 4.9
      vertex 40.1549 20.5216 1.6
    endloop
  endfacet
  facet normal -0.903688 0.428192 0
    outer loop
      vertex 40.1549 20.5216 4.9
      vertex 40.1024 20.4108 1.6
      vertex 40.1024 20.4108 4.9
    endloop
  endfacet
  facet normal -0.998803 0.0489209 0
    outer loop
      vertex 40.244 20.8775 1.6
      vertex 40.25 21 4.9
      vertex 40.25 21 1.6
    endloop
  endfacet
  facet normal -0.998803 0.0489209 0
    outer loop
      vertex 40.25 21 4.9
      vertex 40.244 20.8775 1.6
      vertex 40.244 20.8775 4.9
    endloop
  endfacet
  facet normal 0.595423 0.803413 -0
    outer loop
      vertex 38.3055 19.9607 1.6
      vertex 38.207 20.0337 4.9
      vertex 38.3055 19.9607 4.9
    endloop
  endfacet
  facet normal 0.595423 0.803413 0
    outer loop
      vertex 38.207 20.0337 4.9
      vertex 38.3055 19.9607 1.6
      vertex 38.207 20.0337 1.6
    endloop
  endfacet
  facet normal 0.428192 0.903688 -0
    outer loop
      vertex 38.5216 19.8451 1.6
      vertex 38.4108 19.8976 4.9
      vertex 38.5216 19.8451 4.9
    endloop
  endfacet
  facet normal 0.428192 0.903688 0
    outer loop
      vertex 38.4108 19.8976 4.9
      vertex 38.5216 19.8451 1.6
      vertex 38.4108 19.8976 1.6
    endloop
  endfacet
  facet normal 0.242919 0.970047 -0
    outer loop
      vertex 38.7561 19.774 1.6
      vertex 38.6371 19.8038 4.9
      vertex 38.7561 19.774 4.9
    endloop
  endfacet
  facet normal 0.242919 0.970047 0
    outer loop
      vertex 38.6371 19.8038 4.9
      vertex 38.7561 19.774 1.6
      vertex 38.6371 19.8038 1.6
    endloop
  endfacet
  facet normal 0.0489209 0.998803 -0
    outer loop
      vertex 39 19.75 1.6
      vertex 38.8775 19.756 4.9
      vertex 39 19.75 4.9
    endloop
  endfacet
  facet normal 0.0489209 0.998803 0
    outer loop
      vertex 38.8775 19.756 4.9
      vertex 39 19.75 1.6
      vertex 38.8775 19.756 1.6
    endloop
  endfacet
  facet normal 0.85778 0.514016 0
    outer loop
      vertex 37.9607 20.3055 4.9
      vertex 37.8976 20.4108 1.6
      vertex 37.8976 20.4108 4.9
    endloop
  endfacet
  facet normal 0.85778 0.514016 0
    outer loop
      vertex 37.8976 20.4108 1.6
      vertex 37.9607 20.3055 4.9
      vertex 37.9607 20.3055 1.6
    endloop
  endfacet
  facet normal 0.740898 0.671617 0
    outer loop
      vertex 38.1161 20.1161 4.9
      vertex 38.0337 20.207 1.6
      vertex 38.0337 20.207 4.9
    endloop
  endfacet
  facet normal 0.740898 0.671617 0
    outer loop
      vertex 38.0337 20.207 1.6
      vertex 38.1161 20.1161 4.9
      vertex 38.1161 20.1161 1.6
    endloop
  endfacet
  facet normal 0.989186 0.146667 0
    outer loop
      vertex 37.774 20.7561 4.9
      vertex 37.756 20.8775 1.6
      vertex 37.756 20.8775 4.9
    endloop
  endfacet
  facet normal 0.989186 0.146667 0
    outer loop
      vertex 37.756 20.8775 1.6
      vertex 37.774 20.7561 4.9
      vertex 37.774 20.7561 1.6
    endloop
  endfacet
  facet normal -0.970047 0.242919 0
    outer loop
      vertex 40.1962 20.6371 1.6
      vertex 40.226 20.7561 4.9
      vertex 40.226 20.7561 1.6
    endloop
  endfacet
  facet normal -0.970047 0.242919 0
    outer loop
      vertex 40.226 20.7561 4.9
      vertex 40.1962 20.6371 1.6
      vertex 40.1962 20.6371 4.9
    endloop
  endfacet
  facet normal -0.989186 0.146667 0
    outer loop
      vertex 40.226 20.7561 1.6
      vertex 40.244 20.8775 4.9
      vertex 40.244 20.8775 1.6
    endloop
  endfacet
  facet normal -0.989186 0.146667 0
    outer loop
      vertex 40.244 20.8775 4.9
      vertex 40.226 20.7561 1.6
      vertex 40.226 20.7561 4.9
    endloop
  endfacet
endsolid OpenSCAD_Model
